time_s,x_m,y_m,z_m,vx_m_s,vy_m_s,vz_m_s,mass_kg,fuel_kg,aoa_rad,previous_step_thrust_n,delivered_impulse_ns,previous_step_aero_x_n,previous_step_aero_y_n,previous_step_aero_z_n
0,-4.8836623633974341E-10,8.9406967163085938E-08,5.5938542686817527E-10,0,0,0,0.9230000376701355,0.1379999965429306,0,0,0,0,0,0
0.019999992102384567,5.7866600400302559E-09,-2.9802322387695313E-08,6.882146408315748E-09,0.00021698120690416545,-1.01290675047494E-06,0.00021699079661630094,0.92298609018325806,0.13798604905605316,1.5740829706192017,1.3562494516372681,0.027124977392149113,0,0,0
0.039999984204769135,7.6713149610441178E-08,0.0069366991519927979,7.7562617661897093E-08,0.00022245115542318672,0.34683948755264282,0.00022246109438128769,0.92272847890853882,0.13772846758365631,0.00091349059948697686,25.053953170776367,0.5282038352302002,-1.8191444184356698E-10,4.1496195368750932E-11,-1.8191642636722349E-10
0.0599999763071537,1.1785796232288703E-06,0.061295241117477417,1.1792681107181124E-06,0.00027431629132479429,2.7179250717163086,0.00027433043578639627,0.92151236534118652,0.13651233911514282,0,118.28944396972656,2.8939917647786326,-2.0806659506433789E-07,-0.00013321015285328031,-2.0806866984912631E-07
0.079999968409538269,3.688674041768536E-06,0.15836954116821289,3.6893270589644089E-06,0.00034502931521274149,4.8537158966064453,0.00034504971699789166,0.92040890455245972,0.13540889322757721,0,107.32746124267578,5.04054013567572,-1.5730556697235443E-06,-0.00817998219281435,-1.5730620361864567E-06
0.099999960511922836,7.9179280874086544E-06,0.29415571689605713,7.9187029768945649E-06,0.00043126614764332771,6.7893104553222656,0.00043129443656653166,0.91940110921859741,0.1344010978937149,0,98.024833679199219,7.0010359741560624,-2.4952746571216267E-06,-0.026086816564202309,-2.4952482817752752E-06
0.1199999526143074,1.4465469575952739E-05,0.47194582223892212,1.4466582797467709E-05,0.00054746412206441164,8.8895082473754883,0.00054750323761254549,0.9183165431022644,0.1333165317773819,0,105.49208831787109,9.1108768762957268,-2.5826657292782329E-06,-0.051040723919868469,-2.5829069727478782E-06
0.13999994471669197,2.3935594072099775E-05,0.694000780582428,2.3937325750011951E-05,0.00069385947426781058,11.102754592895508,0.00069391244323924184,0.9171796441078186,0.1321796178817749,0,110.58228302001953,11.32252168211344,-2.4299365577462595E-06,-0.087500773370265961,-2.429648020552122E-06
0.15999993681907654,3.6980389268137515E-05,0.96258467435836792,3.6983077734475955E-05,0.00087281025480479,13.429200172424316,0.00087288033682852983,0.91599041223526,0.13099038600921631,0,115.67247772216797,13.635970391609003,-1.1621341400314122E-06,-0.13649179041385651,-1.1615748007898219E-06
0.17999992892146111,5.4300035117194057E-05,1.2799642086029053,5.430408418760635E-05,0.0010866831289604306,15.868980407714844,0.0010867738164961338,0.91474884748458862,0.12974882125854492,0,120.76268005371094,16.051223004782415,1.3168610166758299E-06,-0.19967862963676453,1.3178287190385163E-06
0.19999992102384567,7.66431912779808E-05,1.6484081745147705,7.6649099355563521E-05,0.0013378532603383064,18.422210693359375,0.0013379682786762714,0.91345494985580444,0.12845493853092194,0,125.85287475585938,18.568279521633677,5.3219046094454825E-06,-0.27881309390068054,5.3234507504384965E-06
0.21999991312623024,0.00010472782014403492,2.0694015026092529,0.00010473613656358793,0.0016247180756181479,21.0496768951416,0.0016248609172180295,0.91212713718414307,0.12712709605693817,0,129.15289306640625,21.151336292946791,1.1189702490810305E-05,-0.37573340535163879,1.1192016245331615E-05
0.23999990522861481,0.00013921689242124557,2.54364013671875,0.00013922825746703893,0.0019444512436166406,23.711940765380859,0.0019446252845227718,0.91078376770019531,0.12578375637531281,0,130.66268920898438,23.764589082634977,1.9301780412206426E-05,-0.4905301034450531,1.9305087334942073E-05
0.25999989733099937,0.00018078944412991405,3.0718154907226563,0.00018080456356983632,0.0022977704647928476,26.408779144287109,0.0022979790810495615,0.909424901008606,0.12442488223314285,0,132.1724853515625,26.408037890697635,3.0026480089873075E-05,-0.6224217414855957,3.0031071219127625E-05
0.27999988943338394,0.00023013995087239891,3.6546144485473633,0.00023015956685412675,0.0026853515300899744,29.139955520629883,0.0026855980977416039,0.908050537109375,0.12305048853158951,0,133.68229675292969,29.081682717134761,4.3653635657392442E-05,-0.77200514078140259,4.36598202213645E-05
0.29999988153576851,0.000287977367406711,4.2927184104919434,0.00028800228028558195,0.0031078124884516,31.905220031738281,0.0031081004999578,0.90666061639785767,0.12166056782007217,0,135.19209289550781,31.785523561946359,6.0428108554333448E-05,-0.93987816572189331,6.0436141211539507E-05
0.31999987363815308,0.00035500252852216363,4.9866633415222168,0.00035503366962075233,0.00356462923809886,34.697261810302734,0.0035649619530886412,0.9052584171295166,0.12025841325521469,0,136.38319396972656,34.513186491706222,8.0529687693342566E-05,-1.126638650894165,8.0540019553154707E-05
0.33999986574053764,0.00043190218275412917,5.7368373870849609,0.0004319405707065016,0.0040549673140048981,37.508720397949219,0.0040553482249379158,0.903847336769104,0.11884728074073792,0,137.25559997558594,37.258297406773451,0.00010406183719169348,-1.3323432207107544,0.00010407483205199242
0.35999985784292221,0.00051936658564955,6.5436224937438965,0.00051941315177828074,0.0045788674615323544,40.339271545410156,0.0045793000608682632,0.90242719650268555,0.11742718517780304,0,138.12800598144531,40.020856307147781,0.00013100871001370251,-1.5568684339523315,0.00013102468801662326
0.37999984994530678,0.00061808666214346886,7.4073944091796875,0.0006181425997056067,0.005136225838214159,43.188579559326172,0.00513671338558197,0.90099811553955078,0.11599811166524887,0,139.00039672851563,42.800863192829212,0.00016118658822961152,-1.8005384206771851,0.00016120579675771296
0.39999984204769135,0.0007287506596185267,8.3285198211669922,0.000728817074559629,0.0057267677038908005,46.056301116943359,0.0057273139245808125,0.89956009387969971,0.1145600751042366,0,139.872802734375,45.59831806381775,0.00019422586774453521,-2.0636687278747559,0.00019424871425144374
0.41999983415007591,0.00085205159848555923,9.3074188232421875,0.000852129771374166,0.0063505866564810276,48.944965362548828,0.0063511943444609642,0.89811176061630249,0.11311173439025879,0,140.87419128417969,48.415800862512768,0.00022953335428610444,-2.3465678691864014,0.00022955978056415915
0.43999982625246048,0.00098868377972394228,10.344560623168945,0.00098877516575157642,0.0070076202973723412,51.857101440429688,0.0070082927122712135,0.89665180444717407,0.11165177822113037,0.00034526697709225118,142.00459289550781,51.255891615891656,0.00026623881421983242,-2.6498486995697021,0.00026626908220350742
0.45999981835484505,0.0011393269523978233,11.440406799316406,0.0011394328903406858,0.007696996908634901,54.792354583740234,0.00769773731008172,0.89518022537231445,0.11018020659685135,0,143.13499450683594,54.118590323954585,0.00030316243646666408,-2.9741888046264648,0.00030319654615595937
0.47999981045722961,0.001304639270529151,12.595413208007813,0.0013047611573711038,0.0084175430238246918,57.750362396240234,0.0084183542057871819,0.89369702339172363,0.10869700461626053,0,144.26539611816406,57.003896986701562,0.00033878465183079243,-3.3199837207794189,0.00033882266143336892
0.49999980255961418,0.0014852504245936871,13.810028076171875,0.0014853897737339139,0.009167749434709549,60.730754852294922,0.0091686351224780083,0.89220219850540161,0.1072021871805191,0.00034526697709225118,145.39578247070313,59.911811604132581,0.00037119281478226185,-3.6876225471496582,0.00037123431684449315
0.51999979466199875,0.0016817222349345684,15.084555625915527,0.0016818806761875749,0.0099441669881343842,63.726406097412109,0.0099451290443539619,0.89069885015487671,0.10569882392883301,0,146.22648620605469,62.836340309349517,0.00039804744301363826,-4.0774846076965332,0.00039809168083593249
0.53999978676438332,0.0018945374758914113,16.419157028198242,0.0018947164062410593,0.010742833837866783,66.73016357421875,0.010743875056505203,0.88919001817703247,0.10419000685214996,0,146.75749206542969,65.771488998764966,0.00041661632712930441,-4.4889907836914063,0.00041666266042739153
0.55999977886676788,0.0021241216454654932,17.813987731933594,0.00212432281114161,0.011560941115021706,69.7416000366211,0.011562062427401543,0.88767576217651367,0.10267572849988937,0,147.28849792480469,68.717257672378338,0.0004237395478412509,-4.9213714599609375,0.00042378669604659081
0.57999977096915245,0.0023708341177552938,19.269193649291992,0.0023710590321570635,0.012395288795232773,72.760292053222656,0.012396492063999176,0.88615602254867554,0.10115598887205124,0,147.81948852539063,71.673646330189626,0.00041577895171940327,-5.3747010231018066,0.00041582540143281221
0.599999763071537,0.0026349585969001055,20.784908294677734,0.002635209122672677,0.013242293149232864,75.785804748535156,0.013243580237030983,0.88463079929351807,0.099630787968635559,0,148.35049438476563,74.640654972198845,0.00038871751166880131,-5.8490452766418457,0.00038876105099916458
0.61999975517392159,0.002916679484769702,22.3612003326416,0.002916957251727581,0.014097223058342934,78.814613342285156,0.014098593965172768,0.88310158252716064,0.098101533949375153,0,148.7449951171875,77.6155536934712,0.00033823447301983833,-6.344456672668457,0.00033827289007604122
0.63999974727630615,0.0032160722184926271,23.998062133789063,0.0032163790892809629,0.014954999089241028,81.843170166015625,0.014956453815102577,0.88156962394714355,0.096569627523422241,0.00048828125,149.00299072265625,80.595612446693877,0.00025987823028117418,-6.8604345321655273,0.00025990838184952736
0.65999973937869072,0.0035331116523593664,25.69548225402832,0.0035334494896233082,0.015811044722795486,84.87103271484375,0.015812583267688751,0.88003510236740112,0.095035076141357422,0,149.26100158691406,83.580831231866412,0.00014919473323971033,-7.3963837623596191,0.00014921464025974274
0.67999973148107529,0.003867666469886899,27.453435897827148,0.0038680373691022396,0.016660585999488831,87.897758483886719,0.016662208363413811,0.8784978985786438,0.0934978649020195,0,149.51899719238281,86.571210048988817,1.8712598830461502E-06,-7.9521894454956055,1.8754508346319199E-06
0.69999972358345985,0.0042194952256977558,29.271892547607422,0.0042199003510177135,0.017498739063739777,90.922904968261719,0.017500443384051323,0.87695801258087158,0.091957993805408478,0.00034526697709225118,149.77700805664063,89.566748898061078,-0.00018597813323140144,-8.5277318954467773,-0.00018599291797727346
0.71999971568584442,0.0045882374979555607,31.150785446166992,0.0045886789448559284,0.01832028292119503,93.944633483886719,0.018322067335247993,0.87541615962982178,0.090416103601455688,0,149.97430419921875,92.56623379112834,-0.00041752343531697989,-9.1228733062744141,-0.00041756173595786095
0.739999707788229,0.0049734162166714668,33.090007781982422,0.0049738949164748192,0.019120149314403534,96.961112976074219,0.019122011959552765,0.87387281656265259,0.088872805237770081,0,150.11090087890625,95.568450676015729,-0.00069485488347709179,-9.7371740341186523,-0.00069492077454924583
0.75999969989061356,0.005374448373913765,35.089443206787109,0.0053749661892652512,0.01989389955997467,99.9719009399414,0.01989583857357502,0.87232816219329834,0.087328106164932251,0.00034526697709225118,150.24749755859375,98.573399552723046,-0.0010186647996306419,-10.370151519775391,-0.0010187627049162984
0.77999969199299812,0.0057906555011868477,37.148975372314453,0.00579121382907033,0.020637553185224533,102.9765625,0.020639564841985703,0.87078201770782471,0.0857820063829422,0,150.38410949707031,101.58108042125029,-0.0013879502657800913,-11.021574974060059,-0.001388085656799376
0.79999968409538269,0.0062212757766246796,39.268466949462891,0.0062218760140240192,0.021347757428884506,105.97465515136719,0.021349839866161346,0.86923450231552124,0.084234490990638733,0,150.52070617675781,104.59149328159747,-0.0017996672540903091,-11.691206932067871,-0.0017998451367020607
0.81999967619776726,0.006665494292974472,41.447845458984375,0.0066661383025348186,0.022022649645805359,108.96898651123047,0.022024797275662422,0.86768412590026855,0.082684129476547241,0,150.79759216308594,107.60744404113494,-0.002248444827273488,-12.378792762756348,-0.0022486683446913958
0.83999966830015182,0.0071224658749997616,43.687091827392578,0.00712315458804369,0.022661268711090088,111.96237945556641,0.022663479670882225,0.86612951755523682,0.081129491329193115,0,151.21479797363281,110.63173879120656,-0.0027265648823231459,-13.08484935760498,-0.0027268370613455772
0.85999966040253639,0.0075913243927061558,45.986179351806641,0.00759205874055624,0.023263094946742058,114.95439910888672,0.023265363648533821,0.86457055807113647,0.079570554196834564,0,151.63200378417969,113.66437753181309,-0.003223777050152421,-13.809968948364258,-0.0032240999862551689
0.879999652504921,0.0080712148919701576,48.345069885253906,0.00807199627161026,0.023828890174627304,117.94461822509766,0.023831212893128395,0.86300736665725708,0.078007325530052185,0,152.0491943359375,116.70536026295451,-0.0037271669134497643,-14.553994178771973,-0.0037275401409715414
0.89999964460730553,0.008561326190829277,50.763721466064453,0.00856215599924326,0.024360800161957741,120.93260955810547,0.02436317503452301,0.86143982410430908,0.076439812779426575,0,152.46640014648438,119.75468698463085,-0.0042215553112328053,-15.316754341125488,-0.004221978597342968
0.91999963670969009,0.0090609202161431313,53.242046356201172,0.0090617984533309937,0.0248621366918087,123.91636657714844,0.0248645581305027,0.85986876487731934,0.074868708848953247,0,152.81529235839844,122.81099174373486,-0.0046899602748453617,-16.098062515258789,-0.0046904338523745537
0.93999962881207466,0.00956936925649643,55.779922485351563,0.0095702968537807465,0.025337651371955872,126.89386749267578,0.025340117514133453,0.85829472541809082,0.0732947289943695,0,153.09590148925781,125.87290849658082,-0.0051142270676791668,-16.897304534912109,-0.0051147411577403545
0.95999962091445923,0.010086193680763245,58.377216339111328,0.010087171569466591,0.02579369954764843,129.86470031738281,0.025796208530664444,0.85671788454055786,0.07171785831451416,0,153.37649536132813,128.94043724316836,-0.0054760565981268883,-17.713800430297852,-0.00547660980373621
0.9799996130168438,0.010611093603074551,61.033782958984375,0.0106121227145195,0.026237767189741135,132.82844543457031,0.026240317150950432,0.85513812303543091,0.0701381042599678,0,153.6571044921875,132.01357798349747,-0.0057583451271057129,-18.547264099121094,-0.0057589253410696983
0.99999960511922836,0.011143974028527737,63.749473571777344,0.011145053431391716,0.026678193360567093,135.78471374511719,0.026680784299969673,0.85355550050735474,0.068555459380149841,0,153.93769836425781,135.09233071756816,-0.0059464527294039726,-19.397422790527344,-0.0059470543637871742
1.0199995972216129,0.01168493926525116,66.524040222167969,0.011686070822179317,0.027123043313622475,138.72836303710938,0.027125675231218338,0.85197204351425171,0.066972002387046814,0,154.01730346679688,138.17267558872365,-0.0060296989977359772,-20.26399040222168,-0.0060303099453449249
1.0399995893239975,0.01223430223762989,69.357124328613281,0.012235486879944801,0.02758038230240345,141.65428161621094,0.027583055198192596,0.850389838218689,0.06538979709148407,0,153.89590454101563,141.25059242282637,-0.0060025518760085106,-21.145206451416016,-0.0060031553730368614
1.0599995814263821,0.012792590074241161,72.248367309570313,0.012793827801942825,0.028058523312211037,144.56208801269531,0.028061240911483765,0.8488088846206665,0.063808828592300415,0,153.77450561523438,144.32608121987479,-0.0058663203381001949,-22.039213180541992,-0.0058669019490480423
1.0799995735287666,0.013360517099499702,75.197395324707031,0.013361810706555843,0.028564721345901489,147.451416015625,0.028567489236593246,0.84722912311553955,0.062229115515947342,0,153.65309143066406,147.39914197986889,-0.0056305862963199615,-22.945529937744141,-0.0056311320513486862
1.0999995656311512,0.013938951306045055,78.2038345336914,0.013940300792455673,0.029104636982083321,150.32191467285156,0.029107458889484406,0.84565067291259766,0.060650650411844254,0,153.53169250488281,150.46977470280865,-0.0053134467452764511,-23.863626480102539,-0.0053139524534344673
1.1199995577335358,0.0145288510248065,81.267257690429688,0.014530258253216743,0.029681438580155373,153.17118835449219,0.029684318229556084,0.84407436847686768,0.059074331074953079,0,153.32310485839844,153.53623551287671,-0.0049414732493460178,-24.793025970458984,-0.0049419356510043144
1.1399995498359203,0.015131204389035702,84.387191772460938,0.015132669359445572,0.030295748263597488,155.99681091308594,0.030298687517642975,0.84250110387802124,0.05750105157494545,0,153.02729797363281,156.59678037443851,-0.0045487303286790848,-25.732534408569336,-0.0045491447672247887
1.1599995419383049,0.015746962279081345,87.563163757324219,0.015748487785458565,0.030945803970098495,158.79849243164063,0.030948810279369354,0.84093081951141357,0.055930808186531067,0,152.73150634765625,159.65140928749312,-0.004175226204097271,-26.680898666381836,-0.0041755964048206806
1.1799995340406895,0.01637696847319603,90.794677734375,0.016378553584218025,0.03162701427936554,161.575927734375,0.031630087643861771,0.83936363458633423,0.054363612085580826,0.00048828125,152.43571472167969,162.70012225204056,-0.0038644038140773773,-27.637548446655273,-0.0038647393230348825
1.199999526143074,0.01702188141644001,94.081253051757813,0.017023529857397079,0.032332092523574829,164.32882690429688,0.032335236668586731,0.83779948949813843,0.052799452096223831,0,152.13990783691406,165.74291926808081,-0.0036596027202904224,-28.601905822753906,-0.0036599107552319765
1.2199995182454586,0.017682123929262161,97.422439575195313,0.017683835700154305,0.0330519899725914,167.05938720703125,0.033055208623409271,0.83623731136322021,0.051237285137176514,0.00048828125,151.94650268554688,168.78184819924758,-0.0036000318359583616,-29.573398590087891,-0.0036003263667225838
1.2399995103478432,0.018357833847403526,100.81783294677734,0.018359612673521042,0.033775985240936279,169.769775390625,0.03377927839756012,0.83467608690261841,0.04967605322599411,0.00048828125,151.85549926757813,171.81895712279041,-0.0037166101392358541,-30.552360534667969,-0.0037169235292822123
1.2599995024502277,0.019048826768994331,104.26702880859375,0.019050672650337219,0.034491933882236481,172.45973205566406,0.034495297819375992,0.83311575651168823,0.04811575636267662,0,151.76451110839844,174.8542460387107,-0.0040277363732457161,-31.539169311523438,-0.0040280995890498161
1.2799994945526123,0.019754592329263687,107.76960754394531,0.019756507128477097,0.035187799483537674,175.12899780273438,0.035191230475902557,0.83155643939971924,0.046556394547224045,0,151.67350769042969,177.88771494700845,-0.004535662941634655,-32.533344268798828,-0.0045360708609223366
1.2999994866549969,0.020474322140216827,111.32514953613281,0.020476305857300758,0.035852726548910141,177.77732849121094,0.0358562245965004,0.82999801635742188,0.044997964054346085,0,151.58250427246094,180.91936384768366,-0.005224218126386404,-33.534393310546875,-0.0052247010171413422
1.3199994787573814,0.021206922829151154,114.93302917480469,0.021208977326750755,0.036475915461778641,180.39404296875,0.03647947683930397,0.8284449577331543,0.04344492405653,0,151.05902099609375,183.94054315961012,-0.0060581634752452374,-34.541835784912109,-0.0060587478801608086
1.339999470859766,0.021951107308268547,118.59239959716797,0.021953234449028969,0.037049975246191025,182.96847534179688,0.037053592503070831,0.82690173387527466,0.041901707649230957,0,150.10302734375,186.94260249608288,-0.0069837006740272045,-35.551071166992188,-0.0069843931123614311
1.3599994629621506,0.022705545648932457,122.30240631103516,0.0227077454328537,0.037573724985122681,185.50050354003906,0.037577394396066666,0.825368344783783,0.040368322283029556,0,149.14703369140625,189.92554185709724,-0.00793269369751215,-36.557281494140625,-0.0079334890469908714
1.3799994550645351,0.023468978703022003,126.06220245361328,0.023471252992749214,0.038050226867198944,187.99003601074219,0.038053940981626511,0.8238447904586792,0.0388447605073452,0,148.19102478027344,192.88936124265322,-0.0088296597823500633,-37.559688568115234,-0.008830539882183075
1.3999994471669197,0.024240344762802124,129.87094116210938,0.024242693558335304,0.038486640900373459,190.43699645996094,0.038490395992994308,0.82233107089996338,0.037331029772758484,0,147.23503112792969,195.83406065275079,-0.0095987934619188309,-38.557540893554688,-0.0095997471362352371
1.4199994392693043,0.025018908083438873,133.72796630859375,0.025021331384778023,0.038895405828952789,192.85104370117188,0.038899201899766922,0.820823073387146,0.0358230322599411,0,146.67741394042969,198.76760764476433,-0.010173001326620579,-39.55010986328125,-0.010173971764743328
1.4399994313716888,0.025804335251450539,137.63279724121094,0.025806834921240807,0.039291355758905411,195.2418212890625,0.039295196533203125,0.81931668519973755,0.034316673874855042,0,146.51820373535156,201.69797061904993,-0.010503830388188362,-40.540767669677734,-0.010504768230021
1.4599994234740734,0.026596697047352791,141.58497619628906,0.026599271222949028,0.039688661694526672,197.60919189453125,0.039692550897598267,0.81781196594238281,0.032811950892210007,0,146.3590087890625,204.62514957561316,-0.010568281635642052,-41.5330810546875,-0.010569162666797638
1.479999415576458,0.027396451681852341,145.58403015136719,0.027399107813835144,0.040101036429405212,199.95303344726563,0.040104974061250687,0.81630891561508179,0.031308863312006,0,146.19979858398438,207.54914451445407,-0.010373343713581562,-42.526615142822266,-0.010374199599027634
1.4999994076788425,0.028204407542943954,149.62948608398438,0.028207145631313324,0.040540054440498352,202.27325439453125,0.040544040501117706,0.81480741500854492,0.02980741485953331,0,146.04060363769531,210.46995543557261,-0.00995875708758831,-43.52093505859375,-0.00995962880551815
1.5199993997812271,0.029021566733717918,153.72068786621094,0.029024384915828705,0.041011787950992584,204.56039428710938,0.04101581871509552,0.81331151723861694,0.028311502188444138,0,145.50202941894531,213.37999481403818,-0.0093949725851416588,-44.515621185302734,-0.0093958834186196327
1.5399993918836117,0.029848987236618996,157.85678100585938,0.02985188364982605,0.041517313569784164,206.80506896972656,0.041521389037370682,0.81182503700256348,0.026825027540326118,0,144.58403015136719,216.27167422603623,-0.0087754633277654648,-45.506095886230469,-0.0087764319032430649
1.5599993839859962,0.030687661841511726,162.03692626953125,0.030690640211105347,0.042054101824760437,209.00730895996094,0.042058218270540237,0.8103480339050293,0.025347989052534103,0.00034526697709225118,143.66603088378906,219.14499367156006,-0.008206724189221859,-46.487644195556641,-0.0082077290862798691
1.5799993760883808,0.031538363546133041,166.26026916503906,0.031541425734758377,0.042614389210939407,211.16716003417969,0.042618546634912491,0.80888044834136963,0.02388039231300354,0.00034526697709225118,142.74803161621094,221.99995315060971,-0.0077948281541466713,-47.459648132324219,-0.00779588520526886
1.5999993681907654,0.032401520758867264,170.52595520019531,0.032404668629169464,0.043186098337173462,213.28469848632813,0.04319029301404953,0.80742228031158447,0.022422229871153831,0.00034526697709225118,141.83003234863281,224.83655266318516,-0.0076290704309940338,-48.421539306640625,-0.0076301554217934608
1.61999936029315,0.03327714279294014,174.83326721191406,0.033280372619628906,0.04375573992729187,215.36604309082031,0.043759968131780624,0.80597102642059326,0.020971011370420456,0,141.15481567382813,227.65964787346448,-0.007767396979033947,-49.372745513916016,-0.0077685602009296417
1.6399993523955345,0.034164801239967346,179.18161010742188,0.034168120473623276,0.044309120625257492,217.41729736328125,0.044313382357358932,0.80452424287796021,0.019524239003658295,0.00034526697709225118,140.722412109375,230.47409508237638,-0.0082261525094509125,-50.3155517578125,-0.0082273576408624649
1.6599993444979191,0.035063646733760834,183.57037353515625,0.035067047923803329,0.0448322519659996,219.43849182128906,0.044836550951004028,0.8030819296836853,0.0180819109082222,0,140.29000854492188,233.27989428992609,-0.0089740371331572533,-51.252349853515625,-0.0089752338826656342
1.6799993366003036,0.035972509533166885,187.99896240234375,0.035975996404886246,0.04531479999423027,221.42967224121094,0.04531913623213768,0.80164402723312378,0.016644028946757317,0,139.85762023925781,236.07704549611358,-0.0099335033446550369,-52.1827507019043,-0.00993465818464756
1.6999993287026882,0.036890063434839249,192.46678161621094,0.036893639713525772,0.045751757919788361,223.390869140625,0.045756135135889053,0.80021059513092041,0.015210592187941074,0,139.42521667480469,238.86554870093889,-0.010990672744810581,-53.10638427734375,-0.010991747491061687
1.7199993208050728,0.037814974784851074,196.97305297851563,0.037818640470504761,0.046142622828483582,225.31350708007813,0.046147041022777557,0.79878515005111694,0.013785149902105331,0,138.64764404296875,241.63850040279215,-0.01201163325458765,-54.022872924804688,-0.012012716382741928
1.7399993129074574,0.038746099919080734,201.51683044433594,0.038749855011701584,0.046493168920278549,227.18904113769531,0.046497631818056107,0.7973712682723999,0.012371251359581947,0,137.52484130859375,244.38899610732113,-0.01286239642649889,-54.927650451660156,-0.0128633389249444
1.7599993050098419,0.039682678878307343,206.09718322753906,0.039686523377895355,0.046815965324640274,229.01768493652344,0.046820472925901413,0.79596894979476929,0.010968895629048347,0,136.40203857421875,247.11703581451695,-0.01343192532658577,-55.816059112548828,-0.013432841747999191
1.7799992971122265,0.040624428540468216,210.71318054199219,0.040628362447023392,0.047126550227403641,230.7996826171875,0.04713110625743866,0.79457813501358032,0.0095780836418271065,0,135.27923583984375,249.8226195243796,-0.013654066249728203,-56.687648773193359,-0.01365494541823864
1.7999992892146111,0.041571557521820068,215.36387634277344,0.041575584560632706,0.04744083434343338,232.53526306152344,0.047445435076951981,0.793198823928833,0.0081988153979182243,0,134.15643310546875,252.50574723690909,-0.013520051725208759,-57.541999816894531,-0.013521023094654083
1.8199992813169956,0.042524136602878571,220.04547119140625,0.042528256773948669,0.047743875533342361,234.08009338378906,0.047748513519763947,0.79188990592956543,0.00688989507034421,0,127.31397247314453,255.05202566795649,-0.013082776218652725,-58.378715515136719,-0.013083823956549168
1.8399992734193802,0.043481919914484024,224.75128173828125,0.043486129492521286,0.048014208674430847,235.2908935546875,0.04801887646317482,0.79071015119552612,0.0057101338170468807,0,114.75108337402344,257.34704636186257,-0.012435573153197765,-59.124393463134766,-0.012436672113835812
1.8599992655217648,0.04444468766450882,229.47470092773438,0.044448994100093842,0.048251796513795853,236.17068481445313,0.048256494104862213,0.78965955972671509,0.0046595325693488121,0,102.18818664550781,259.39080931850157,-0.011711328290402889,-59.704563140869141,-0.011712327599525452
1.8799992576241493,0.04541204497218132,234.20915222167969,0.0454164482653141,0.048450302332639694,236.72268676757813,0.048455026000738144,0.78873813152313232,0.00373809109441936,0.00034526697709225118,89.625297546386719,261.18331453787346,-0.011067787185311317,-60.11846923828125,-0.011068683117628098
1.8999992497265339,0.046383257955312729,238.94815063476563,0.046387758105993271,0.048598930239677429,236.95027160644531,0.04860367625951767,0.78794580698013306,0.0029458091594278812,0.00034526697709225118,77.0624008178711,262.72456201997824,-0.01063990592956543,-60.3661994934082,-0.010640708729624748
1.9199992418289185,0.047357294708490372,243.68582153320313,0.047361887991428375,0.0486907921731472,236.8836669921875,0.048695553094148636,0.78727191686630249,0.0022718857508152723,0,65.550094604492188,264.03556341181223,-0.010512546636164188,-60.448612213134766,-0.010513409040868282
1.939999233931303,0.048332802951335907,248.41688537597656,0.048337489366531372,0.0487198606133461,236.55291748046875,0.048724628984928131,0.78670555353164673,0.0017055182252079248,0.00034526697709225118,55.088520050048828,265.13733341321642,-0.010706701315939426,-60.3809700012207,-0.010707623325288296
1.9599992260336876,0.049308106303215027,253.1361083984375,0.049312885850667953,0.048677332699298859,235.96112060546875,0.048682093620300293,0.78624671697616577,0.0012467066990211606,0,44.626949310302734,266.02987202421849,-0.011175140738487244,-60.178970336914063,-0.011176249012351036
1.9799992181360722,0.050281323492527008,257.83834838867188,0.050286199897527695,0.048558894544839859,235.11140441894531,0.0485636405646801,0.78589546680450439,0.00089545105583965778,0,34.165374755859375,266.71317924481849,-0.0118128452450037,-59.845005035400391,-0.011814099736511707
1.9999992102384567,0.051250558346509933,262.51849365234375,0.051255535334348679,0.048365168273448944,234.0069580078125,0.048369891941547394,0.7856518030166626,0.00065175123745575547,0,23.703800201416016,267.18725507501637,-0.012482777237892151,-59.381912231445313,-0.012484125792980194
2.0199992023408413,0.052214443683624268,267.1734619140625,0.052219517529010773,0.048120804131031036,232.74876403808594,0.0481254979968071,0.78547614812850952,0.00047610557521693408,0,17.084417343139648,267.52894327476429,-0.013044911436736584,-58.792938232421875,-0.013046417385339737
2.0399991944432259,0.053172234445810318,271.80218505859375,0.053177401423454285,0.047852177172899246,231.4365234375,0.047856841236352921,0.78532904386520386,0.0003290061722509563,0,14.307828903198242,267.81509974226753,-0.013394581153988838,-58.130565643310547,-0.013396014459431171
2.0599991865456104,0.054123491048812866,276.40359497070313,0.054128747433423996,0.047567069530487061,230.07084655761719,0.047571703791618347,0.78521049022674561,0.00021045295579824597,0,11.531241416931152,268.04572447764593,-0.013470873236656189,-57.445640563964844,-0.0134721789509058
2.079999178647995,0.055068071931600571,280.97665405273438,0.055073417723178864,0.047273494303226471,228.65229797363281,0.047278102487325668,0.78512048721313477,0.00012044599134242162,0,8.7546539306640625,268.22081748089948,-0.01325511746108532,-56.738956451416016,-0.013256242498755455
2.0999991707503796,0.056006114929914474,285.52029418945313,0.05601155012845993,0.046978287398815155,227.18145751953125,0.046982873231172562,0.78505903482437134,5.8985231589758769E-05,0,5.9780659675598145,268.34037875202819,-0.012779779732227325,-56.011302947998047,-0.012780707329511642
2.1199991628527641,0.056937992572784424,290.03372192382813,0.056943517178297043,0.046688474714756012,225.67085266113281,0.046693038195371628,0.78502124547958374,2.1235216991044581E-05,0,3.6718072891235352,268.41381487053047,-0.012118540704250336,-55.263469696044922,-0.012119392864406109
2.1399991549551487,0.05786421149969101,294.51638793945313,0.057869825512170792,0.046408403664827347,224.13284301757813,0.04641294851899147,0.78500241041183472,2.3597656308993464E-06,0,1.8359470367431641,268.45053379663284,-0.011371145956218243,-54.502033233642578,-0.01137191615998745
2.1599991470575333,0.058785282075405121,298.96786499023438,0.058790985494852066,0.046138469129800797,222.573486328125,0.046142999082803726,0.7850000262260437,0,0.00034526697709225118,0.22952589392662048,268.4551243125797,-0.010643031448125839,-53.733325958251953,-0.01064373180270195
2.1799991391599178,0.059701733291149139,303.388427734375,0.059707529842853546,0.045883007347583771,221.02796936035156,0.045887518674135208,0.7850000262260437,0,0.00034526697709225118,0,268.4551243125797,-0.010026879608631134,-52.960506439208984,-0.010027641430497169
2.1999991312623024,0.060613948851823807,307.77847290039063,0.060619834810495377,0.045638617128133774,219.50181579589844,0.045643102377653122,0.7850000262260437,0,0.00034526697709225118,0,268.4551243125797,-0.0095923831686377525,-52.200412750244141,-0.0095933014526963234
2.219999123364687,0.061522085219621658,312.13836669921875,0.06152806431055069,0.045399822294712067,217.99464416503906,0.045404277741909027,0.7850000262260437,0,0,0,268.4551243125797,-0.0093727037310600281,-51.455448150634766,-0.009373844601213932
2.2399991154670715,0.062426082789897919,316.46847534179688,0.062432155013084412,0.045161224901676178,216.50608825683594,0.045165646821260452,0.7850000262260437,0,0.00034526697709225118,0,268.4551243125797,-0.0093649020418524742,-50.7252311706543,-0.00936620682477951
2.2599991075694561,0.063325703144073486,320.76919555664063,0.063331857323646545,0.04491831362247467,215.0357666015625,0.04492269828915596,0.7850000262260437,0,0.00034526697709225118,0,268.4551243125797,-0.0095342742279171944,-50.009368896484375,-0.0095356767997145653
2.2799990996718407,0.064220570027828217,325.04086303710938,0.064226806163787842,0.0446680523455143,213.58332824707031,0.0446724034845829,0.7850000262260437,0,0,0,268.4551243125797,-0.0098226964473724365,-49.307479858398438,-0.009824119508266449
2.2999990917742252,0.065110266208648682,329.28384399414063,0.06511659175157547,0.044409219175577164,212.14842224121094,0.044413533061742783,0.7850000262260437,0,0,0,268.4551243125797,-0.010159271769225597,-48.619205474853516,-0.010160735808312893
2.31999908387661,0.065994396805763245,333.49844360351563,0.0660008117556572,0.044142410159111023,210.730712890625,0.044146686792373657,0.7850000262260437,0,0,0,268.4551243125797,-0.010472266934812069,-47.944190979003906,-0.010473772883415222
2.3399990759789944,0.066872663795948029,337.68502807617188,0.066879160702228546,0.043869819492101669,209.32987976074219,0.043874055147171021,0.7850000262260437,0,0,0,268.4551243125797,-0.010699138045310974,-47.2820930480957,-0.010700847953557968
2.3599990680813789,0.067744888365268707,341.84393310546875,0.067751467227935791,0.043594781309366226,207.94558715820313,0.043598972260951996,0.7850000262260437,0,0,0,268.4551243125797,-0.010795200243592262,-46.632598876953125,-0.010797061026096344
2.3799990601837635,0.068611070513725281,345.97549438476563,0.068617738783359528,0.043321207165718079,206.57752990722656,0.043325349688529968,0.7850000262260437,0,0,0,268.4551243125797,-0.010737796314060688,-45.995365142822266,-0.010739761404693127
2.3999990522861481,0.0694713443517685,350.07998657226563,0.0694780945777893,0.043052982538938522,205.22540283203125,0.043057072907686234,0.7850000262260437,0,0,0,268.4551243125797,-0.010527859441936016,-45.370094299316406,-0.010529856197535992
2.4199990443885326,0.070326007902622223,354.15777587890625,0.0703328400850296,0.042793437838554382,203.888916015625,0.042797479778528214,0.7850000262260437,0,0,0,268.4551243125797,-0.010187206789851189,-44.756488800048828,-0.010189021937549114
2.4399990364909172,0.071175448596477509,358.20913696289063,0.071182355284690857,0.042544927448034286,202.56776428222656,0.042548932135105133,0.7850000262260437,0,0,0,268.4551243125797,-0.0097540160641074181,-44.154270172119141,-0.00975547730922699
2.4599990285933018,0.072020083665847778,362.234375,0.0720270648598671,0.042308591306209564,201.26167297363281,0.042312569916248322,0.7850000262260437,0,0.00034526697709225118,0,268.4551243125797,-0.0092761991545557976,-43.563133239746094,-0.00927718449383974
2.4799990206956863,0.072860352694988251,366.23379516601563,0.072867415845394135,0.042084284126758575,199.97036743164063,0.042088251560926437,0.7850000262260437,0,0.00034526697709225118,0,268.4551243125797,-0.0088041322305798531,-42.982826232910156,-0.0088045671582221985
2.4999990127980709,0.073696635663509369,370.20767211914063,0.073703773319721222,0.041870683431625366,198.69357299804688,0.041874650865793228,0.7850000262260437,0,0.00034526697709225118,0,268.4551243125797,-0.0083838338032364845,-42.4130744934082,-0.0083838477730751038
2.5199990049004555,0.074529208242893219,374.15628051757813,0.074536427855491638,0.041665546596050262,197.43104553222656,0.041669521480798721,0.7850000262260437,0,0,0,268.4551243125797,-0.00805155374109745,-41.853622436523438,-0.0080512911081314087
2.53999899700284,0.075358264148235321,378.07992553710938,0.075365558266639709,0.041466057300567627,196.18251037597656,0.041470043361186981,0.7850000262260437,0,0.00034526697709225118,0,268.4551243125797,-0.0078299203887581825,-41.304229736328125,-0.0078295469284057617
2.5599989891052246,0.076183848083019257,381.9788818359375,0.076191224157810211,0.0412692055106163,194.94772338867188,0.041273202747106552,0.7850000262260437,0,0,0,268.4551243125797,-0.0077263796702027321,-40.764656066894531,-0.0077260485850274563
2.5799989812076092,0.077005907893180847,385.85342407226563,0.077013365924358368,0.041072171181440353,193.7264404296875,0.0410761721432209,0.7850000262260437,0,0.00034526697709225118,0,268.4551243125797,-0.0077335317619144917,-40.234661102294922,-0.0077333892695605755
2.5999989733099937,0.077824287116527557,389.70379638671875,0.077831819653511047,0.040872644633054733,192.51841735839844,0.040876641869544983,0.7850000262260437,0,0,0,268.4551243125797,-0.0078313630074262619,-39.714019775390625,-0.0078315222635865211
2.6199989654123783,0.078638762235641479,393.5302734375,0.078646384179592133,0.040669068694114685,191.32342529296875,0.040673051029443741,0.7850000262260437,0,0.00034526697709225118,0,268.4551243125797,-0.0079904245212674141,-39.202507019042969,-0.0079909656196832657
2.6399989575147629,0.0794491097331047,397.33309936523438,0.079456813633441925,0.040460746735334396,190.1412353515625,0.040464702993631363,0.7850000262260437,0,0,0,268.4551243125797,-0.0081765744835138321,-38.699920654296875,-0.0081776473671197891
2.6599989496171474,0.080255083739757538,401.11251831054688,0.080262862145900726,0.040247872471809387,188.97163391113281,0.040251791477203369,0.7850000262260437,0,0,0,268.4551243125797,-0.0083552869036793709,-38.206047058105469,-0.0083567565307021141
2.679998941719532,0.081056490540504456,404.86880493164063,0.081064343452453613,0.040031429380178452,187.81439208984375,0.040035303682088852,0.7850000262260437,0,0,0,268.4551243125797,-0.0084954425692558289,-37.720687866210938,-0.008497157134115696
2.6999989338219166,0.081853188574314117,408.60220336914063,0.081861115992069244,0.03981301560997963,186.6693115234375,0.03981684148311615,0.7850000262260437,0,0,0,268.4551243125797,-0.0085727069526910782,-37.243648529052734,-0.0085746198892593384
2.7199989259243011,0.082645133137702942,412.31292724609375,0.082653142511844635,0.0395946279168129,185.53617858886719,0.039598401635885239,0.7850000262260437,0,0,0,268.4551243125797,-0.00857172068208456,-36.774734497070313,-0.0085737593472003937
2.7399989180266857,0.083432376384735107,416.001220703125,0.083440452814102173,0.039378393441438675,184.414794921875,0.039382118731737137,0.7850000262260437,0,0,0,268.4551243125797,-0.0084872022271156311,-36.313770294189453,-0.0084891729056835175
2.7599989101290703,0.084215015172958374,419.66732788085938,0.084223166108131409,0.039166327565908432,183.30494689941406,0.039170011878013611,0.7850000262260437,0,0,0,268.4551243125797,-0.0083235464990139,-35.860569000244141,-0.0083252023905515671
2.7799989022314548,0.084993258118629456,423.31146240234375,0.085001476109027863,0.038960125297307968,182.20645141601563,0.038963776081800461,0.7850000262260437,0,0,0,268.4551243125797,-0.008093440905213356,-35.414962768554688,-0.0080947689712047577
2.7999988943338394,0.08576732873916626,426.933837890625,0.085775628685951233,0.038760989904403687,181.11912536621094,0.03876461461186409,0.7850000262260437,0,0.00034526697709225118,0,268.4551243125797,-0.007816048339009285,-34.976772308349609,-0.0078170429915189743
2.819998886436224,0.086537502706050873,430.53469848632813,0.086545877158641815,0.03856954351067543,180.04277038574219,0.038573149591684341,0.7850000262260437,0,0.00034526697709225118,0,268.4551243125797,-0.0075142784044146538,-34.54583740234375,-0.0075150532647967339
2.8399988785386086,0.087304055690765381,434.11422729492188,0.0873124971985817,0.0383857898414135,178.97721862792969,0.038389384746551514,0.7850000262260437,0,0.00034526697709225118,0,268.4551243125797,-0.0072123096324503422,-34.122001647949219,-0.0072128027677536011
2.8599988706409931,0.088067226111888885,437.67266845703125,0.088075749576091766,0.038209162652492523,177.92228698730469,0.038212750107049942,0.7850000262260437,0,0.00034526697709225118,0,268.4551243125797,-0.0069326832890510559,-33.705108642578125,-0.0069328765384852886
2.8799988627433777,0.0888272300362587,441.21023559570313,0.088835820555686951,0.038038607686758041,176.8778076171875,0.03804219514131546,0.7850000262260437,0,0.00034526697709225118,0,268.4551243125797,-0.0066942768171429634,-33.295009613037109,-0.006694247480481863
2.8999988548457623,0.089584209024906158,444.72711181640625,0.089592866599559784,0.037872731685638428,175.84361267089844,0.037876322865486145,0.7850000262260437,0,0,0,268.4551243125797,-0.006510700099170208,-32.891548156738281,-0.0065104546956717968
2.9199988469481468,0.090338245034217834,448.2235107421875,0.090346969664096832,0.037709947675466537,174.81951904296875,0.03771355003118515,0.7850000262260437,0,0.00034526697709225118,0,268.4551243125797,-0.0063892332836985588,-32.494598388671875,-0.0063888872973620892
2.9399988390505314,0.09108937531709671,451.69961547851563,0.091098174452781677,0.037548653781414032,173.80538940429688,0.03755226731300354,0.7850000262260437,0,0.00034526697709225118,0,268.4551243125797,-0.0063307192176580429,-32.10400390625,-0.0063302973285317421
2.959998831152916,0.0918375551700592,455.1556396484375,0.09184642881155014,0.037387382239103317,172.80104064941406,0.037391003221273422,0.7850000262260437,0,0.00034526697709225118,0,268.4551243125797,-0.0063299755565822124,-31.719638824462891,-0.0063295839354395866
2.9799988232553005,0.09258270263671875,458.59176635742188,0.092591650784015656,0.037224918603897095,171.80633544921875,0.0372285470366478,0.7850000262260437,0,0.00034526697709225118,0,268.4551243125797,-0.0063766972161829472,-31.341361999511719,-0.0063764341175556183
2.9999988153576851,0.0933246836066246,462.0081787109375,0.093333706259727478,0.037060409784317017,170.82112121582031,0.037064041942358017,0.7850000262260437,0,0,0,268.4551243125797,-0.006456911563873291,-30.969057083129883,-0.0064568575471639633
3.0199988074600697,0.094063378870487213,465.40509033203125,0.094072476029396057,0.036893416196107864,169.84524536132813,0.036897044628858566,0.7850000262260437,0,0.00048828125,0,268.4551243125797,-0.0065544969402253628,-30.602590560913086,-0.0065547195263206959
3.0399987995624542,0.094798639416694641,468.78265380859375,0.094807811081409454,0.036723911762237549,168.87855529785156,0.036727529019117355,0.7850000262260437,0,0,0,268.4551243125797,-0.0066530117765069008,-30.241844177246094,-0.0066535361111164093
3.0599987916648388,0.09553033858537674,472.14108276367188,0.095539592206478119,0.036552269011735916,167.92091369628906,0.036555863916873932,0.7850000262260437,0,0,0,268.4551243125797,-0.0067370138131082058,-29.886699676513672,-0.0067378622479736805
3.0799987837672234,0.096258394420146942,475.48052978515625,0.0962677150964737,0.036379188299179077,166.97218322753906,0.036382749676704407,0.7850000262260437,0,0.00048828125,0,268.4551243125797,-0.0067934528924524784,-29.537036895751953,-0.006794679444283247
3.0999987758696079,0.096982739865779877,478.80117797851563,0.096992127597332,0.036205615848302841,166.0322265625,0.036209136247634888,0.7850000262260437,0,0.00048828125,0,268.4551243125797,-0.00681277085095644,-29.1927490234375,-0.0068143252283334732
3.1199987679719925,0.097703352570533752,482.10317993164063,0.097712822258472443,0.036032639443874359,165.10090637207031,0.036036115139722824,0.7850000262260437,0,0.00048828125,0,268.4551243125797,-0.006789390929043293,-28.853721618652344,-0.0067911520600318909
3.1399987600743771,0.098420284688472748,485.38674926757813,0.09842982143163681,0.035861380398273468,164.17808532714844,0.035864807665348053,0.7850000262260437,0,0,0,268.4551243125797,-0.0067218560725450516,-28.519851684570313,-0.0067237704060971737
3.1599987521767616,0.099133610725402832,488.65200805664063,0.09914320707321167,0.035692900419235229,163.26364135742188,0.035696279257535934,0.7850000262260437,0,0.00048828125,0,268.4551243125797,-0.0066128009930253029,-28.191028594970703,-0.0066147288307547569
3.1799987442791462,0.099843434989452362,491.899169921875,0.099853098392486572,0.03552810475230217,162.35745239257813,0.035531435161828995,0.7850000262260437,0,0.00048828125,0,268.4551243125797,-0.0064682802185416222,-27.867158889770508,-0.0064700962975621223
3.1999987363815308,0.10054990649223328,495.12835693359375,0.10055963695049286,0.035367675125598907,161.45939636230469,0.035370960831642151,0.7850000262260437,0,0,0,268.4551243125797,-0.0062969094142317772,-27.548139572143555,-0.00629856251180172
3.2199987284839153,0.10125318914651871,498.33975219726563,0.10126297920942307,0.035212025046348572,160.5693359375,0.035215273499488831,0.7850000262260437,0,0,0,268.4551243125797,-0.006109223235398531,-27.23387336730957,-0.0061106719076633453
3.2399987205863,0.10195345431566238,501.53350830078125,0.10196331143379211,0.035061288625001907,159.68716430664063,0.03506450355052948,0.7850000262260437,0,0,0,268.4551243125797,-0.0059164436534047127,-26.92426872253418,-0.005917662288993597
3.2599987126886845,0.10265085101127625,504.70977783203125,0.10266077518463135,0.034915309399366379,158.81277465820313,0.034918501973152161,0.7850000262260437,0,0.00048828125,0,268.4551243125797,-0.0057296394370496273,-26.619235992431641,-0.0057305563241243362
3.279998704791069,0.10334553569555283,507.86868286132813,0.10335551202297211,0.034773688763380051,157.94602966308594,0.034776866436004639,0.7850000262260437,0,0.00048828125,0,268.4551243125797,-0.0055586774833500385,-26.318683624267578,-0.0055592525750398636
3.2999986968934536,0.10403762757778168,511.01040649414063,0.10404766350984573,0.034635812044143677,157.08683776855469,0.034638985991477966,0.7850000262260437,0,0.00048828125,0,268.4551243125797,-0.0054116658866405487,-26.022516250610352,-0.00541188009083271
3.3199986889958382,0.10472722351551056,514.1351318359375,0.10473731905221939,0.034500923007726669,156.23507690429688,0.034504100680351257,0.7850000262260437,0,0.00048828125,0,268.4551243125797,-0.0052943937480449677,-25.730661392211914,-0.0052943057380616665
3.3399986810982227,0.10541437566280365,517.242919921875,0.10542453080415726,0.034368183463811874,155.39064025878906,0.034371368587017059,0.7850000262260437,0,0.00048828125,0,268.4551243125797,-0.0052100131288170815,-25.443029403686523,-0.005209687165915966
3.3599986732006073,0.10609911382198334,520.333984375,0.10610932856798172,0.034236744046211243,154.55343627929688,0.034239944070577621,0.7850000262260437,0,0.00048828125,0,268.4551243125797,-0.0051590269431471825,-25.159538269042969,-0.0051584835164248943
3.3799986653029919,0.10678142309188843,523.408447265625,0.10679171234369278,0.034105803817510605,153.72334289550781,0.034109022468328476,0.7850000262260437,0,0.00048828125,0,268.4551243125797,-0.0051394002512097359,-24.880111694335938,-0.0051387292332947254
3.3999986574053764,0.10746128112077713,526.4664306640625,0.10747162997722626,0.033974673599004745,152.9002685546875,0.03397790715098381,0.7850000262260437,0,0,0,268.4551243125797,-0.0051469318568706512,-24.604667663574219,-0.0051462189294397831
3.419998649507761,0.10813862085342407,529.50811767578125,0.10814904421567917,0.033842809498310089,152.08412170410156,0.033846061676740646,0.7850000262260437,0,0,0,268.4551243125797,-0.0051757264882326126,-24.333139419555664,-0.0051750093698501587
3.4399986416101456,0.10881337523460388,532.53363037109375,0.10882385820150375,0.033709850162267685,151.27479553222656,0.033713117241859436,0.7850000262260437,0,0.00048828125,0,268.4551243125797,-0.0052187028340995312,-24.065448760986328,-0.0052180690690875053
3.45999863371253,0.10948546230792999,535.5430908203125,0.10949601978063583,0.0335756279528141,150.47218322753906,0.033578906208276749,0.7850000262260437,0,0.00048828125,0,268.4551243125797,-0.0052682198584079742,-23.80152702331543,-0.0052677355706691742
3.4799986258149147,0.11015480756759644,538.53662109375,0.11016543209552765,0.03344016894698143,149.67620849609375,0.033443454653024673,0.7850000262260437,0,0,0,268.4551243125797,-0.0053167007863521576,-23.541297912597656,-0.0053164688870310783
3.4999986179172993,0.11082135140895844,541.51434326171875,0.11083204299211502,0.033303681761026382,148.88676452636719,0.033306963741779327,0.7850000262260437,0,0.00048828125,0,268.4551243125797,-0.0053571555763483047,-23.284692764282227,-0.0053572142496705055
3.5199986100196838,0.11148502677679062,544.4764404296875,0.11149577796459198,0.033166520297527313,148.10377502441406,0.033169791102409363,0.7850000262260437,0,0.00048828125,0,268.4551243125797,-0.0053836354054510593,-23.031648635864258,-0.0053840018808841705
3.5399986021220684,0.11214579641819,547.4229736328125,0.11215662211179733,0.033029157668352127,147.32713317871094,0.033032409846782684,0.7850000262260437,0,0.00048828125,0,268.4551243125797,-0.005391513928771019,-22.7820987701416,-0.0053921989165246487
3.559998594224453,0.11280365288257599,550.3541259765625,0.11281455308198929,0.0328921414911747,146.5567626953125,0.032895371317863464,0.7850000262260437,0,0,0,268.4551243125797,-0.0053778374567627907,-22.535978317260742,-0.005378826055675745
3.5799985863268375,0.11345861852169037,553.26995849609375,0.11346957087516785,0.032756056636571884,145.79258728027344,0.032759252935647964,0.7850000262260437,0,0,0,268.4551243125797,-0.0053413184359669685,-22.29322624206543,-0.0053425845690071583
3.5999985784292221,0.11411071568727493,556.170654296875,0.11412173509597778,0.032621473073959351,145.03451538085938,0.032624632120132446,0.7850000262260437,0,0.00048828125,0,268.4551243125797,-0.0052823801524937153,-22.053781509399414,-0.0052838032133877277
3.6199985705316067,0.11476000398397446,559.0562744140625,0.11477108299732208,0.03248891606926918,144.28245544433594,0.032492034137248993,0.7850000262260437,0,0.00048828125,0,268.4551243125797,-0.00520287873223424,-21.817588806152344,-0.0052044210024178028
3.6399985626339912,0.11540656536817551,561.927001953125,0.11541770398616791,0.032358825206756592,143.53633117675781,0.03236190602183342,0.7850000262260437,0,0,0,268.4551243125797,-0.0051060076802968979,-21.58458137512207,-0.00510758999735117
3.6599985547363758,0.11605048179626465,564.78289794921875,0.11606167256832123,0.032231539487838745,142.79606628417969,0.03223457932472229,0.7850000262260437,0,0.00048828125,0,268.4551243125797,-0.004995961207896471,-21.354703903198242,-0.0049975039437413216
3.6799985468387604,0.11669185012578964,567.6241455078125,0.116703100502491,0.032107271254062653,142.06156921386719,0.032110273838043213,0.7850000262260437,0,0.00048828125,0,268.4551243125797,-0.0048775700852274895,-21.127906799316406,-0.0048789982683956623
3.6999985389411449,0.11733077466487885,570.4508056640625,0.11734208464622498,0.031986098736524582,141.33277893066406,0.031989071518182755,0.7850000262260437,0,0.00048828125,0,268.4551243125797,-0.0047559561207890511,-20.90412712097168,-0.00475724134594202
3.7199985310435295,0.11796735972166061,573.26300048828125,0.11797872930765152,0.03186798095703125,140.609619140625,0.031870923936367035,0.7850000262260437,0,0,0,268.4551243125797,-0.0046361531130969524,-20.683317184448242,-0.0046372772194445133
3.7399985231459141,0.11860170960426331,576.06085205078125,0.11861312389373779,0.031752746552228928,139.89201354980469,0.031755667179822922,0.7850000262260437,0,0,0,268.4551243125797,-0.0045229098759591579,-20.465423583984375,-0.0045238160528242588
3.7599985152482986,0.1192338839173317,578.84442138671875,0.11924536526203156,0.031640127301216125,139.17988586425781,0.031643033027648926,0.7850000262260437,0,0.00048828125,0,268.4551243125797,-0.0044202548451721668,-20.250398635864258,-0.0044209449551999569
3.7799985073506832,0.11986397206783295,581.6138916015625,0.11987551301717758,0.031529773026704788,138.47315979003906,0.031532667577266693,0.7850000262260437,0,0.00048828125,0,268.4551243125797,-0.004331373143941164,-20.038188934326172,-0.0043318867683410645
3.7999984994530678,0.12049202620983124,584.36932373046875,0.12050362676382065,0.031421277672052383,137.77177429199219,0.031424161046743393,0.7850000262260437,0,0.00048828125,0,268.4551243125797,-0.0042585139162838459,-19.828746795654297,-0.0042588263750076294
3.8199984915554523,0.12111808359622955,587.11083984375,0.12112973630428314,0.031314197927713394,137.07565307617188,0.031317081302404404,0.7850000262260437,0,0,0,268.4551243125797,-0.0042028427124023438,-19.62202262878418,-0.0042029437609016895
3.8399984836578369,0.12174215912818909,589.83856201171875,0.12175386399030685,0.0312080979347229,136.38473510742188,0.031210983172059059,0.7850000262260437,0,0.00048828125,0,268.4551243125797,-0.0041644470766186714,-19.41796875,-0.0041643483564257622
3.8599984757602215,0.12236425280570984,592.55255126953125,0.12237601727247238,0.031102558597922325,135.69894409179688,0.031105451285839081,0.7850000262260437,0,0,0,268.4551243125797,-0.0041424240916967392,-19.216545104980469,-0.0041421642526984215
3.879998467862606,0.12298436462879181,595.2529296875,0.12299618124961853,0.030997207388281822,135.01821899414063,0.031000109389424324,0.7850000262260437,0,0.00048828125,0,268.4551243125797,-0.0041350247338414192,-19.017702102661133,-0.0041346466168761253
3.8999984599649906,0.12360245734453201,597.93975830078125,0.12361433357000351,0.030891735106706619,134.34249877929688,0.030894650146365166,0.7850000262260437,0,0,0,268.4551243125797,-0.00413975864648819,-18.821399688720703,-0.0041393083520233631
3.9199984520673752,0.12421850115060806,600.61322021484375,0.12423043698072433,0.030785910785198212,133.67170715332031,0.030788837000727654,0.7850000262260437,0,0,0,268.4551243125797,-0.0041535943746566772,-18.627592086791992,-0.0041531450115144253
3.9399984441697598,0.12483245879411697,603.2733154296875,0.12484446167945862,0.03067958727478981,133.00579833984375,0.030682522803544998,0.7850000262260437,0,0.00048828125,0,268.4551243125797,-0.0041732136160135269,-18.436237335205078,-0.0041728061623871326
3.9599984362721443,0.12544427812099457,605.92022705078125,0.12545634806156158,0.030572704970836639,132.34469604492188,0.030575647950172424,0.7850000262260437,0,0.00048828125,0,268.4551243125797,-0.0041951597668230534,-18.247297286987305,-0.0041948589496314526
3.9799984283745289,0.12605394423007965,608.55401611328125,0.12606607377529144,0.030465288087725639,131.6883544921875,0.030468236654996872,0.7850000262260437,0,0,0,268.4551243125797,-0.004216107539832592,-18.060724258422852,-0.0042159147560596466
3.9999984204769135,0.12666140496730804,611.17474365234375,0.12667359411716461,0.030357440933585167,131.03669738769531,0.030360393226146698,0.7850000262260437,0,0,0,268.4551243125797,-0.0042329723946750164,-17.876491546630859,-0.0042328913696110249
4.019998412579298,0.12726661562919617,613.78253173828125,0.12727886438369751,0.03024933859705925,130.38967895507813,0.030252289026975632,0.7850000262260437,0,0.00048828125,0,268.4551243125797,-0.004243029747158289,-17.694549560546875,-0.0042431121692061424
4.0399984046816826,0.12786957621574402,616.37750244140625,0.12788188457489014,0.030141208320856094,129.74723815917969,0.030144151300191879,0.7850000262260437,0,0,0,268.4551243125797,-0.0042441235855221748,-17.514867782592773,-0.0042444020509719849
4.0599983967840672,0.12847025692462921,618.959716796875,0.1284826397895813,0.03003331646323204,129.10931396484375,0.030036246404051781,0.7850000262260437,0,0,0,268.4551243125797,-0.0042347405105829239,-17.337404251098633,-0.0042352378368377686
4.0799983888864517,0.12906868755817413,621.52923583984375,0.1290811151266098,0.029925953596830368,128.47586059570313,0.029928864911198616,0.7850000262260437,0,0.00048828125,0,268.4551243125797,-0.0042140227742493153,-17.162124633789063,-0.0042147529311478138
4.0999983809888363,0.12966485321521759,624.086181640625,0.12967735528945923,0.029819410294294357,127.84681701660156,0.029822299256920815,0.7850000262260437,0,0,0,268.4551243125797,-0.004181799478828907,-16.988996505737305,-0.0041826753877103329
4.1199983730912209,0.13025879859924316,626.630615234375,0.13027136027812958,0.029713971540331841,127.22213745117188,0.029716834425926208,0.7850000262260437,0,0,0,268.4551243125797,-0.0041384422220289707,-16.817970275878906,-0.0041394741274416447
4.1399983651936054,0.13085058331489563,629.16265869140625,0.13086318969726563,0.029609894379973412,126.60176086425781,0.029612729325890541,0.7850000262260437,0,0,0,268.4551243125797,-0.004085006657987833,-16.649036407470703,-0.0040861451998353004
4.15999835729599,0.131440207362175,631.682373046875,0.13145287334918976,0.02950739860534668,125.98563385009766,0.029510203748941422,0.7850000262260437,0,0,0,268.4551243125797,-0.004022940993309021,-16.482149124145508,-0.0040241396054625511
4.1799983493983746,0.13202774524688721,634.1898193359375,0.13204048573970795,0.029406657442450523,125.37371063232422,0.029409430921077728,0.7850000262260437,0,0,0,268.4551243125797,-0.0039540613070130348,-16.317277908325195,-0.0039553153328597546
4.1999983415007591,0.13261325657367706,636.68511962890625,0.13262605667114258,0.029307791963219643,124.76593780517578,0.029310531914234161,0.7850000262260437,0,0,0,268.4551243125797,-0.0038804546929895878,-16.154386520385742,-0.0038817524909973145
4.2199983336031437,0.13319680094718933,639.1683349609375,0.13320966064929962,0.029210865497589111,124.16226196289063,0.029213571920990944,0.7850000262260437,0,0,0,268.4551243125797,-0.0038043803069740534,-15.993449211120605,-0.0038056694902479649
4.2399983257055283,0.13377845287322998,641.63958740234375,0.13379135727882385,0.029115881770849228,123.56263732910156,0.029118556529283524,0.7850000262260437,0,0,0,268.4551243125797,-0.0037280868273228407,-15.834428787231445,-0.0037293191999197006
4.2599983178079128,0.13435825705528259,644.09893798828125,0.13437120616436005,0.029022792354226112,122.96701812744141,0.02902543917298317,0.7850000262260437,0,0,0,268.4551243125797,-0.0036537426058202982,-15.677298545837402,-0.0036548762582242489
4.2799983099102974,0.13493627309799194,646.54644775390625,0.13494928181171417,0.028931498527526855,122.37535095214844,0.028934119269251823,0.7850000262260437,0,0,0,268.4551243125797,-0.0035833204165101051,-15.522032737731934,-0.0035843211226165295
4.299998302012682,0.13551256060600281,648.982177734375,0.13552561402320862,0.028841855004429817,121.78759765625,0.028844453394412994,0.7850000262260437,0,0,0,268.4551243125797,-0.0035185455344617367,-15.368593215942383,-0.0035193806979805231
4.3199982941150665,0.13608717918395996,651.40625,0.13610026240348816,0.028753682971000671,121.20370483398438,0.028756264597177505,0.7850000262260437,0,0,0,268.4551243125797,-0.0034607728011906147,-15.216959953308105,-0.0034614205360412598
4.3399982862174511,0.13666011393070221,653.8187255859375,0.13667325675487518,0.028666777536273003,120.62362670898438,0.028669349849224091,0.7850000262260437,0,0,0,268.4551243125797,-0.003411013400182128,-15.067100524902344,-0.0034114215523004532
4.3599982783198357,0.13723143935203552,656.21966552734375,0.13724461197853088,0.0285809226334095,120.04732513427734,0.02858349122107029,0.7850000262260437,0,0,0,268.4551243125797,-0.0033698107581585646,-14.918988227844238,-0.003369978629052639
4.37999827042222,0.13780117034912109,658.609130859375,0.13781437277793884,0.028495894744992256,119.47475433349609,0.028498465195298195,0.7850000262260437,0,0,0,268.4551243125797,-0.0033373699989169836,-14.772600173950195,-0.0033372668549418449
4.3999982625246048,0.13836927711963654,660.98724365234375,0.13838255405426025,0.028411475941538811,118.90586853027344,0.028414053842425346,0.7850000262260437,0,0,0,268.4551243125797,-0.0033134641125798225,-14.62790584564209,-0.0033131393138319254
4.4199982546269894,0.13893578946590424,663.35406494140625,0.13894912600517273,0.028327463194727898,118.34062957763672,0.028330054134130478,0.7850000262260437,0,0,0,268.4551243125797,-0.0032975117210298777,-14.484881401062012,-0.0032970146276056767
4.4399982467293739,0.13950072228908539,665.70965576171875,0.13951410353183746,0.028243675827980042,117.77899169921875,0.028246283531188965,0.7850000262260437,0,0,0,268.4551243125797,-0.0032886562403291464,-14.343501091003418,-0.0032880059443414211
4.4599982388317585,0.14006403088569641,668.0540771484375,0.14007747173309326,0.028159961104393005,117.22091674804688,0.02816258929669857,0.7850000262260437,0,0,0,268.4551243125797,-0.0032857747282832861,-14.203742027282715,-0.0032849963754415512
4.4799982309341431,0.1406257152557373,670.38739013671875,0.14063921570777893,0.028076201677322388,116.66635894775391,0.028078852221369743,0.7850000262260437,0,0,0,268.4551243125797,-0.0032875377219170332,-14.065576553344727,-0.0032866944093257189
4.4999982230365276,0.14118576049804688,672.709716796875,0.14119930565357208,0.027992315590381622,116.11528015136719,0.027994988486170769,0.7850000262260437,0,0,0,268.4551243125797,-0.0032925349660217762,-13.928982734680176,-0.0032916523050516844
4.5199982151389122,0.14174413681030273,675.02105712890625,0.14175772666931152,0.027908258140087128,115.56764221191406,0.027910953387618065,0.7850000262260437,0,0,0,268.4551243125797,-0.0032992821652442217,-13.793933868408203,-0.0032983878627419472
4.5399982072412968,0.14230082929134369,677.321533203125,0.14231444895267487,0.027824021875858307,115.02340698242188,0.027826737612485886,0.7850000262260437,0,0,0,268.4551243125797,-0.0033062824513763189,-13.66041374206543,-0.0033054363448172808
4.5599981993436813,0.14285579323768616,679.6112060546875,0.1428694874048233,0.0277396347373724,114.48253631591797,0.027742370963096619,0.7850000262260437,0,0,0,268.4551243125797,-0.0033121639862656593,-13.52839469909668,-0.0033113840036094189
4.5799981914460659,0.14340904355049133,681.89007568359375,0.14342279732227325,0.027655160054564476,113.94499206542969,0.027657913044095039,0.7850000262260437,0,0,0,268.4551243125797,-0.0033156424760818481,-13.397855758666992,-0.0033149817027151585
4.5999981835484505,0.14396056532859802,684.15826416015625,0.14397434890270233,0.027570685371756554,113.41073608398438,0.027573451399803162,0.7850000262260437,0,0,0,268.4551243125797,-0.0033156536519527435,-13.268775939941406,-0.0033151241950690746
4.619998175650835,0.14451031386852264,686.41583251953125,0.14452417194843292,0.027486320585012436,112.87973022460938,0.027489097788929939,0.7850000262260437,0,0,0,268.4551243125797,-0.0033113034442067146,-13.141133308410645,-0.0033109153155237436
4.63999816775322,0.14505833387374878,688.662841796875,0.14507223665714264,0.027402196079492569,112.35194396972656,0.027404977008700371,0.7850000262260437,0,0,0,268.4551243125797,-0.0033019138500094414,-13.014906883239746,-0.0033017292153090239
4.6599981598556042,0.14560458064079285,690.8994140625,0.14561854302883148,0.027318447828292847,111.82733154296875,0.027321228757500648,0.7850000262260437,0,0,0,268.4551243125797,-0.003287110710516572,-12.890076637268066,-0.00328712142072618
4.6799981519579887,0.14614909887313843,693.12554931640625,0.14616312086582184,0.02723521925508976,111.30587005615234,0.027237994596362114,0.7850000262260437,0,0,0,268.4551243125797,-0.0032666986808180809,-12.766621589660645,-0.0032669249922037125
4.6999981440603733,0.14669188857078552,695.34130859375,0.14670595526695251,0.02715265192091465,110.78751373291016,0.027155416086316109,0.7850000262260437,0,0,0,268.4551243125797,-0.0032407937105745077,-12.644523620605469,-0.0032412176951766014
4.7199981361627579,0.14723296463489532,697.5467529296875,0.14724710583686829,0.027070878073573112,110.27223968505859,0.027073625475168228,0.7850000262260437,0,0,0,268.4551243125797,-0.0032096605282276869,-12.523760795593262,-0.0032102619297802448
4.7399981282651424,0.14777234196662903,699.741943359375,0.14778654277324677,0.026990016922354698,109.760009765625,0.026992745697498322,0.7850000262260437,0,0,0,268.4551243125797,-0.0031737776007503271,-12.404315948486328,-0.0031745578162372112
4.759998120367527,0.14831008017063141,701.92694091796875,0.14832434058189392,0.026910174638032913,109.25078582763672,0.026912879198789597,0.7850000262260437,0,0,0,268.4551243125797,-0.0031338045373559,-12.286169052124023,-0.0031347349286079407
4.7799981124699116,0.14884619414806366,704.101806640625,0.14886049926280975,0.026831435039639473,108.74453735351563,0.026834113523364067,0.7850000262260437,0,0,0,268.4551243125797,-0.003090553916990757,-12.169303894042969,-0.0030915786046534777
4.7999981045722961,0.14938071370124817,706.2666015625,0.14939507842063904,0.026753857731819153,108.24123382568359,0.026756510138511658,0.7850000262260437,0,0,0,268.4551243125797,-0.0030448772013187408,-12.053701400756836,-0.003045966848731041
4.8199980966746807,0.14991368353366852,708.42144775390625,0.14992809295654297,0.026677483692765236,107.7408447265625,0.026680106297135353,0.7850000262260437,0,0,0,268.4551243125797,-0.0029976952355355024,-11.93934154510498,-0.0029988205060362816
4.8399980887770653,0.15044513344764709,710.5662841796875,0.15045960247516632,0.026602325960993767,107.24333953857422,0.026604918763041496,0.7850000262260437,0,0,0,268.4551243125797,-0.0029499481897801161,-11.82620906829834,-0.0029510757885873318
4.85999808087945,0.15097510814666748,712.70123291015625,0.15098962187767029,0.026528317481279373,106.74868774414063,0.026530910283327103,0.7850000262260437,0,0,0,268.4551243125797,-0.002904847264289856,-11.714286804199219,-0.0029048549477010965
4.8799980729818344,0.15150363743305206,714.82635498046875,0.15151819586753845,0.02645554393529892,106.25685882568359,0.026458108797669411,0.7850000262260437,0,0,0,268.4551243125797,-0.0028563623782247305,-11.603560447692871,-0.0028574506286531687
4.899998065084219,0.15203075110912323,716.94171142578125,0.1520453542470932,0.0263838954269886,105.76781463623047,0.026386434212327003,0.7850000262260437,0,0,0,268.4551243125797,-0.0028122290968894958,-11.49400806427002,-0.0028132621664553881
4.9199980571866035,0.15255649387836456,719.04736328125,0.15257114171981812,0.026313301175832748,105.28153228759766,0.02631581574678421,0.7850000262260437,0,0,0,268.4551243125797,-0.0027708425186574459,-11.385616302490234,-0.0027717952616512775
4.9399980492889881,0.15308089554309845,721.143310546875,0.15309558808803558,0.026243675500154495,104.79798889160156,0.026246169582009315,0.7850000262260437,0,0,0,268.4551243125797,-0.0027327854186296463,-11.27836799621582,-0.0027336359489709139
4.9599980413913727,0.15360397100448608,723.22967529296875,0.1536187082529068,0.026174923405051231,104.31714630126953,0.026177398860454559,0.7850000262260437,0,0,0,268.4551243125797,-0.0026985111180692911,-11.172250747680664,-0.002699241042137146
4.9799980334937572,0.15412573516368866,725.30645751953125,0.15414053201675415,0.0261069405823946,103.83898162841797,0.026109401136636734,0.7850000262260437,0,0,0,268.4551243125797,-0.0026683122850954533,-11.067246437072754,-0.0026689069345593452
4.9999980255961418,0.15464621782302856,727.37371826171875,0.15466105937957764,0.026039620861411095,103.36346435546875,0.026042068377137184,0.7850000262260437,0,0,0,268.4551243125797,-0.0026423332747071981,-10.963340759277344,-0.0026427824050188065
5.0199980176985264,0.155165433883667,729.4315185546875,0.15518030524253845,0.025972854346036911,102.89056396484375,0.025975294411182404,0.7850000262260437,0,0,0,268.4551243125797,-0.0026205731555819511,-10.860518455505371,-0.0026208711788058281
5.0399980098009109,0.15568336844444275,731.47991943359375,0.15569828450679779,0.025906538590788841,102.42025756835938,0.025908974930644035,0.7850000262260437,0,0,0,268.4551243125797,-0.0026029148139059544,-10.75876522064209,-0.0026030577719211578
5.0599980019032955,0.15620005130767822,733.51898193359375,0.15621501207351685,0.025840574875473976,101.9525146484375,0.02584301121532917,0.7850000262260437,0,0,0,268.4551243125797,-0.0025891128461807966,-10.658064842224121,-0.0025891039986163378
5.07999799400568,0.15671546757221222,735.5487060546875,0.15673047304153442,0.025774871930480003,101.48731231689453,0.025777313858270645,0.7850000262260437,0,0,0,268.4551243125797,-0.002578814048320055,-10.558405876159668,-0.0025786571204662323
5.0999979861080647,0.15722960233688354,737.5692138671875,0.15724466741085052,0.025709353387355804,101.02462005615234,0.025711804628372192,0.7850000262260437,0,0,0,268.4551243125797,-0.0025715683586895466,-10.459773063659668,-0.0025712749920785427
5.1199979782104492,0.15774248540401459,739.58050537109375,0.15775759518146515,0.025643955916166306,100.56441497802734,0.02564641647040844,0.7850000262260437,0,0,0,268.4551243125797,-0.002566854003816843,-10.362153053283691,-0.0025664516724646091
5.1399979703128338,0.15825408697128296,741.5826416015625,0.1582692414522171,0.025578627362847328,100.10667419433594,0.025581100955605507,0.7850000262260437,0,0,0,268.4551243125797,-0.0025641201063990593,-10.265532493591309,-0.0025636358186602592
5.1599979624152184,0.15876439213752747,743.57568359375,0.15877960622310638,0.025513334199786186,99.6513671875,0.02551582083106041,0.7850000262260437,0,0,0,268.4551243125797,-0.0025627717841416597,-10.169897079467773,-0.0025622332468628883
5.1799979545176029,0.1592734158039093,745.55963134765625,0.1592886745929718,0.025448055937886238,99.198471069335938,0.025450555607676506,0.7850000262260437,0,0,0,268.4551243125797,-0.0025622020475566387,-10.075234413146973,-0.0025616411585360765
5.1999979466199875,0.15978111326694489,747.53460693359375,0.15979643166065216,0.025382822379469872,98.747962951660156,0.025385309010744095,0.7850000262260437,0,0,0,268.4551243125797,-0.0025604041293263435,-9.981532096862793,-0.0025609286967664957
5.2199979387223721,0.1602875143289566,749.5006103515625,0.16030287742614746,0.025317572057247162,98.299819946289063,0.025320073589682579,0.7850000262260437,0,0,0,268.4551243125797,-0.0025610849261283875,-9.8887777328491211,-0.0025605163536965847
5.2399979308247566,0.16079258918762207,751.45770263671875,0.1608080118894577,0.025252362713217735,97.854019165039063,0.025254879146814346,0.7850000262260437,0,0,0,268.4551243125797,-0.0025594406761229038,-9.7969608306884766,-0.0025589033029973507
5.2599979229271412,0.16129633784294128,753.4058837890625,0.1613118052482605,0.025187229737639427,97.410530090332031,0.025189759209752083,0.7850000262260437,0,0,0,268.4551243125797,-0.0025564376264810562,-9.7060661315917969,-0.002555956831201911
5.2799979150295258,0.16179873049259186,755.34527587890625,0.16181427240371704,0.025122219696640968,96.9693374633789,0.02512475848197937,0.7850000262260437,0,0,0,268.4551243125797,-0.0025516762398183346,-9.6160821914672852,-0.0025512741412967443
5.29999790713191,0.16229979693889618,757.27587890625,0.16231539845466614,0.025057382881641388,96.530410766601563,0.025059929117560387,0.7850000262260437,0,0,0,268.4551243125797,-0.0025448368396610022,-9.5269985198974609,-0.0025445318315178156
5.3199978992342949,0.16279953718185425,759.19775390625,0.16281518340110779,0.024992778897285461,96.093734741210938,0.024995330721139908,0.7850000262260437,0,0,0,268.4551243125797,-0.0025356775149703026,-9.4388036727905273,-0.0025354849640280008
5.3399978913366795,0.16329793632030487,761.1109619140625,0.163313627243042,0.024928471073508263,95.6592788696289,0.024931026622653008,0.7850000262260437,0,0,0,268.4551243125797,-0.002524049486964941,-9.3514852523803711,-0.0025239679962396622
5.359997883439064,0.16379500925540924,763.0155029296875,0.16381075978279114,0.024864524602890015,95.2270278930664,0.02486708015203476,0.7850000262260437,0,0,0,268.4551243125797,-0.00250986753962934,-9.2650327682495117,-0.0025099101476371288
5.3799978755414486,0.16429075598716736,764.91143798828125,0.16430656611919403,0.024801004678010941,94.796958923339844,0.024803556501865387,0.7850000262260437,0,0,0,268.4551243125797,-0.0024931330699473619,-9.1794338226318359,-0.0024933225940912962
5.3999978676438332,0.16478519141674042,766.798828125,0.16480104625225067,0.024737974628806114,94.369049072265625,0.024740517139434814,0.7850000262260437,0,0,0,268.4551243125797,-0.00247393362224102,-9.09467887878418,-0.0024742698296904564
5.4199978597462177,0.16527833044528961,768.67767333984375,0.16529424488544464,0.024675492197275162,93.943275451660156,0.024678023532032967,0.7850000262260437,0,0,0,268.4551243125797,-0.0024524298496544361,-9.01075553894043,-0.0024528973735868931
5.4399978518486023,0.16577018797397614,770.54803466796875,0.16578614711761475,0.024613611400127411,93.519622802734375,0.024616127833724022,0.7850000262260437,0,0,0,268.4551243125797,-0.0024288303684443235,-8.9276561737060547,-0.0024294299073517323
5.4599978439509869,0.16626079380512238,772.40997314453125,0.16627678275108337,0.024552378803491592,93.098060607910156,0.024554876610636711,0.7850000262260437,0,0,0,268.4551243125797,-0.0024034064263105392,-8.8453702926635742,-0.0024041200522333384
5.4799978360533714,0.16675013303756714,774.2635498046875,0.16676619648933411,0.024491831660270691,92.678573608398438,0.024494308978319168,0.7850000262260437,0,0,0,268.4551243125797,-0.0023764641955494881,-8.7638845443725586,-0.0023772744461894035
5.499997828155756,0.167238250374794,776.1087646484375,0.16725435853004456,0.024432001635432243,92.261146545410156,0.02443445660173893,0.7850000262260437,0,0,0,268.4551243125797,-0.002348337322473526,-8.6831912994384766,-0.00234923604875803
5.5199978202581406,0.16772516071796417,777.9456787109375,0.1677413135766983,0.024372909218072891,91.845756530761719,0.024375339969992638,0.7850000262260437,0,0,0,268.4551243125797,-0.0023193769156932831,-8.6032810211181641,-0.0023203443270176649
5.5399978123605251,0.16821089386940002,779.77435302734375,0.16822710633277893,0.02431456558406353,91.432380676269531,0.024316970258951187,0.7850000262260437,0,0,0,268.4551243125797,-0.0022899629548192024,-8.524144172668457,-0.002290976932272315
5.55999780446291,0.16869546473026276,781.59478759765625,0.16871172189712524,0.024256974458694458,91.021003723144531,0.024259353056550026,0.7850000262260437,0,0,0,268.4551243125797,-0.0022604572586715221,-8.4457693099975586,-0.0022614959161728621
5.5799977965652943,0.16917890310287476,783.40704345703125,0.16919520497322083,0.024200128391385078,90.611602783203125,0.024202480912208557,0.7850000262260437,0,0,0,268.4551243125797,-0.0022312088403850794,-8.3681488037109375,-0.0022322516888380051
5.5999977886676788,0.16966122388839722,785.21112060546875,0.16967757046222687,0.024144012480974197,90.20416259765625,0.024146338924765587,0.7850000262260437,0,0,0,268.4551243125797,-0.0022025562357157469,-8.2912712097167969,-0.0022035844158381224
5.6199977807700634,0.17014244198799133,787.007080078125,0.17015883326530457,0.024088602513074875,89.798660278320313,0.024090904742479324,0.7850000262260437,0,0,0,268.4551243125797,-0.0021748121362179518,-8.2151308059692383,-0.00217580609023571
5.639997772872448,0.17062258720397949,788.79498291015625,0.17063902318477631,0.024033870548009872,89.39508056640625,0.024036148563027382,0.7850000262260437,0,0,0,268.4551243125797,-0.0021482524462044239,-8.1397171020507813,-0.002149196108803153
5.6599977649748325,0.17110167443752289,790.5748291015625,0.17111815512180328,0.023979779332876205,88.993400573730469,0.023982034996151924,0.7850000262260437,0,0,0,268.4551243125797,-0.0021231102291494608,-8.0650205612182617,-0.002123985905200243
5.6799977570772171,0.17157971858978271,792.3466796875,0.17159624397754669,0.023926286026835442,88.5936050415039,0.023928523063659668,0.7850000262260437,0,0,0,268.4551243125797,-0.0020995817612856627,-7.99103307723999,-0.002100375946611166
5.6999977491796017,0.17205673456192017,794.110595703125,0.17207328975200653,0.023873347789049149,88.1956787109375,0.023875568062067032,0.7850000262260437,0,0,0,268.4551243125797,-0.0020778148900717497,-7.9177451133728027,-0.0020785161759704351
5.7199977412819862,0.17253273725509644,795.8665771484375,0.17254933714866638,0.023820916190743446,87.799598693847656,0.023823121562600136,0.7850000262260437,0,0,0,268.4551243125797,-0.0020579083357006311,-7.8451504707336426,-0.0020585067104548216
5.7399977333843708,0.17300772666931152,797.61468505859375,0.17302438616752625,0.023768944665789604,87.405357360839844,0.023771136999130249,0.7850000262260437,0,0,0,268.4551243125797,-0.0020399158820509911,-7.7732381820678711,-0.0020404036622494459
5.7599977254867554,0.17348173260688782,799.35491943359375,0.17349842190742493,0.023717381060123444,87.012931823730469,0.023719564080238342,0.7850000262260437,0,0,0,268.4551243125797,-0.0020238475408405066,-7.7020034790039063,-0.0020242293830960989
5.77999771758914,0.17395474016666412,801.08734130859375,0.173971489071846,0.023666178807616234,86.622299194335938,0.023668356239795685,0.7850000262260437,0,0,0,268.4551243125797,-0.0020096683874726295,-7.631436824798584,-0.00200993986800313
5.7999977096915245,0.17442677915096283,802.81201171875,0.1744435578584671,0.023615291342139244,86.233451843261719,0.023617465049028397,0.7850000262260437,0,0,0,268.4551243125797,-0.0019973081070929766,-7.56152868270874,-0.0019974783062934875
5.8199977017939091,0.17489783465862274,804.5289306640625,0.1749146580696106,0.023564675822854042,85.846366882324219,0.023566847667098045,0.7850000262260437,0,0,0,268.4551243125797,-0.0019866591319441795,-7.4922738075256348,-0.0019867157097905874
5.8399976938962936,0.17536792159080505,806.2381591796875,0.1753847748041153,0.023514291271567345,85.461029052734375,0.023516464978456497,0.7850000262260437,0,0,0,268.4551243125797,-0.00197757501155138,-7.4236617088317871,-0.0019775307737290859
5.8599976859986782,0.17583702504634857,807.939697265625,0.1758539229631424,0.023464102298021317,85.077423095703125,0.023466279730200768,0.7850000262260437,0,0,0,268.4551243125797,-0.0019698918331414461,-7.3556866645812988,-0.0019697509706020355
5.8799976781010628,0.1763051450252533,809.63360595703125,0.17632210254669189,0.02341407909989357,84.6955337524414,0.023416262120008469,0.7850000262260437,0,0,0,268.4551243125797,-0.0019634074997156858,-7.2883415222167969,-0.0019631914328783751
5.8999976702034473,0.17677229642868042,811.31988525390625,0.1767892986536026,0.023364195600152016,84.315345764160156,0.023366386070847511,0.7850000262260437,0,0,0,268.4551243125797,-0.0019579213112592697,-7.22161865234375,-0.0019576430786401033
5.9199976623058319,0.17723846435546875,812.99859619140625,0.17725551128387451,0.023314431309700012,83.936836242675781,0.023316631093621254,0.7850000262260437,0,0,0,268.4551243125797,-0.0019532274454832077,-7.1555099487304688,-0.0019528911216184497
5.9399976544082165,0.17770364880561829,814.6697998046875,0.17772072553634644,0.023264773190021515,83.55999755859375,0.023266982287168503,0.7850000262260437,0,0,0,268.4551243125797,-0.0019491005223244429,-7.0900087356567383,-0.0019487147219479084
5.959997646510601,0.17816784977912903,816.33349609375,0.17818497121334076,0.023215210065245628,83.184814453125,0.023217430338263512,0.7850000262260437,0,0,0,268.4551243125797,-0.0019453237764537334,-7.025108814239502,-0.0019448944367468357
5.9799976386129856,0.17863106727600098,817.98974609375,0.17864823341369629,0.023165715858340263,82.811271667480469,0.023167924955487251,0.7850000262260437,0,0,0,268.4551243125797,-0.0019426729995757341,-6.9608025550842285,-0.0019430727697908878
5.99999763071537,0.17909327149391174,819.6385498046875,0.17911048233509064,0.0231163427233696,82.439346313476563,0.023118562996387482,0.7850000262260437,0,0,0,268.4551243125797,-0.0019379203440621495,-6.8970837593078613,-0.0019374284893274307
6.0199976228177547,0.17955450713634491,821.2799072265625,0.17957176268100739,0.023067072033882141,82.06903076171875,0.023069305345416069,0.7850000262260437,0,0,0,268.4551243125797,-0.0019339041318744421,-6.8339443206787109,-0.0019333946984261274
6.0399976149201393,0.18001472949981689,822.9139404296875,0.18003202974796295,0.023017914965748787,81.700309753417969,0.023020161315798759,0.7850000262260437,0,0,0,268.4551243125797,-0.0019294439116492867,-6.7713780403137207,-0.0019289326155558228
6.0599976070225239,0.18047395348548889,824.54058837890625,0.18049129843711853,0.02296888642013073,81.333168029785156,0.022971145808696747,0.7850000262260437,0,0,0,268.4551243125797,-0.0019243768183514476,-6.7093806266784668,-0.0019238701788708568
6.0799975991249084,0.18093219399452209,826.159912109375,0.18094958364963531,0.022920005023479462,80.96759033203125,0.022922277450561523,0.7850000262260437,0,0,0,268.4551243125797,-0.0019185659475624561,-6.6479425430297852,-0.0019180800300091505
6.099997591227293,0.18138942122459412,827.77197265625,0.18140684068202972,0.022871294990181923,80.603569030761719,0.02287357859313488,0.7850000262260437,0,0,0,268.4551243125797,-0.0019119045464321971,-6.587059497833252,-0.0019114509923383594
6.1199975833296776,0.18184565007686615,829.37677001953125,0.18186312913894653,0.022822778671979904,80.241081237792969,0.022825071588158607,0.7850000262260437,0,0,0,268.4551243125797,-0.0019043008796870708,-6.5267252922058105,-0.0019038852769881487
6.1399975754320621,0.1823008805513382,830.974365234375,0.18231840431690216,0.022774480283260345,79.880119323730469,0.022776782512664795,0.7850000262260437,0,0,0,268.4551243125797,-0.0018956944113597274,-6.4669327735900879,-0.0018953352700918913
6.1599975675344467,0.18275511264801025,832.56475830078125,0.182772696018219,0.022726427763700485,79.520668029785156,0.022728737443685532,0.7850000262260437,0,0,0,268.4551243125797,-0.0018860453274101019,-6.407677173614502,-0.0018857509130612016
6.1799975596368313,0.18320837616920471,834.14801025390625,0.18322600424289703,0.022678649052977562,79.162712097167969,0.022680964320898056,0.7850000262260437,0,0,0,268.4551243125797,-0.0018753426847979426,-6.3489503860473633,-0.0018751213792711496
6.1999975517392159,0.18366065621376038,835.72412109375,0.18367831408977509,0.022631168365478516,78.806236267089844,0.022633487358689308,0.7850000262260437,0,0,0,268.4551243125797,-0.0018635981250554323,-6.2907490730285645,-0.0018634565640240908
6.2199975438416,0.18411195278167725,837.29315185546875,0.18412967026233673,0.022584013640880585,78.45123291015625,0.022586334496736526,0.7850000262260437,0,0,0,268.4551243125797,-0.0018508427310734987,-6.2330646514892578,-0.001850779983215034
6.239997535943985,0.18456228077411652,838.8551025390625,0.18458004295825958,0.02253720723092556,78.097686767578125,0.022539528086781502,0.7850000262260437,0,0,0,268.4551243125797,-0.0018371297046542168,-6.1758952140808105,-0.0018371506594121456
6.2599975280463696,0.18501165509223938,840.4100341796875,0.18502946197986603,0.022490773350000381,77.7455825805664,0.022493092343211174,0.7850000262260437,0,0,0,268.4551243125797,-0.0018225277308374643,-6.1192302703857422,-0.0018226284300908446
6.2799975201487541,0.18546009063720703,841.95794677734375,0.18547794222831726,0.022444732487201691,77.394912719726563,0.022447045892477036,0.7850000262260437,0,0,0,268.4551243125797,-0.001807123189792037,-6.0630688667297363,-0.0018073075916618109
6.2999975122511387,0.18590757250785828,843.49884033203125,0.18592548370361328,0.022399101406335831,77.045654296875,0.022401407361030579,0.7850000262260437,0,0,0,268.4551243125797,-0.0017910159658640623,-6.0074033737182617,-0.0017912820912897587
6.3199975043535233,0.1863541305065155,845.03277587890625,0.18637208640575409,0.022353896871209145,76.697807312011719,0.022356193512678146,0.7850000262260437,0,0,0,268.4551243125797,-0.0017743150237947702,-5.9522275924682617,-0.001774656237103045
6.3399974964559078,0.1867997795343399,846.559814453125,0.18681776523590088,0.022309128195047379,76.351348876953125,0.022311415523290634,0.7850000262260437,0,0,0,268.4551243125797,-0.0017571402713656425,-5.8975381851196289,-0.0017575438832864165
6.3599974885582924,0.18724450469017029,848.0799560546875,0.18726254999637604,0.022264806553721428,76.006271362304688,0.022267082706093788,0.7850000262260437,0,0,0,268.4551243125797,-0.0017396085895597935,-5.84332799911499,-0.0017400693614035845
6.379997480660677,0.18768833577632904,849.59320068359375,0.18770642578601837,0.02222093753516674,75.662567138671875,0.022223200649023056,0.7850000262260437,0,0,0,268.4551243125797,-0.0017218467546626925,-5.7895927429199219,-0.0017223566537722945
6.3999974727630615,0.18813130259513855,851.099609375,0.18814943730831146,0.022177524864673615,75.320220947265625,0.022179773077368736,0.7850000262260437,0,0,0,268.4551243125797,-0.0017039820086210966,-5.7363286018371582,-0.0017045271815732121
6.4199974648654461,0.18857339024543762,852.59918212890625,0.18859156966209412,0.0221345666795969,74.979217529296875,0.022136799991130829,0.7850000262260437,0,0,0,268.4551243125797,-0.0016861355397850275,-5.6835289001464844,-0.0016867078375071287
6.4399974569678307,0.18901462852954865,854.09197998046875,0.18903285264968872,0.0220920592546463,74.6395492553711,0.022094277665019035,0.7850000262260437,0,0,0,268.4551243125797,-0.0016684251604601741,-5.6311888694763184,-0.0016690172487869859
6.4599974490702152,0.18945503234863281,855.5780029296875,0.18947330117225647,0.022050017490983009,74.301200866699219,0.022052235901355743,0.7850000262260437,0,0,0,268.4551243125797,-0.0016501249046996236,-5.5793042182922363,-0.0016501442296430469
6.4799974411726,0.18989460170269012,857.05731201171875,0.18991291522979736,0.022008389234542847,73.964164733886719,0.022010592743754387,0.7850000262260437,0,0,0,268.4551243125797,-0.0016338767018169165,-5.52786922454834,-0.0016344974283128977
6.4999974332749844,0.19033336639404297,858.5299072265625,0.19035172462463379,0.021967185661196709,73.628425598144531,0.021969374269247055,0.7850000262260437,0,0,0,268.4551243125797,-0.0016172266332432628,-5.4768800735473633,-0.0016178512014448643
6.5199974253773689,0.19077131152153015,859.99578857421875,0.19078971445560455,0.021926393732428551,73.293975830078125,0.021928565576672554,0.7850000262260437,0,0,0,268.4551243125797,-0.0016011100960895419,-5.4263310432434082,-0.0016017301240935922
6.5399974174797535,0.19120846688747406,861.45501708984375,0.19122691452503204,0.02188599668443203,72.960800170898438,0.021888153627514839,0.7850000262260437,0,0,0,268.4551243125797,-0.0015855986857786775,-5.3762187957763672,-0.0015862055588513613
6.5599974095821381,0.19164483249187469,862.9075927734375,0.19166332483291626,0.021845977753400803,72.628890991210938,0.021848119795322418,0.7850000262260437,0,0,0,268.4551243125797,-0.0015707510756328702,-5.3265376091003418,-0.0015713386237621307
6.5799974016845226,0.19208042323589325,864.35357666015625,0.1920989453792572,0.021806318312883377,72.2982406616211,0.021808447316288948,0.7850000262260437,0,0,0,268.4551243125797,-0.0015566180227324367,-5.27728271484375,-0.0015571791445836425
6.5999973937869072,0.19251523911952972,865.79296875,0.19253380596637726,0.021766999736428261,71.968833923339844,0.021769115701317787,0.7850000262260437,0,0,0,268.4551243125797,-0.001543233054690063,-5.2284526824951172,-0.0015437628608196974
6.6199973858892918,0.19294929504394531,867.22576904296875,0.19296790659427643,0.021728003397583961,71.640655517578125,0.021730106323957443,0.7850000262260437,0,0,0,268.4551243125797,-0.0015306215500459075,-5.1800398826599121,-0.0015311184106394649
6.6399973779916763,0.19338259100914001,868.65203857421875,0.19340126216411591,0.021689308807253838,71.313705444335938,0.021691398695111275,0.7850000262260437,0,0,0,268.4551243125797,-0.0015187928220257163,-5.1320405006408691,-0.0015192560385912657
6.6599973700940609,0.19381514191627502,870.07177734375,0.1938338577747345,0.021650895476341248,70.987968444824219,0.021652974188327789,0.7850000262260437,0,0,0,268.4551243125797,-0.0015077523421496153,-5.0844516754150391,-0.0015081755118444562
6.6799973621964455,0.19424694776535034,871.48504638671875,0.1942657083272934,0.02161274291574955,70.6634292602539,0.021614812314510345,0.7850000262260437,0,0,0,268.4551243125797,-0.0014974853256717324,-5.0372681617736816,-0.0014978657709434628
6.69999735429883,0.19467802345752716,872.891845703125,0.1946968138217926,0.021574832499027252,70.340080261230469,0.021576894447207451,0.7850000262260437,0,0,0,268.4551243125797,-0.001487972098402679,-4.9904851913452148,-0.0014883019030094147
6.7199973464012146,0.19510836899280548,874.29217529296875,0.19512718915939331,0.021537145599722862,70.017913818359375,0.021539201959967613,0.7850000262260437,0,0,0,268.4551243125797,-0.0014791799476370215,-4.944098949432373,-0.0014794585295021534
6.7399973385035992,0.19553796947002411,875.68609619140625,0.19555683434009552,0.021499665454030037,69.6969223022461,0.02150171622633934,0.7850000262260437,0,0,0,268.4551243125797,-0.0014710673131048679,-4.8981070518493652,-0.0014712923439219594
6.7599973306059837,0.19596683979034424,877.0736083984375,0.19598574936389923,0.021462377160787582,69.377090454101563,0.021464422345161438,0.7850000262260437,0,0,0,268.4551243125797,-0.0014635819243267179,-4.8525047302246094,-0.0014637568965554237
6.7799973227083683,0.19639497995376587,878.45477294921875,0.19641393423080444,0.021425263956189156,69.05841064453125,0.021427307277917862,0.7850000262260437,0,0,0,268.4551243125797,-0.0014566706959158182,-4.807286262512207,-0.0014567968901246786
6.7999973148107529,0.1968224048614502,879.82958984375,0.19684140384197235,0.021388314664363861,68.740875244140625,0.021390356123447418,0.7850000262260437,0,0,0,268.4551243125797,-0.0014502746053040028,-4.7624502182006836,-0.0014503569109365344
6.8199973069131374,0.19724911451339722,881.19805908203125,0.19726814329624176,0.021351516246795654,68.424468994140625,0.021353557705879211,0.7850000262260437,0,0,0,268.4551243125797,-0.0014443328836932778,-4.717991828918457,-0.0014443699037656188
6.839997299015522,0.19767509400844574,882.56024169921875,0.19769416749477386,0.021314859390258789,68.10919189453125,0.021316900849342346,0.7850000262260437,0,0,0,268.4551243125797,-0.0014387754490599036,-4.6739053726196289,-0.0014387726550921798
6.8599972911179066,0.19810034334659576,883.9161376953125,0.19811946153640747,0.021278336644172668,67.795028686523438,0.021280378103256226,0.7850000262260437,0,0,0,268.4551243125797,-0.001433537807315588,-4.6301918029785156,-0.0014334940351545811
6.8799972832202911,0.19852487742900848,885.2657470703125,0.19854402542114258,0.021241940557956696,67.481964111328125,0.021243983879685402,0.7850000262260437,0,0,0,268.4551243125797,-0.0014285445213317871,-4.5868430137634277,-0.0014284661738201976
6.8999972753226757,0.1989486962556839,886.609130859375,0.19896787405014038,0.021205667406320572,67.169998168945313,0.021207712590694427,0.7850000262260437,0,0,0,268.4551243125797,-0.001423730980604887,-4.5438575744628906,-0.0014236222486943007
6.91999726742506,0.19937177002429962,887.9462890625,0.19939100742340088,0.021169513463974,66.859115600585938,0.021171562373638153,0.7850000262260437,0,0,0,268.4551243125797,-0.0014190255897119641,-4.5012307167053223,-0.0014188956702128053
6.9399972595274448,0.19979414343833923,889.27728271484375,0.19981341063976288,0.021133478730916977,66.549308776855469,0.021135531365871429,0.7850000262260437,0,0,0,268.4551243125797,-0.0014143671141937375,-4.4589595794677734,-0.0014142190339043736
6.9599972516298294,0.20021580159664154,890.60211181640625,0.20023509860038757,0.021097563207149506,66.240570068359375,0.021099619567394257,0.7850000262260437,0,0,0,268.4551243125797,-0.0014096945524215698,-4.4170408248901367,-0.0014095304068177938
6.979997243732214,0.20063672959804535,891.9207763671875,0.20065605640411377,0.021061768755316734,65.932891845703125,0.021063828840851784,0.7850000262260437,0,0,0,268.4551243125797,-0.0014049477176740766,-4.3754701614379883,-0.0014047730946913362
6.9999972358345985,0.20105692744255066,893.2332763671875,0.20107629895210266,0.021026097238063812,65.626266479492188,0.021028162911534309,0.7850000262260437,0,0,0,268.4551243125797,-0.0014000714290887117,-4.3342452049255371,-0.0013998904032632709
7.0199972279369831,0.20147641003131866,894.5396728515625,0.20149582624435425,0.020990556105971336,65.3206787109375,0.020992625504732132,0.7850000262260437,0,0,0,268.4551243125797,-0.0013950176071375608,-4.2933621406555176,-0.001394835184328258
7.0399972200393677,0.20189517736434937,895.8399658203125,0.20191462337970734,0.020955149084329605,65.016128540039063,0.0209572222083807,0.7850000262260437,0,0,0,268.4551243125797,-0.00138974713627249,-4.2528181076049805,-0.0013895671581849456
7.0599972121417522,0.20231321454048157,897.13421630859375,0.20233270525932312,0.020919881761074066,64.712600708007813,0.020921960473060608,0.7850000262260437,0,0,0,268.4551243125797,-0.0013842184562236071,-4.21260929107666,-0.0013840458123013377
7.0799972042441368,0.20273053646087646,898.42242431640625,0.2027500718832016,0.020884763449430466,64.410087585449219,0.020886845886707306,0.7850000262260437,0,0,0,268.4551243125797,-0.0013784018810838461,-4.1727328300476074,-0.0013782407622784376
7.0999971963465214,0.20314712822437286,899.70458984375,0.20316670835018158,0.0208498015999794,64.10858154296875,0.020851887762546539,0.7850000262260437,0,0,0,268.4551243125797,-0.0013722709845751524,-4.1331844329833984,-0.0013721241848543286
7.1199971884489059,0.20356301963329315,900.98077392578125,0.20358264446258545,0.020815003663301468,63.808078765869141,0.020817093551158905,0.7850000262260437,0,0,0,268.4551243125797,-0.0013658037642017007,-4.0939621925354,-0.0013656748924404383
7.1399971805512905,0.20397819578647614,902.25091552734375,0.20399786531925201,0.020780378952622414,63.508563995361328,0.020782472565770149,0.7850000262260437,0,0,0,268.4551243125797,-0.0013589882291853428,-4.0550632476806641,-0.0013588808942586184
7.1599971726536751,0.204392671585083,903.51513671875,0.20441238582134247,0.020745938643813133,63.210033416748047,0.020748034119606018,0.7850000262260437,0,0,0,268.4551243125797,-0.0013518175110220909,-4.0164837837219238,-0.0013517341576516628
7.17999716475606,0.20480643212795258,904.77337646484375,0.20482620596885681,0.020711690187454224,62.912479400634766,0.020713785663247108,0.7850000262260437,0,0,0,268.4551243125797,-0.0013442876515910029,-3.9782209396362305,-0.0013442308409139514
7.1999971568584442,0.20521949231624603,906.02569580078125,0.20523931086063385,0.020677641034126282,62.615890502929688,0.020679738372564316,0.7850000262260437,0,0,0,268.4551243125797,-0.0013364013284444809,-3.9402716159820557,-0.0013363725738599896
7.2199971489608288,0.20563186705112457,907.2720947265625,0.20565170049667358,0.020643802359700203,62.320259094238281,0.020645899698138237,0.7850000262260437,0,0,0,268.4551243125797,-0.0013281706487759948,-3.9026327133178711,-0.0013281687861308455
7.2399971410632133,0.206043541431427,908.51263427734375,0.20606341958045959,0.020610181614756584,62.025581359863281,0.020612278953194618,0.7850000262260437,0,0,0,268.4551243125797,-0.0013196058571338654,-3.8653013706207275,-0.0013196308864280581
7.2599971331655979,0.20645453035831451,909.74725341796875,0.2064744234085083,0.020576788112521172,61.731845855712891,0.020578883588314056,0.7850000262260437,0,0,0,268.4551243125797,-0.001310724182985723,-3.8282754421234131,-0.0013107772683724761
7.2799971252679825,0.20686481893062592,910.97601318359375,0.20688477158546448,0.020543627440929413,61.439044952392578,0.020545721054077148,0.7850000262260437,0,0,0,268.4551243125797,-0.0013015475124120712,-3.7915513515472412,-0.0013016273733228445
7.2999971173703671,0.20727443695068359,912.198974609375,0.20729443430900574,0.020510707050561905,61.147174835205078,0.020512798801064491,0.7850000262260437,0,0,0,268.4551243125797,-0.0012920985464006662,-3.7551262378692627,-0.0012922058813273907
7.3199971094727516,0.20768338441848755,913.41607666015625,0.20770342648029327,0.020478034391999245,60.856224060058594,0.020480122417211533,0.7850000262260437,0,0,0,268.4551243125797,-0.0012824034783989191,-3.7189979553222656,-0.001282538753002882
7.3399971015751362,0.20809167623519897,914.62738037109375,0.20811174809932709,0.02044561505317688,60.566184997558594,0.02044769749045372,0.7850000262260437,0,0,0,268.4551243125797,-0.0012724928092211485,-3.6831631660461426,-0.001272653928026557
7.3599970936775208,0.20849928259849548,915.83294677734375,0.20851939916610718,0.020413452759385109,60.277053833007813,0.0204155296087265,0.7850000262260437,0,0,0,268.4551243125797,-0.0012623978545889258,-3.6476194858551025,-0.0012625844683498144
7.3799970857799053,0.20890626311302185,917.03271484375,0.20892640948295593,0.02038155123591423,59.988819122314453,0.020383622497320175,0.7850000262260437,0,0,0,268.4551243125797,-0.0012521514436230063,-3.6123640537261963,-0.0012523607583716512
7.39999707788229,0.20931257307529449,918.22674560546875,0.20933276414871216,0.020349914208054543,59.70147705078125,0.02035197801887989,0.7850000262260437,0,0,0,268.4551243125797,-0.0012417857069522142,-3.5773940086364746,-0.0012420173734426498
7.4199970699846745,0.209718257188797,919.4150390625,0.20973849296569824,0.020318543538451195,59.415016174316406,0.020320599898695946,0.7850000262260437,0,0,0,268.4551243125797,-0.0012313342886045575,-3.5427074432373047,-0.0012315863277763128
7.439997062087059,0.21012328565120697,920.59765625,0.210143581032753,0.020287439227104187,59.129432678222656,0.020289488136768341,0.7850000262260437,0,0,0,268.4551243125797,-0.0012208349071443081,-3.5083012580871582,-0.0012211035937070847
7.4599970541894436,0.21052771806716919,921.7745361328125,0.2105480432510376,0.020256603136658669,58.844718933105469,0.020258644595742226,0.7850000262260437,0,0,0,268.4551243125797,-0.0012103168992325664,-3.4741730690002441,-0.0012106006033718586
7.4799970462918282,0.21093150973320007,922.94573974609375,0.21095189452171326,0.020226035267114639,58.560867309570313,0.0202280692756176,0.7850000262260437,0,0,0,268.4551243125797,-0.0011998169356957078,-3.4403200149536133,-0.0012001099530607462
7.4999970383942127,0.211334690451622,924.11126708984375,0.21135511994361877,0.02019573375582695,58.277870178222656,0.020197758451104164,0.7850000262260437,0,0,0,268.4551243125797,-0.0011893630726262927,-3.406740665435791,-0.0011896661017090082
7.5199970304965973,0.21173727512359619,925.27117919921875,0.21175773441791534,0.020165696740150452,57.995723724365234,0.02016771212220192,0.7850000262260437,0,0,0,268.4551243125797,-0.0011789870914071798,-3.3734312057495117,-0.0011792962905019522
7.5399970225989819,0.21213924884796143,926.42547607421875,0.21215976774692535,0.020135920494794846,57.71441650390625,0.020137928426265717,0.7850000262260437,0,0,0,268.4551243125797,-0.0011687171645462513,-3.3403899669647217,-0.0011690311366692185
7.5599970147013664,0.21254062652587891,927.57415771484375,0.21256119012832642,0.020106403157114983,57.433944702148438,0.020108401775360107,0.7850000262260437,0,0,0,268.4551243125797,-0.0011585813481360674,-3.3076143264770508,-0.0011588988127186894
7.579997006803751,0.21294142305850983,928.71722412109375,0.21296203136444092,0.020077139139175415,57.154304504394531,0.020079130306839943,0.7850000262260437,0,0,0,268.4551243125797,-0.0011486050207167864,-3.2751023769378662,-0.0011489209719002247
7.5999969989061356,0.21334163844585419,929.854736328125,0.21336229145526886,0.020048147067427635,56.875484466552734,0.020050136372447014,0.7850000262260437,0,0,0,268.4551243125797,-0.0011379392817616463,-3.2428514957427979,-0.0011379844509065151
7.61999699100852,0.21374128758907318,930.9866943359375,0.21376197040081024,0.020019376650452614,56.597480773925781,0.020021358504891396,0.7850000262260437,0,0,0,268.4551243125797,-0.0011292286217212677,-3.2108592987060547,-0.0011295388685539365
7.6399969831109047,0.21414037048816681,932.11309814453125,0.21416108310222626,0.019990844652056694,56.320285797119141,0.019992819055914879,0.7850000262260437,0,0,0,268.4551243125797,-0.0011198603315278888,-3.1791238784790039,-0.0011201641755178571
7.6599969752132893,0.21453887224197388,933.23394775390625,0.21455962955951691,0.019962545484304428,56.043891906738281,0.019964512437582016,0.7850000262260437,0,0,0,268.4551243125797,-0.0011107255704700947,-3.1476423740386963,-0.001111019984818995
7.6799969673156738,0.21493683755397797,934.34930419921875,0.21495762467384338,0.019934473559260368,55.768291473388672,0.019936433061957359,0.7850000262260437,0,0,0,268.4551243125797,-0.001101835398003459,-3.116412878036499,-0.0011021208483725786
7.6999969594180584,0.21533423662185669,935.45916748046875,0.21535506844520569,0.019906621426343918,55.493480682373047,0.019908573478460312,0.7850000262260437,0,0,0,268.4551243125797,-0.0010932014556601644,-3.0854322910308838,-0.0010934758465737104
7.719996951520443,0.21573108434677124,936.56353759765625,0.21575196087360382,0.01987898163497448,55.219455718994141,0.019880928099155426,0.7850000262260437,0,0,0,268.4551243125797,-0.0010848297970369458,-3.0547006130218506,-0.0010850930120795965
7.7399969436228275,0.21612739562988281,937.6624755859375,0.21614831686019897,0.019851548597216606,54.946205139160156,0.019853489473462105,0.7850000262260437,0,0,0,268.4551243125797,-0.00107672403100878,-3.0242135524749756,-0.0010769758373498917
7.7599969357252121,0.21652317047119141,938.75592041015625,0.21654412150382996,0.0198243148624897,54.673725128173828,0.019826250150799751,0.7850000262260437,0,0,0,268.4551243125797,-0.0010688882321119308,-2.9939706325531006,-0.0010691285133361816
7.7799969278275967,0.21691839396953583,939.84393310546875,0.21693940460681915,0.019797274842858315,54.402011871337891,0.019799204543232918,0.7850000262260437,0,0,0,268.4551243125797,-0.0010613222839310765,-2.9639685153961182,-0.0010615491773933172
7.7999969199299812,0.21731309592723846,940.92657470703125,0.21733413636684418,0.019770421087741852,54.131053924560547,0.019772345200181007,0.7850000262260437,0,0,0,268.4551243125797,-0.0010540231596678495,-2.9342057704925537,-0.0010542372474446893
7.8199969120323658,0.21770729124546051,942.0037841796875,0.21772836148738861,0.019743746146559715,53.8608512878418,0.019745664671063423,0.7850000262260437,0,0,0,268.4551243125797,-0.0010469884146004915,-2.9046800136566162,-0.0010471866698935628
7.83999690413475,0.21810095012187958,943.07562255859375,0.21812206506729126,0.019717244431376457,53.591392517089844,0.019719157367944717,0.7850000262260437,0,0,0,268.4551243125797,-0.0010402111802250147,-2.87539005279541,-0.0010403927881270647
7.8599968962371349,0.21849408745765686,944.14208984375,0.21851523220539093,0.019690908491611481,53.322673797607422,0.019692817702889442,0.7850000262260437,0,0,0,268.4551243125797,-0.0010336824925616384,-2.8463325500488281,-0.0010338485008105636
7.8799968883395195,0.21888671815395355,945.20318603515625,0.21890789270401,0.019664732739329338,53.054691314697266,0.019666638225317,0.7850000262260437,0,0,0,268.4551243125797,-0.0010273937368765473,-2.8175063133239746,-0.0010275428649038076
7.8999968804419041,0.21927882730960846,946.2589111328125,0.2193000316619873,0.019638711586594582,52.787437438964844,0.019640613347291946,0.7850000262260437,0,0,0,268.4551243125797,-0.0010213329223915935,-2.7889096736907959,-0.0010214670328423381
7.9199968725442886,0.21967042982578278,947.309326171875,0.21969164907932281,0.019612839445471764,52.520904541015625,0.01961473748087883,0.7850000262260437,0,0,0,268.4551243125797,-0.0010154881747439504,-2.760540246963501,-0.0010156070347875357
7.9399968646466732,0.22006151080131531,948.35443115234375,0.22008277475833893,0.019587110728025436,52.255088806152344,0.019589006900787354,0.7850000262260437,0,0,0,268.4551243125797,-0.0010098465718328953,-2.732396125793457,-0.0010099511127918959
7.9599968567490578,0.22045208513736725,949.39422607421875,0.22047339379787445,0.0195615217089653,51.989986419677734,0.01956341415643692,0.7850000262260437,0,0,0,268.4551243125797,-0.001004394143819809,-2.7044751644134521,-0.001004484947770834
7.9799968488514423,0.2208421528339386,950.4287109375,0.22086350619792938,0.019536066800355911,51.725589752197266,0.019537957385182381,0.7850000262260437,0,0,0,268.4551243125797,-0.00099911517463624477,-2.676776647567749,-0.000999194337055087
7.9999968409538269,0.22123172879219055,951.45794677734375,0.22125309705734253,0.019510742276906967,51.461891174316406,0.019512630999088287,0.7850000262260437,0,0,0,268.4551243125797,-0.00099399476312100887,-2.6492979526519775,-0.00099406321533024311
8.0199968330562115,0.22162079811096191,952.48193359375,0.22164221107959747,0.019485544413328171,51.198886871337891,0.019487431272864342,0.7850000262260437,0,0,0,268.4551243125797,-0.00098901800811290741,-2.6220366954803467,-0.00098907505162060261
8.039996825158596,0.22200936079025269,953.50067138671875,0.22203081846237183,0.019460469484329224,50.936573028564453,0.019462356343865395,0.7850000262260437,0,0,0,268.4551243125797,-0.00098416919354349375,-2.59499192237854,-0.00098421599250286818
8.05999681726098,0.22239741683006287,954.51416015625,0.22241891920566559,0.01943548209965229,50.674942016601563,0.019437367096543312,0.7850000262260437,0,0,0,268.4551243125797,-0.00098074867855757475,-2.5681617259979248,-0.00098086206708103418
8.0799968093633652,0.22278499603271484,955.5224609375,0.22280652821063995,0.019410673528909683,50.413990020751953,0.019412554800510406,0.7850000262260437,0,0,0,268.4551243125797,-0.00097375363111495972,-2.5415439605712891,-0.000973869173321873
8.09999680146575,0.22317206859588623,956.5255126953125,0.22319363057613373,0.019385954365134239,50.153709411621094,0.019387835636734962,0.7850000262260437,0,0,0,268.4551243125797,-0.00097021477995440364,-2.5151379108428955,-0.00097023416310548782
8.1199967935681343,0.22355864942073822,957.52337646484375,0.2235802561044693,0.019361350685358047,49.894096374511719,0.019363231956958771,0.7850000262260437,0,0,0,268.4551243125797,-0.0009657161426730454,-2.4889404773712158,-0.00096572627080604434
8.1399967856705189,0.22394472360610962,958.51605224609375,0.22396637499332428,0.019336860626935959,49.635147094726563,0.019338741898536682,0.7850000262260437,0,0,0,268.4551243125797,-0.00096126692369580269,-2.4629502296447754,-0.00096126948483288288
8.1599967777729034,0.22433032095432281,959.50360107421875,0.22435201704502106,0.019312482327222824,49.376853942871094,0.019314363598823547,0.7850000262260437,0,0,0,268.4551243125797,-0.00095685338601469994,-2.4371669292449951,-0.0009568489040248096
8.179996769875288,0.22471542656421661,960.4859619140625,0.22473715245723724,0.019288215786218643,49.119213104248047,0.019290097057819366,0.7850000262260437,0,0,0,268.4551243125797,-0.00095246161799877882,-2.4115872383117676,-0.00095245195552706718
8.1999967619776726,0.22510004043579102,961.46319580078125,0.22512181103229523,0.019264061003923416,48.862216949462891,0.019265942275524139,0.7850000262260437,0,0,0,268.4551243125797,-0.00094807893037796021,-2.3862104415893555,-0.00094806426204741
8.2199967540800571,0.22548417747020721,962.435302734375,0.22550596296787262,0.019240017980337143,48.605861663818359,0.019241899251937866,0.7850000262260437,0,0,0,268.4551243125797,-0.00094369350699707866,-2.3610351085662842,-0.00094367522979155183
8.2399967461824417,0.22586782276630402,963.40228271484375,0.225889652967453,0.019216086715459824,48.350143432617188,0.019217967987060547,0.7850000262260437,0,0,0,268.4551243125797,-0.00093929364811629057,-2.3360583782196045,-0.00093927176203578711
8.2599967382848263,0.22625096142292023,964.36419677734375,0.2262728363275528,0.019192269071936607,48.095058441162109,0.019194150343537331,0.7850000262260437,0,0,0,268.4551243125797,-0.00093486893456429243,-2.3112797737121582,-0.000934844312723726
8.27999673038721,0.22663363814353943,965.32098388671875,0.22665554285049438,0.019168565049767494,47.840599060058594,0.019170446321368217,0.7850000262260437,0,0,0,268.4551243125797,-0.00093041005311533809,-2.2866978645324707,-0.00093038380146026611
8.2999967224895954,0.22701583802700043,966.272705078125,0.22703777253627777,0.019144974648952484,47.586761474609375,0.019146857783198357,0.7850000262260437,0,0,0,268.4551243125797,-0.00092590844724327326,-2.2623100280761719,-0.00092588161351159215
8.31999671459198,0.22739753127098083,967.2193603515625,0.22741951048374176,0.019121499732136726,47.333538055419922,0.019123384729027748,0.7850000262260437,0,0,0,268.4551243125797,-0.00092135625891387463,-2.2381160259246826,-0.00092133029829710722
8.3399967066943645,0.22777876257896423,968.16094970703125,0.22780078649520874,0.019098144024610519,47.080928802490234,0.019100029021501541,0.7850000262260437,0,0,0,268.4551243125797,-0.00091674801660701632,-2.214113712310791,-0.00091672310372814536
8.35999669879675,0.22815951704978943,969.0975341796875,0.22818157076835632,0.019074905663728714,46.828926086425781,0.019076792523264885,0.7850000262260437,0,0,0,268.4551243125797,-0.00091207766672596335,-2.1903014183044434,-0.00091205444186925888
8.3799966908991337,0.22853979468345642,970.02911376953125,0.2285618782043457,0.019051788374781609,46.5775260925293,0.01905367523431778,0.7850000262260437,0,0,0,268.4551243125797,-0.00090734020341187716,-2.1666779518127441,-0.00090732000535354018
8.3999966830015182,0.22891959547996521,970.95562744140625,0.22894172370433807,0.019028794020414352,46.32672119140625,0.019030680879950523,0.7850000262260437,0,0,0,268.4551243125797,-0.00090253155212849379,-2.1432421207427979,-0.00090251502115279436
8.4199966751039028,0.2292989194393158,971.87713623046875,0.22932109236717224,0.019005924463272095,46.076507568359375,0.019007811322808266,0.7850000262260437,0,0,0,268.4551243125797,-0.00089765072334557772,-2.1199917793273926,-0.00089763797586783767
8.4399966672062874,0.22967778146266937,972.793701171875,0.22969998419284821,0.018983181565999985,45.826881408691406,0.018985068425536156,0.7850000262260437,0,0,0,268.4551243125797,-0.00089269439922645688,-2.0969259738922119,-0.00089268607553094625
8.459996659308672,0.23005616664886475,973.70526123046875,0.23007841408252716,0.018960565328598022,45.577838897705078,0.018962452188134193,0.7850000262260437,0,0,0,268.4551243125797,-0.0008876622305251658,-2.0740430355072021,-0.00088765926193445921
8.4799966514110565,0.23043408989906311,974.61187744140625,0.23045638203620911,0.018938079476356506,45.329376220703125,0.018939966335892677,0.7850000262260437,0,0,0,268.4551243125797,-0.000882553867995739,-2.0513420104980469,-0.00088255701120942831
8.4999966435134411,0.23081155121326447,975.51348876953125,0.23083388805389404,0.018915725871920586,45.081485748291016,0.018917612731456757,0.7850000262260437,0,0,0,268.4551243125797,-0.00087737082503736019,-2.0288212299346924,-0.00087737932335585356
8.5199966356158257,0.23118855059146881,976.41015625,0.23121093213558197,0.01889350637793541,44.834163665771484,0.018895393237471581,0.7850000262260437,0,0,0,268.4551243125797,-0.0008721125777810812,-2.0064792633056641,-0.00087212829384952784
8.53999662771821,0.23156508803367615,977.3018798828125,0.23158749938011169,0.018871422857046127,44.587406158447266,0.0188733097165823,0.7850000262260437,0,0,0,268.4551243125797,-0.00086678267689421773,-1.9843144416809082,-0.00086680520325899124
8.5599966198205948,0.23194117844104767,978.188720703125,0.2319636344909668,0.018849477171897888,44.341209411621094,0.01885136216878891,0.7850000262260437,0,0,0,268.4551243125797,-0.00086138350889086723,-1.9623262882232666,-0.00086141296196728945
8.57999661192298,0.23231680691242218,979.07061767578125,0.23233930766582489,0.018827671185135841,44.0955696105957,0.018829554319381714,0.7850000262260437,0,0,0,268.4551243125797,-0.000855918216984719,-1.9405131340026855,-0.00085595523705706
8.5999966040253639,0.23269198834896088,979.9476318359375,0.23271453380584717,0.018806004896759987,43.850482940673828,0.018807888031005859,0.7850000262260437,0,0,0,268.4551243125797,-0.00085039017722010612,-1.9188734292984009,-0.00085043476428836584
8.6199965961277485,0.23306672275066376,980.81976318359375,0.23308932781219482,0.018784482032060623,43.605941772460938,0.018786363303661346,0.7850000262260437,0,0,0,268.4551243125797,-0.00084480363875627518,-1.8974066972732544,-0.00084485718980431557
8.6399965882301331,0.23344101011753082,981.68701171875,0.23346365988254547,0.01876310259103775,43.361942291259766,0.018764981999993324,0.7850000262260437,0,0,0,268.4551243125797,-0.00083916349103674293,-1.8761106729507446,-0.00083922571502625942
8.6599965803325176,0.23381486535072327,982.54937744140625,0.23383753001689911,0.018741868436336517,43.118480682373047,0.018743745982646942,0.7850000262260437,0,0,0,268.4551243125797,-0.00083347543841227889,-1.8549844026565552,-0.00083354546222835779
8.6799965724349022,0.23418828845024109,983.4068603515625,0.23421098291873932,0.018720779567956924,42.875553131103516,0.0187226552516222,0.7850000262260437,0,0,0,268.4551243125797,-0.00082774343900382519,-1.8340264558792114,-0.00082782137906178832
8.6999965645372868,0.2345612496137619,984.259521484375,0.23458400368690491,0.018699837848544121,42.633155822753906,0.018701711669564247,0.7850000262260437,0,0,0,268.4551243125797,-0.000821973429992795,-1.8132362365722656,-0.00082205916987732053
8.7199965566396713,0.23493380844593048,985.10736083984375,0.23495657742023468,0.018679043278098106,42.391284942626953,0.018680915236473083,0.7850000262260437,0,0,0,268.4551243125797,-0.0008161701844073832,-1.7926121950149536,-0.00081626506289467216
8.7399965487420559,0.23530592024326324,985.95037841796875,0.23532873392105103,0.01865839771926403,42.149932861328125,0.018660267814993858,0.7850000262260437,0,0,0,268.4551243125797,-0.00081034068716689944,-1.7721526622772217,-0.00081044289981946349
8.75999654084444,0.23567761480808258,986.78857421875,0.23570045828819275,0.018637901172041893,41.909099578857422,0.018639767542481422,0.7850000262260437,0,0,0,268.4551243125797,-0.00080449040979146957,-1.7518572807312012,-0.00080460024764761329
8.779996532946825,0.23604887723922729,987.6219482421875,0.23607178032398224,0.018617553636431694,41.668777465820313,0.018619418144226074,0.7850000262260437,0,0,0,268.4551243125797,-0.00079862459097057581,-1.7317242622375488,-0.00079874135553836823
8.79999652504921,0.23641972243785858,988.45050048828125,0.23644265532493591,0.018597356975078583,41.4289665222168,0.018599217757582664,0.7850000262260437,0,0,0,268.4551243125797,-0.0007927499245852232,-1.7117528915405273,-0.00079287437256425619
8.8199965171515942,0.23679015040397644,989.2742919921875,0.23681312799453735,0.01857730932533741,41.189659118652344,0.018579166382551193,0.7850000262260437,0,0,0,268.4551243125797,-0.00078687176574021578,-1.6919418573379517,-0.00078700267476961017
8.8399965092539787,0.23716017603874207,990.09332275390625,0.23718319833278656,0.018557410687208176,40.950851440429688,0.01855926401913166,0.7850000262260437,0,0,0,268.4551243125797,-0.00078099546954035759,-1.6722896099090576,-0.00078113289782777429
8.8599965013563633,0.23752978444099426,990.9075927734375,0.23755283653736115,0.018537662923336029,40.712543487548828,0.018539512529969215,0.7850000262260437,0,0,0,268.4551243125797,-0.00077512796269729733,-1.6527955532073975,-0.00077527051325887442
8.8799964934587479,0.23789899051189423,991.71710205078125,0.2379220724105835,0.018518064171075821,40.474727630615234,0.018519910052418709,0.7850000262260437,0,0,0,268.4551243125797,-0.00076927314512431622,-1.6334586143493652,-0.00076942081796005368
8.8999964855611324,0.23826779425144196,992.5218505859375,0.23829092085361481,0.018498614430427551,40.237400054931641,0.018500454723834991,0.7850000262260437,0,0,0,268.4551243125797,-0.000763437245041132,-1.6142773628234863,-0.00076358974911272526
8.919996477663517,0.23863619565963745,993.32183837890625,0.23865935206413269,0.018479311838746071,40.000556945800781,0.018481148406863213,0.7850000262260437,0,0,0,268.4551243125797,-0.00075762544292956591,-1.5952503681182861,-0.00075778202153742313
8.9399964697659016,0.23900420963764191,994.11712646484375,0.23902739584445953,0.01846015639603138,39.764194488525391,0.018461989238858223,0.7850000262260437,0,0,0,268.4551243125797,-0.00075184227898716927,-1.5763777494430542,-0.000752002524677664
8.9599964618682861,0.23937182128429413,994.90771484375,0.23939505219459534,0.018441148102283478,39.5283088684082,0.018442977219820023,0.7850000262260437,0,0,0,268.4551243125797,-0.00074609287548810244,-1.5576578378677368,-0.00074625620618462563
8.97999645397067,0.23973904550075531,995.69354248046875,0.23976230621337891,0.018422285094857216,39.292896270751953,0.018424110487103462,0.7850000262260437,0,0,0,268.4551243125797,-0.00074038136517629027,-1.5390892028808594,-0.00074054690776392817
8.9999964460730553,0.24010588228702545,996.4747314453125,0.24012917280197144,0.018403565511107445,39.057952880859375,0.018405387178063393,0.7850000262260437,0,0,0,268.4551243125797,-0.00073471083305776119,-1.5206708908081055,-0.00073487864574417472
9.01999643817544,0.24047233164310455,997.251220703125,0.24049566686153412,0.018384989351034164,38.8234748840332,0.018386807292699814,0.7850000262260437,0,0,0,268.4551243125797,-0.00072908616857603192,-1.5024021863937378,-0.00072925584390759468
9.0399964302778244,0.24083840847015381,998.02301025390625,0.24086177349090576,0.018366556614637375,38.589458465576172,0.018368368968367577,0.7850000262260437,0,0,0,268.4551243125797,-0.00072351074777543545,-1.4842817783355713,-0.000723681238014251
9.059996422380209,0.24120411276817322,998.79010009765625,0.24122750759124756,0.018348263576626778,38.355899810791016,0.018350072205066681,0.7850000262260437,0,0,0,268.4551243125797,-0.00071798823773860931,-1.4663089513778687,-0.00071815849514678121
9.0799964144825935,0.24156942963600159,999.55255126953125,0.24159286916255951,0.018330110237002373,38.122795104980469,0.018331915140151978,0.7850000262260437,0,0,0,268.4551243125797,-0.00071252067573368549,-1.4484827518463135,-0.000712691165972501
9.0999964065849781,0.24193437397480011,1000.3103637695313,0.24195785820484161,0.018312094733119011,37.890140533447266,0.018313895910978317,0.7850000262260437,0,0,0,268.4551243125797,-0.00070711091393604875,-1.4308016300201416,-0.00070728128775954247
9.1199963986873627,0.24229896068572998,1001.0635375976563,0.24232245981693268,0.018294215202331543,37.657932281494141,0.018296012654900551,0.7850000262260437,0,0,0,268.4551243125797,-0.000701761688105762,-1.4132654666900635,-0.000701931188814342
9.1399963907897472,0.24266317486763,1001.8120727539063,0.24268671870231628,0.01827646978199482,37.426170349121094,0.018278263509273529,0.7850000262260437,0,0,0,268.4551243125797,-0.00069647462805733085,-1.3958724737167358,-0.00069664331385865808
9.1599963828921318,0.24302704632282257,1002.5559692382813,0.24305061995983124,0.018258858472108841,37.194847106933594,0.018260648474097252,0.7850000262260437,0,0,0,268.4551243125797,-0.00069125188747420907,-1.37862229347229,-0.00069141894346103072
9.1799963749945164,0.2433905303478241,1003.2952270507813,0.24341414868831635,0.018241377547383308,36.963958740234375,0.018243163824081421,0.7850000262260437,0,0.00048828125,0,268.4551243125797,-0.00068609497975558043,-1.3615137338638306,-0.00068625988205894828
9.1999963670969009,0.24375367164611816,1004.0299072265625,0.2437773197889328,0.018224027007818222,36.733501434326172,0.018225809559226036,0.7850000262260437,0,0.00048828125,0,268.4551243125797,-0.0006810047198086977,-1.3445463180541992,-0.00068116752663627267
9.2199963591992855,0.24411647021770477,1004.7599487304688,0.2441401481628418,0.018206804990768433,36.503475189208984,0.018208583816885948,0.7850000262260437,0,0,0,268.4551243125797,-0.00067598244640976191,-1.3277182579040527,-0.00067614257568493485
9.23999635130167,0.24447889626026154,1005.4854125976563,0.24450260400772095,0.018189709633588791,36.273872375488281,0.018191482871770859,0.7850000262260437,0,0,0,268.4551243125797,-0.00067102862522006035,-1.311029314994812,-0.00067118590231984854
9.2599963434040546,0.24484097957611084,1006.206298828125,0.24486471712589264,0.018172737210989,36.044692993164063,0.018174506723880768,0.7850000262260437,0,0.00048828125,0,268.4551243125797,-0.00066614273237064481,-1.294478178024292,-0.00066629721550270915
9.27999633550644,0.24520272016525269,1006.922607421875,0.24522650241851807,0.018155887722969055,35.8159294128418,0.018157653510570526,0.7850000262260437,0,0,0,268.4551243125797,-0.00066132697975263,-1.278064489364624,-0.000661477621179074
9.2999963276088238,0.24556411802768707,1007.6343383789063,0.24558793008327484,0.018139159306883812,35.587581634521484,0.018140921369194984,0.7850000262260437,0,0,0,268.4551243125797,-0.000656579271890223,-1.2617861032485962,-0.0006567261298187077
9.3199963197112083,0.245925173163414,1008.341552734375,0.24594901502132416,0.01812255010008812,35.359645843505859,0.018124308437108994,0.7850000262260437,0,0,0,268.4551243125797,-0.00065190042369067669,-1.2456437349319458,-0.00065204384736716747
9.3399963118135929,0.24628588557243347,1009.044189453125,0.24630975723266602,0.018106058239936829,35.132118225097656,0.018107812851667404,0.7850000262260437,0,0,0,268.4551243125797,-0.00064728967845439911,-1.2296361923217773,-0.00064742885297164321
9.3599963039159775,0.24664627015590668,1009.7423095703125,0.24667017161846161,0.01808968186378479,34.904994964599609,0.018091434612870216,0.7850000262260437,0,0,0,268.4551243125797,-0.00064274680335074663,-1.2137620449066162,-0.0006428814958781004
9.379996296018362,0.24700631201267242,1010.4358520507813,0.24703024327754974,0.018073420971632004,34.678272247314453,0.018075169995427132,0.7850000262260437,0,0,0,268.4551243125797,-0.000638270634226501,-1.1980209350585938,-0.00063840072834864259
9.3999962881207466,0.24736602604389191,1011.1248779296875,0.24738998711109161,0.018057271838188171,34.451946258544922,0.018059017136693,0.7850000262260437,0,0,0,268.4551243125797,-0.000633860647212714,-1.1824115514755249,-0.000633985735476017
9.4199962802231312,0.24772541224956512,1011.8093872070313,0.24774938821792603,0.018041232600808144,34.226016998291016,0.018042976036667824,0.7850000262260437,0,0,0,268.4551243125797,-0.00062951497966423631,-1.166933536529541,-0.00062963500386103988
9.4399962723255157,0.24808445572853088,1012.4893798828125,0.24810846149921417,0.01802530325949192,34.0004768371582,0.018027042970061302,0.7850000262260437,0,0,0,268.4551243125797,-0.0006252334569580853,-1.1515867710113525,-0.00062534806784242392
9.4599962644279,0.24844317138195038,1013.1648559570313,0.24846722185611725,0.018009481951594353,33.775325775146484,0.018011217936873436,0.7850000262260437,0,0,0,268.4551243125797,-0.00062101305229589343,-1.1363685131072998,-0.00062112265732139349
9.4799962565302849,0.2488015741109848,1013.8358764648438,0.24882565438747406,0.017993766814470291,33.550559997558594,0.017995499074459076,0.7850000262260437,0,0,0,268.4551243125797,-0.00061685364926233888,-1.121279239654541,-0.00061695813201367855
9.49999624863267,0.24915964901447296,1014.5023803710938,0.24918374419212341,0.017978155985474586,33.326171875,0.017979884520173073,0.7850000262260437,0,0,0,268.4551243125797,-0.000612752977758646,-1.1063178777694702,-0.00061285228002816439
9.519996240735054,0.24951739609241486,1015.1644287109375,0.2495415210723877,0.01796264760196209,33.102165222167969,0.017964374274015427,0.7850000262260437,0,0.00048828125,0,268.4551243125797,-0.000608710222877562,-1.0914835929870605,-0.00060880417004227638
9.5399962328374386,0.24987484514713287,1015.822021484375,0.24989898502826691,0.017947239801287651,32.878532409667969,0.017948964610695839,0.7850000262260437,0,0.00048828125,0,268.4551243125797,-0.00060472253244370222,-1.0767760276794434,-0.000604811473749578
9.5599962249398232,0.25023195147514343,1016.47509765625,0.25025612115859985,0.017931932583451271,32.655269622802734,0.01793365553021431,0.7850000262260437,0,0,0,268.4551243125797,-0.00060078909154981375,-1.0621938705444336,-0.00060087296878919
9.5799962170422077,0.25058877468109131,1017.1237182617188,0.25061297416687012,0.0179167240858078,32.432376861572266,0.01791844516992569,0.7850000262260437,0,0,0,268.4551243125797,-0.00059690728085115552,-1.0477361679077148,-0.00059698621043935418
9.5999962091445923,0.25094527006149292,1017.7679443359375,0.25096949934959412,0.017901614308357239,32.209846496582031,0.017903333529829979,0.7850000262260437,0,0,0,268.4551243125797,-0.00059307663468644023,-1.0334032773971558,-0.00059315032558515668
9.6199962012469769,0.25130140781402588,1018.40771484375,0.25132569670677185,0.017886601388454437,31.987680435180664,0.017888318747282028,0.7850000262260437,0,0,0,268.4551243125797,-0.00058929366059601307,-1.0191935300827026,-0.000589362985920161
9.6399961933493614,0.25165724754333496,1019.0430297851563,0.2516816258430481,0.017871683463454247,31.765872955322266,0.017873398959636688,0.7850000262260437,0,0,0,268.4551243125797,-0.00058555806754156947,-1.0051066875457764,-0.00058562261983752251
9.659996185451746,0.25201281905174255,1019.6738891601563,0.25203719735145569,0.017856858670711517,31.54442024230957,0.01785857230424881,0.7850000262260437,0,0,0,268.4551243125797,-0.00058186706155538559,-0.99114173650741577,-0.00058192701544612646
9.67999617755413,0.25236806273460388,1020.3003540039063,0.25239250063896179,0.01784212701022625,31.323320388793945,0.017843838781118393,0.7850000262260437,0,0,0,268.4551243125797,-0.00057821942027658224,-0.9772980809211731,-0.00057827436830848455
9.6999961696565151,0.25272300839424133,1020.9224243164063,0.25274744629859924,0.017827486619353294,31.102571487426758,0.017829198390245438,0.7850000262260437,0,0,0,268.4551243125797,-0.00057461240794509649,-0.96357482671737671,-0.00057466287398710847
9.7199961617589,0.25307765603065491,1021.5400390625,0.25310212373733521,0.017812937498092651,30.882167816162109,0.017814647406339645,0.7850000262260437,0,0,0,268.4551243125797,-0.00057104520965367556,-0.94997167587280273,-0.00057109090266749263
9.7399961538612843,0.25343194603919983,1022.1532592773438,0.25345644354820251,0.017798477783799171,30.662107467651367,0.017800187692046165,0.7850000262260437,0,0,0,268.4551243125797,-0.00056751555530354381,-0.93648761510849,-0.00056755600962787867
9.7599961459636688,0.25378599762916565,1022.7620849609375,0.25381052494049072,0.017784107476472855,30.4423885345459,0.017785817384719849,0.7850000262260437,0,0,0,268.4551243125797,-0.000564021582249552,-0.92312216758728027,-0.00056405737996101379
9.7799961380660534,0.25413969159126282,1023.3665161132813,0.25416424870491028,0.0177698265761137,30.223007202148438,0.017771534621715546,0.7850000262260437,0,0,0,268.4551243125797,-0.00056056142784655094,-0.90987449884414673,-0.00056059309281408787
9.799996130168438,0.25449314713478088,1023.966552734375,0.25451770424842834,0.017755631357431412,30.003959655761719,0.017757339403033257,0.7850000262260437,0,0,0,268.4551243125797,-0.000557134160771966,-0.89674454927444458,-0.00055716157658025622
9.8199961222708225,0.2548462450504303,1024.562255859375,0.25487086176872253,0.017741523683071136,29.785243988037109,0.017743231728672981,0.7850000262260437,0,0,0,268.4551243125797,-0.00055373844224959612,-0.88373059034347534,-0.00055376160889863968
9.8399961143732071,0.25519907474517822,1025.153564453125,0.25522372126579285,0.017727501690387726,29.566856384277344,0.017729209735989571,0.7850000262260437,0,0,0,268.4551243125797,-0.00055037194397300482,-0.870832622051239,-0.00055039138533174992
9.8599961064755917,0.25555160641670227,1025.7406005859375,0.25557628273963928,0.01771356537938118,29.348794937133789,0.017715271562337875,0.7850000262260437,0,0.00034526697709225118,0,268.4551243125797,-0.00054703309433534741,-0.85804969072341919,-0.00054704869398847222
9.8799960985779762,0.25590384006500244,1026.3232421875,0.25592854619026184,0.017699712887406349,29.13105583190918,0.017701419070363045,0.7850000262260437,0,0,0,268.4551243125797,-0.00054372119484469295,-0.84538143873214722,-0.00054373312741518021
9.89999609068036,0.25625577569007874,1026.9014892578125,0.25628051161766052,0.017685944214463234,28.913637161254883,0.01768765039741993,0.7850000262260437,0,0,0,268.4551243125797,-0.00054043397540226579,-0.83282685279846191,-0.00054044293938204646
9.9199960827827454,0.25660741329193115,1027.4754638671875,0.25663220882415771,0.017672257497906685,28.696535110473633,0.01767396368086338,0.7850000262260437,0,0,0,268.4551243125797,-0.00053717108676210046,-0.82038557529449463,-0.00053717714035883546
9.93999607488513,0.25695878267288208,1028.0450439453125,0.25698360800743103,0.017658654600381851,28.479747772216797,0.017660360783338547,0.7850000262260437,0,0,0,268.4551243125797,-0.00053393072448670864,-0.80805730819702148,-0.00053393404232338071
9.9599960669875145,0.25730982422828674,1028.6103515625,0.25733470916748047,0.017645133659243584,28.263271331787109,0.017646839842200279,0.7850000262260437,0,0,0,268.4551243125797,-0.00053071189904585481,-0.79584121704101563,-0.00053071300499141216
9.9799960590898991,0.25766059756278992,1029.1712646484375,0.25768554210662842,0.017631694674491882,28.047103881835938,0.017633400857448578,0.7850000262260437,0,0,0,268.4551243125797,-0.000527513911947608,-0.78373664617538452,-0.00052751216571778059
9.9999960511922836,0.25801107287406921,1029.7279052734375,0.2580360472202301,0.017618335783481598,27.831241607666016,0.017620041966438293,0.7850000262260437,0,0,0,268.4551243125797,-0.00052433542441576719,-0.77174299955368042,-0.0005243315827101469
10.019996043294668,0.258361279964447,1030.2802734375,0.2583862841129303,0.01760505698621273,27.615682601928711,0.017606763169169426,0.7850000262260437,0,0,0,268.4551243125797,-0.00052117480663582683,-0.75985968112945557,-0.00052116910228505731
10.039996035397053,0.25871118903160095,1030.8282470703125,0.258736252784729,0.01759185828268528,27.400423049926758,0.017593564465641975,0.7850000262260437,0,0,0,268.4551243125797,-0.000518032000400126,-0.74808603525161743,-0.00051802489906549454
10.059996027499437,0.25906082987785339,1031.3719482421875,0.25908589363098145,0.017578739672899246,27.185461044311523,0.017580445855855942,0.7850000262260437,0,0,0,268.4551243125797,-0.0005149058997631073,-0.73642164468765259,-0.00051489745965227485
10.079996019601822,0.25941017270088196,1031.911376953125,0.2594352662563324,0.01756570115685463,26.970792770385742,0.017567407339811325,0.7850000262260437,0,0,0,268.4551243125797,-0.00051179557340219617,-0.72486591339111328,-0.00051178631838411093
10.099996011704206,0.25975921750068665,1032.446533203125,0.25978437066078186,0.017552740871906281,26.756416320800781,0.017554447054862976,0.7850000262260437,0,0,0,268.4551243125797,-0.00050870090490207076,-0.71341812610626221,-0.0005086907185614109
10.119996003806591,0.26010799407958984,1032.9774169921875,0.26013317704200745,0.0175398588180542,26.542329788208008,0.017541565001010895,0.7850000262260437,0,0,0,268.4551243125797,-0.00050562096294015646,-0.70207792520523071,-0.00050561007810756564
10.139995995908976,0.26045647263526917,1033.5040283203125,0.26048168540000916,0.017527054995298386,26.328529357910156,0.017528761178255081,0.7850000262260437,0,0,0,268.4551243125797,-0.00050255487440153956,-0.69084459543228149,-0.00050254387315362692
10.15999598801136,0.260804682970047,1034.0263671875,0.26082995533943176,0.01751432940363884,26.115011215209961,0.017516035586595535,0.7850000262260437,0,0,0,268.4551243125797,-0.00049950240645557642,-0.67971765995025635,-0.00049949099775403738
10.179995980113745,0.26115262508392334,1034.54443359375,0.26117789745330811,0.017501680180430412,25.901775360107422,0.017503386363387108,0.7850000262260437,0,0,0,268.4551243125797,-0.00049646361730992794,-0.66869664192199707,-0.00049645226681604981
10.199995972216129,0.26150029897689819,1035.0582275390625,0.26152560114860535,0.017489109188318253,25.688816070556641,0.017490815371274948,0.7850000262260437,0,0,0,268.4551243125797,-0.0004934375174343586,-0.65778088569641113,-0.00049342634156346321
10.219995964318514,0.26184767484664917,1035.5677490234375,0.26187300682067871,0.017476614564657211,25.476133346557617,0.017478320747613907,0.7850000262260437,0,0,0,268.4551243125797,-0.000490424397867173,-0.64697003364562988,-0.00049041328020393848
10.239995956420898,0.26219478249549866,1036.072998046875,0.26222014427185059,0.017464196309447289,25.263723373413086,0.017465902492403984,0.7850000262260437,0,0,0,268.4551243125797,-0.00048742323997430503,-0.63626343011856079,-0.0004874125006608665
10.259995948523283,0.26254159212112427,1036.573974609375,0.26256701350212097,0.017451854422688484,25.051582336425781,0.01745356060564518,0.7850000262260437,0,0,0,268.4551243125797,-0.00048443410196341574,-0.6256604790687561,-0.00048442385741509497
10.279995940625668,0.26288816332817078,1037.07080078125,0.26291361451148987,0.0174395889043808,24.839710235595703,0.017441295087337494,0.7850000262260437,0,0,0,268.4551243125797,-0.00048145712935365736,-0.61516082286834717,-0.00048144772881641984
10.299995932728052,0.2632344663143158,1037.5633544921875,0.26325991749763489,0.017427397891879082,24.628103256225586,0.017429104074835777,0.7850000262260437,0,0,0,268.4551243125797,-0.000478492263937369,-0.60476440191268921,-0.00047848347458057106
10.319995924830437,0.26358047127723694,1038.0516357421875,0.26360595226287842,0.017415281385183334,24.416757583618164,0.017416989430785179,0.7850000262260437,0,0,0,268.4551243125797,-0.00047553906915709376,-0.59447002410888672,-0.00047553071635775268
10.339995916932821,0.26392620801925659,1038.5357666015625,0.26395171880722046,0.017403241246938705,24.205671310424805,0.01740494929254055,0.7850000262260437,0,0,0,268.4551243125797,-0.00047259748680517077,-0.584277331829071,-0.00047259018174372613
10.359995909035206,0.26427167654037476,1039.015625,0.264297217130661,0.017391275614500046,23.994842529296875,0.017392983660101891,0.7850000262260437,0,0,0,268.4551243125797,-0.00046966766240075231,-0.57418596744537354,-0.00046966108493506908
10.37999590113759,0.26461684703826904,1039.4913330078125,0.26464244723320007,0.017379384487867355,23.784267425537109,0.0173810925334692,0.7850000262260437,0,0,0,268.4551243125797,-0.00046674945042468607,-0.56419557332992554,-0.00046674418263137341
10.399995893239975,0.26496177911758423,1039.9627685546875,0.26498740911483765,0.017367566004395485,23.573945999145508,0.017369275912642479,0.7850000262260437,0,0,0,268.4551243125797,-0.00046384320012293756,-0.55430519580841064,-0.00046383868902921677
10.41999588534236,0.26530644297599792,1040.4300537109375,0.26533207297325134,0.017355822026729584,23.363872528076172,0.017357531934976578,0.7850000262260437,0,0,0,268.4551243125797,-0.00046094853314571083,-0.544515073299408,-0.00046094527351669967
10.439995877444744,0.26565083861351013,1040.8931884765625,0.26567652821540833,0.017344150692224503,23.1540470123291,0.017345860600471497,0.7850000262260437,0,0,0,268.4551243125797,-0.00045806632260791957,-0.53482431173324585,-0.00045806408161297441
10.459995869547129,0.26599496603012085,1041.35205078125,0.26602071523666382,0.017332553863525391,22.944465637207031,0.017334263771772385,0.7850000262260437,0,0,0,268.4551243125797,-0.00045519604464061558,-0.52523249387741089,-0.0004551950260065496
10.479995861649513,0.26633885502815247,1041.8067626953125,0.26636460423469543,0.0173210296779871,22.735126495361328,0.017322739586234093,0.7850000262260437,0,0,0,268.4551243125797,-0.00045233842683956027,-0.515739381313324,-0.00045233842683956027
10.499995853751898,0.26668244600296021,1042.25732421875,0.26670825481414795,0.017309578135609627,22.526025772094727,0.017311288043856621,0.7850000262260437,0,0,0,268.4551243125797,-0.00044949314906261861,-0.506344199180603,-0.00044949422590434551
10.519995845854282,0.26702579855918884,1042.70361328125,0.267051637172699,0.017298197373747826,22.317161560058594,0.01729990728199482,0.7850000262260437,0,0,0,268.4551243125797,-0.00044666050234809518,-0.49704667925834656,-0.0004466627724468708
10.539995837956667,0.267368882894516,1043.145751953125,0.26739475131034851,0.017286889255046844,22.108531951904297,0.017288599163293839,0.7850000262260437,0,0,0,268.4551243125797,-0.00044384083594195545,-0.4878464937210083,-0.0004438442992977798
10.559995830059052,0.26771169900894165,1043.583740234375,0.26773759722709656,0.017275651916861534,21.900135040283203,0.017277361825108528,0.7850000262260437,0,0,0,268.4551243125797,-0.000441034440882504,-0.47874307632446289,-0.00044103898108005524
10.579995822161436,0.26805427670478821,1044.017578125,0.2680802047252655,0.017264487221837044,21.691967010498047,0.017266197130084038,0.7850000262260437,0,0,0,268.4551243125797,-0.00043824128806591034,-0.46973606944084167,-0.0004382469633128494
10.599995814263821,0.26839658617973328,1044.447265625,0.26842254400253296,0.017253393307328224,21.484025955200195,0.017255103215575218,0.7850000262260437,0,0,0,268.4551243125797,-0.00043546169763430953,-0.46082499623298645,-0.00043546830420382321
10.619995806366205,0.26873862743377686,1044.872802734375,0.26876461505889893,0.017242368310689926,21.276309967041016,0.01724407821893692,0.7850000262260437,0,0,0,268.4551243125797,-0.00043269555317237973,-0.45200952887535095,-0.00043270355672575533
10.63999579846859,0.26908043026924133,1045.294189453125,0.26910644769668579,0.0172314140945673,21.068815231323242,0.017233124002814293,0.7850000262260437,0,0,0,268.4551243125797,-0.00042994334944523871,-0.44328898191452026,-0.00042995251715183258
10.659995790570974,0.26942193508148193,1045.71142578125,0.26944804191589355,0.017220530658960342,20.861541748046875,0.017222238704562187,0.7850000262260437,0,0.00048828125,0,268.4551243125797,-0.00042720534838736057,-0.43466365337371826,-0.00042721597128547728
10.679995782673359,0.26976320147514343,1046.12451171875,0.26978933811187744,0.017209716141223907,20.654485702514648,0.017211424186825752,0.7850000262260437,0,0,0,268.4551243125797,-0.00042448175372555852,-0.4261324405670166,-0.00042449356988072395
10.699995774775743,0.27010422945022583,1046.533447265625,0.27013039588928223,0.017198970541357994,20.447643280029297,0.017200678586959839,0.7850000262260437,0,0,0,268.4551243125797,-0.00042177276918664575,-0.417695015668869,-0.00042178569128736854
10.719995766878128,0.27044501900672913,1046.938232421875,0.27047118544578552,0.017188293859362602,20.24101448059082,0.017190001904964447,0.7850000262260437,0,0,0,268.4551243125797,-0.00041907833656296134,-0.4093511700630188,-0.00041909251012839377
10.739995758980513,0.27078554034233093,1047.3388671875,0.27081173658370972,0.017177684232592583,20.034595489501953,0.017179392278194427,0.7850000262260437,0,0,0,268.4551243125797,-0.00041639889241196215,-0.40110069513320923,-0.00041641420102678239
10.759995751082897,0.27112582325935364,1047.7354736328125,0.27115204930305481,0.017167143523693085,19.828384399414063,0.01716885156929493,0.7850000262260437,0,0,0,268.4551243125797,-0.00041373464046046138,-0.39294296503067017,-0.00041375099681317806
10.779995743185282,0.27146583795547485,1048.1279296875,0.27149209380149841,0.017156669870018959,19.622379302978516,0.017158377915620804,0.7850000262260437,0,0,0,268.4551243125797,-0.000411085580708459,-0.38487797975540161,-0.00041110313031822443
10.799995735287666,0.27180561423301697,1048.5162353515625,0.27183189988136292,0.017146263271570206,19.416576385498047,0.01714797131717205,0.7850000262260437,0,0,0,268.4551243125797,-0.00040845171315595508,-0.37690469622612,-0.00040847033960744739
10.819995727390051,0.27214512228965759,1048.9005126953125,0.27217146754264832,0.017135923728346825,19.210973739624023,0.017137631773948669,0.7850000262260437,0,0,0,268.4551243125797,-0.00040583324152976274,-0.36902320384979248,-0.00040585306123830378
10.839995719492435,0.27248439192771912,1049.2806396484375,0.27251076698303223,0.017125651240348816,19.005571365356445,0.017127357423305511,0.7850000262260437,0,0,0,268.4551243125797,-0.00040323051507584751,-0.36123308539390564,-0.00040325146983377635
10.85999571159482,0.27282342314720154,1049.6566162109375,0.27284979820251465,0.01711544394493103,18.800363540649414,0.017117150127887726,0.7850000262260437,0,0,0,268.4551243125797,-0.00040064312634058297,-0.35353395342826843,-0.00040066507062874734
10.879995703697205,0.27316218614578247,1050.028564453125,0.27318859100341797,0.017105301842093468,18.59535026550293,0.017107008025050163,0.7850000262260437,0,0,0,268.4551243125797,-0.0003980716282967478,-0.34592539072036743,-0.00039809453301131725
10.899995695799589,0.2735007107257843,1050.3963623046875,0.27352717518806458,0.017095224931836128,18.390527725219727,0.017096931114792824,0.7850000262260437,0,0,0,268.4551243125797,-0.00039551564259454608,-0.338407427072525,-0.0003955395077355206
10.919995687901974,0.27383899688720703,1050.7601318359375,0.27386549115180969,0.017085213214159012,18.185895919799805,0.017086917534470558,0.7850000262260437,0,0,0,268.4551243125797,-0.00039297531475313008,-0.33097922801971436,-0.00039300014032050967
10.939995680004358,0.27417701482772827,1051.1197509765625,0.27420353889465332,0.017075264826416969,17.9814510345459,0.017076969146728516,0.7850000262260437,0,0,0,268.4551243125797,-0.00039045041194185615,-0.32364073395729065,-0.00039047596510499716
10.959995672106743,0.27451479434967041,1051.475341796875,0.27454137802124023,0.01706538163125515,17.777189254760742,0.017067084088921547,0.7850000262260437,0,0,0,268.4551243125797,-0.00038794081774540246,-0.31639158725738525,-0.00038796727312728763
10.979995664209127,0.27485233545303345,1051.8267822265625,0.27487897872924805,0.017055561766028404,17.573110580444336,0.017057262361049652,0.7850000262260437,0,0,0,268.4551243125797,-0.00038544667768292129,-0.30923119187355042,-0.00038547391886822879
10.999995656311512,0.27518963813781738,1052.1741943359375,0.275216281414032,0.017045805230736732,17.369213104248047,0.017047503963112831,0.7850000262260437,0,0,0,268.4551243125797,-0.00038296778802759945,-0.30215972661972046,-0.00038299581501632929
11.019995648413897,0.27552670240402222,1052.5174560546875,0.2755533754825592,0.017036110162734985,17.165493011474609,0.017037808895111084,0.7850000262260437,0,0,0,268.4551243125797,-0.00038050385774113238,-0.29517653584480286,-0.00038053258322179317
11.039995640516281,0.27586349844932556,1052.856689453125,0.27589023113250732,0.017026478424668312,16.961948394775391,0.017028175294399261,0.7850000262260437,0,0,0,268.4551243125797,-0.0003780543920584023,-0.28828123211860657,-0.0003780839906539768
11.059995632618666,0.27620008587837219,1053.19189453125,0.27622681856155396,0.017016908153891563,16.758577346801758,0.017018605023622513,0.7850000262260437,0,0,0,268.4551243125797,-0.00037561956560239196,-0.281473845243454,-0.00037564995000138879
11.07999562472105,0.27653640508651733,1053.52294921875,0.27656319737434387,0.017007399350404739,16.555377960205078,0.017009096220135689,0.7850000262260437,0,0,0,268.4551243125797,-0.00037319891271181405,-0.27475380897521973,-0.00037322979187592864
11.099995616823435,0.27687248587608337,1053.8499755859375,0.27689933776855469,0.01699795201420784,16.352346420288086,0.016999648883938789,0.7850000262260437,0,0,0,268.4551243125797,-0.0003707919386215508,-0.26812091469764709,-0.00037082360358908772
11.119995608925819,0.2772083580493927,1054.1729736328125,0.277235209941864,0.016988566145300865,16.149482727050781,0.016990263015031815,0.7850000262260437,0,0,0,268.4551243125797,-0.000368398439604789,-0.26157486438751221,-0.000368430744856596
11.139995601028204,0.27754399180412292,1054.491943359375,0.27757087349891663,0.016979241743683815,15.946783065795898,0.016980936750769615,0.7850000262260437,0,0,0,268.4551243125797,-0.00036601800820790231,-0.2551153302192688,-0.00036605098284780979
11.159995593130589,0.27787935733795166,1054.806884765625,0.27790626883506775,0.01696997694671154,15.744245529174805,0.016971670091152191,0.7850000262260437,0,0,0,268.4551243125797,-0.00036364991683512926,-0.248742014169693,-0.00036368326982483268
11.179995585232973,0.27821448445320129,1055.11767578125,0.27824145555496216,0.016960771754384041,15.541868209838867,0.016962464898824692,0.7850000262260437,0,0.00034526697709225118,0,268.4551243125797,-0.00036129378713667393,-0.24245478212833405,-0.0003613275766838342
11.199995577335358,0.27854940295219421,1055.4244384765625,0.27857637405395508,0.016951626166701317,15.339649200439453,0.016953319311141968,0.7850000262260437,0,0.00034526697709225118,0,268.4551243125797,-0.00035894860047847033,-0.23625311255455017,-0.00035898300120607018
11.219995569437742,0.27888405323028564,1055.7271728515625,0.27891108393669128,0.016942540183663368,15.137585639953613,0.016944233328104019,0.7850000262260437,0,0,0,268.4551243125797,-0.0003566141240298748,-0.23013685643672943,-0.00035664896131493151
11.239995561540127,0.27921849489212036,1056.02587890625,0.279245525598526,0.016933513805270195,14.935675621032715,0.016935205087065697,0.7850000262260437,0,0.00034526697709225118,0,268.4551243125797,-0.00035428933915682137,-0.22410574555397034,-0.0003543247003108263
11.259995553642511,0.279552698135376,1056.320556640625,0.279579758644104,0.016924547031521797,14.733917236328125,0.01692623645067215,0.7850000262260437,0,0,0,268.4551243125797,-0.00035197386750951409,-0.21815964579582214,-0.00035200957790948451
11.279995545744896,0.27988666296005249,1056.6112060546875,0.27991375327110291,0.016915637999773026,14.532308578491211,0.016917327418923378,0.7850000262260437,0,0.00034526697709225118,0,268.4551243125797,-0.000349666690453887,-0.21229806542396545,-0.00034970266278833151
11.299995537847281,0.2802203893661499,1056.8978271484375,0.28024750947952271,0.016906788572669029,14.330846786499023,0.016908476129174232,0.7850000262260437,0,0,0,268.4551243125797,-0.00034736667294055223,-0.20652090013027191,-0.00034740311093628407
11.319995529949665,0.28055387735366821,1057.180419921875,0.28058105707168579,0.016897996887564659,14.12952995300293,0.016899684444069862,0.7850000262260437,0,0,0,268.4551243125797,-0.00034507323289290071,-0.20082776248455048,-0.00034510987461544573
11.33999552205205,0.28088712692260742,1057.458984375,0.28091433644294739,0.016889262944459915,13.928356170654297,0.016890950500965118,0.7850000262260437,0,0.00034526697709225118,0,268.4551243125797,-0.00034278497332707047,-0.19521854817867279,-0.00034282208071090281
11.359995514154434,0.28122016787528992,1057.7335205078125,0.28124737739562988,0.016880588605999947,13.727323532104492,0.01688227429986,0.7850000262260437,0,0.00034526697709225118,0,268.4551243125797,-0.00034050102112814784,-0.18969286978244781,-0.00034053833223879337
11.379995506256819,0.28155297040939331,1058.0040283203125,0.28158020973205566,0.016871972009539604,13.526429176330566,0.016873655840754509,0.7850000262260437,0,0.00034526697709225118,0,268.4551243125797,-0.00033822041586972773,-0.18425068259239197,-0.00033825775608420372
11.399995498359203,0.2818855345249176,1058.2705078125,0.28191280364990234,0.016863413155078888,13.325671195983887,0.016865095123648643,0.7850000262260437,0,0,0,268.4551243125797,-0.00033594138221815228,-0.17889156937599182,-0.00033597880974411964
11.419995490461588,0.28221786022186279,1058.532958984375,0.28224518895149231,0.016854912042617798,13.12504768371582,0.016856594011187553,0.7850000262260437,0,0.00034526697709225118,0,268.4551243125797,-0.00033366301795467734,-0.17361536622047424,-0.00033370056189596653
11.439995482563972,0.28254994750022888,1058.79150390625,0.28257733583450317,0.016846468672156334,12.924556732177734,0.016848150640726089,0.7850000262260437,0,0.00034526697709225118,0,268.4551243125797,-0.00033138363505713642,-0.16842177510261536,-0.00033142132451757789
11.459995474666357,0.28288182616233826,1059.0460205078125,0.28290924429893494,0.016838083043694496,12.724196434020996,0.016839765012264252,0.7850000262260437,0,0.00059801997849717736,0,268.4551243125797,-0.00032910192385315895,-0.16331066191196442,-0.00032913981704041362
11.479995466768742,0.28321346640586853,1059.2965087890625,0.2832409143447876,0.016829757019877434,12.523963928222656,0.01683143712580204,0.7850000262260437,0,0.00034526697709225118,0,268.4551243125797,-0.00032681628363206983,-0.15828180313110352,-0.00032685429323464632
11.499995458871126,0.28354489803314209,1059.54296875,0.28357234597206116,0.016821488738059998,12.323857307434082,0.016823168843984604,0.7850000262260437,0,0.00034526697709225118,0,268.4551243125797,-0.00032452523009851575,-0.15333488583564758,-0.0003245630650781095
11.519995450973511,0.28387609124183655,1059.785400390625,0.283903568983078,0.016813280060887337,12.123874664306641,0.016814958304166794,0.7850000262260437,0,0.00059801997849717736,0,268.4551243125797,-0.00032222684239968657,-0.14846985042095184,-0.00032226485200226307
11.539995443075895,0.2842070460319519,1060.02392578125,0.28423455357551575,0.016805129125714302,11.9240140914917,0.016806807368993759,0.7850000262260437,0,0.00034526697709225118,0,268.4551243125797,-0.0003199193743057549,-0.14368626475334167,-0.00031995720928534865
11.55999543517828,0.28453776240348816,1060.2584228515625,0.28456532955169678,0.016797037795186043,11.724272727966309,0.016798714175820351,0.7850000262260437,0,0.00034526697709225118,0,268.4551243125797,-0.00031760087586008012,-0.1389840841293335,-0.00031763868173584342
11.579995427280664,0.28486829996109009,1060.4888916015625,0.28489586710929871,0.016789006069302559,11.524649620056152,0.016790680587291718,0.7850000262260437,0,0.00059801997849717736,0,268.4551243125797,-0.00031526951352134347,-0.13436312973499298,-0.00031530717387795448
11.599995419383049,0.28519856929779053,1060.7154541015625,0.28522619605064392,0.01678103394806385,11.325141906738281,0.01678270660340786,0.7850000262260437,0,0.00034526697709225118,0,268.4551243125797,-0.00031292281346395612,-0.12982305884361267,-0.00031296032830141485
11.619995411485434,0.28552863001823425,1060.93798828125,0.28555625677108765,0.016773121431469917,11.125747680664063,0.016774794086813927,0.7850000262260437,0,0.00034526697709225118,0,268.4551243125797,-0.00031055876752361655,-0.1253637820482254,-0.00031059616594575346
11.639995403587818,0.28585848212242126,1061.156494140625,0.28588613867759705,0.016765270382165909,10.926465034484863,0.016766941174864769,0.7850000262260437,0,0.00059801997849717736,0,268.4551243125797,-0.00030817510560154915,-0.12098507583141327,-0.00030821235850453377
11.659995395690203,0.28618809580802917,1061.37109375,0.28621578216552734,0.016757480800151825,10.727292060852051,0.016759149730205536,0.7850000262260437,0,0.00059801997849717736,0,268.4551243125797,-0.00030576961580663919,-0.11668678373098373,-0.0003058066067751497
11.679995387792587,0.28651750087738037,1061.5816650390625,0.28654521703720093,0.016749752685427666,10.528226852416992,0.016751419752836227,0.7850000262260437,0,0.00059801997849717736,0,268.4551243125797,-0.00030333930044434965,-0.11246867477893829,-0.00030337600037455559
11.699995379894972,0.28684663772583008,1061.7882080078125,0.2868744432926178,0.016742086037993431,10.329266548156738,0.016743753105401993,0.7850000262260437,0,0.00059801997849717736,0,268.4551243125797,-0.00030088162748143077,-0.10833054780960083,-0.00030091800726950169
11.719995371997356,0.28717559576034546,1061.9908447265625,0.28720340132713318,0.01673448458313942,10.130410194396973,0.016736149787902832,0.7850000262260437,0,0.00059801997849717736,0,268.4551243125797,-0.00029839380295015872,-0.10427229106426239,-0.00029843003721907735
11.739995364099741,0.28750428557395935,1062.189453125,0.28753215074539185,0.016726946458220482,9.9316549301147461,0.016728609800338745,0.7850000262260437,0,0.00077204045373946428,0,268.4551243125797,-0.00029587326571345329,-0.10029371827840805,-0.000295909121632576
11.759995356202126,0.28783279657363892,1062.3841552734375,0.28786066174507141,0.016719473525881767,9.7329988479614258,0.016721135005354881,0.7850000262260437,0,0.00059801997849717736,0,268.4551243125797,-0.00029331649420782924,-0.096394583582878113,-0.00029335208819247782
11.77999534830451,0.28816106915473938,1062.5748291015625,0.28818899393081665,0.016712065786123276,9.5344400405883789,0.01671372726559639,0.7850000262260437,0,0.00077204045373946428,0,268.4551243125797,-0.000290720839984715,-0.092574805021286011,-0.00029075602651573718
11.799995340406895,0.28848913311958313,1062.7615966796875,0.2885170578956604,0.016704726964235306,9.3359766006469727,0.016706386581063271,0.7850000262260437,0,0.00077204045373946428,0,268.4551243125797,-0.00028808251954615116,-0.088834159076213837,-0.00028811753145419061
11.819995332509279,0.28881698846817017,1062.9443359375,0.28884497284889221,0.016697455197572708,9.1376066207885742,0.016699114814400673,0.7850000262260437,0,0.00077204045373946428,0,268.4551243125797,-0.00028539862250909209,-0.085172548890113831,-0.00028543322696350515
11.839995324611664,0.28914463520050049,1063.1231689453125,0.28917264938354492,0.016690254211425781,8.93932819366455,0.016691911965608597,0.7850000262260437,0,0.00091349059948697686,0,268.4551243125797,-0.00028266521985642612,-0.081589758396148682,-0.00028269944596104324
11.859995316714048,0.2894720733165741,1063.2979736328125,0.28950011730194092,0.016683124005794525,8.7411384582519531,0.016684779897332191,0.7850000262260437,0,0.00077204045373946428,0,268.4551243125797,-0.00027987873181700706,-0.078085668385028839,-0.00027991263777948916
11.879995308816433,0.2897992730140686,1063.4688720703125,0.28982734680175781,0.016676066443324089,8.5430364608764648,0.016677720472216606,0.7850000262260437,0,0.00091349059948697686,0,268.4551243125797,-0.00027703528758138418,-0.074660085141658783,-0.00027706878609023988
11.899995300918818,0.2901262640953064,1063.6357421875,0.29015439748764038,0.016669081524014473,8.3450193405151367,0.01667073555290699,0.7850000262260437,0,0.0009765625,0,268.4551243125797,-0.00027413104544393718,-0.071312949061393738,-0.00027416410739533603
11.919995293021202,0.29045304656028748,1063.7987060546875,0.29048123955726624,0.016662172973155975,8.1470861434936523,0.016663827002048492,0.7850000262260437,0,0.0010918300831690431,0,268.4551243125797,-0.0002711616107262671,-0.068044014275074,-0.00027119426522403955
11.939995285123587,0.29077962040901184,1063.9576416015625,0.290807843208313,0.016655342653393745,7.9492340087890625,0.016656994819641113,0.7850000262260437,0,0.0010918300831690431,0,268.4551243125797,-0.00026812282158061862,-0.064853213727474213,-0.00026815512683242559
11.959995277225971,0.29110601544380188,1064.1126708984375,0.291134238243103,0.016648590564727783,7.7514610290527344,0.016650242730975151,0.7850000262260437,0,0.0010918300831690431,0,268.4551243125797,-0.00026501022512093186,-0.061740409582853317,-0.00026504203560762107
11.979995269328356,0.29143217206001282,1064.2637939453125,0.29146045446395874,0.016641920432448387,7.5537652969360352,0.016643570736050606,0.7850000262260437,0,0.0012448780471459031,0,268.4551243125797,-0.00026181904831901193,-0.058705385774374008,-0.00026185039314441383
11.99999526143074,0.29175814986228943,1064.410888671875,0.29178643226623535,0.016635334119200706,7.356144905090332,0.016636982560157776,0.7850000262260437,0,0.0012448780471459031,0,268.4551243125797,-0.00025854460545815527,-0.0557481050491333,-0.00025857548462226987
12.019995253533125,0.29208391904830933,1064.5540771484375,0.2921122610569,0.01662883348762989,7.1585979461669922,0.016630480065941811,0.7850000262260437,0,0.0013372133253142238,0,268.4551243125797,-0.000255181803368032,-0.052868388593196869,-0.0002552121295593679
12.039995245635509,0.29240947961807251,1064.693359375,0.2924378514289856,0.016622420400381088,6.9611225128173828,0.016624065116047859,0.7850000262260437,0,0.0014235723065212369,0,268.4551243125797,-0.00025172557798214257,-0.050066150724887848,-0.00025175535120069981
12.059995237737894,0.292734831571579,1064.82861328125,0.29276323318481445,0.016616096720099449,6.7637162208557129,0.01661774143576622,0.7850000262260437,0,0.0015049841022118926,0,268.4551243125797,-0.00024817042867653072,-0.047341249883174896,-0.00024819967802613974
12.079995229840279,0.29306000471115112,1064.9599609375,0.29308846592903137,0.016609868034720421,6.5663776397705078,0.016611510887742043,0.7850000262260437,0,0.0015822123968973756,0,268.4551243125797,-0.00024451094213873148,-0.044693551957607269,-0.00024453960941173136
12.099995221942663,0.29338499903678894,1065.08740234375,0.29341346025466919,0.016603734344244003,6.3691043853759766,0.016605377197265625,0.7850000262260437,0,0.0016558425268158317,0,268.4551243125797,-0.00024074141401797533,-0.042122982442379,-0.00024076952831819654
12.119995214045048,0.29370981454849243,1065.2108154296875,0.29373830556869507,0.016597699373960495,6.1718950271606445,0.016599342226982117,0.7850000262260437,0,0.00172633514739573,0,268.4551243125797,-0.00023685581982135773,-0.039629392325878143,-0.00023688342480454594
12.139995206147432,0.29403442144393921,1065.330322265625,0.29406294226646423,0.016591766849160194,5.9747471809387207,0.016593409702181816,0.7850000262260437,0,0.0018593198619782925,0,268.4551243125797,-0.00023284819326363504,-0.037212718278169632,-0.00023287520161829889
12.159995198249817,0.29435884952545166,1065.4459228515625,0.29438740015029907,0.0165859404951334,5.7776589393615723,0.016587581485509872,0.7850000262260437,0,0.0019834081176668406,0,268.4551243125797,-0.00022871214605402201,-0.034872852265834808,-0.00022873863053973764
12.179995190352201,0.29468309879302979,1065.5574951171875,0.2947116494178772,0.016580222174525261,5.5806283950805664,0.016581863164901733,0.7850000262260437,0,0.0020716022700071335,0,268.4551243125797,-0.0002244411880383268,-0.032609660178422928,-0.00022446703223977238
12.199995182454586,0.2950071394443512,1065.6651611328125,0.295035719871521,0.016574615612626076,5.3836531639099121,0.016576256603002548,0.7850000262260437,0,0.0022375863045454025,0,268.4551243125797,-0.00022002855257596821,-0.030423052608966827,-0.00022005378559697419
12.219995174556971,0.29533100128173828,1065.7689208984375,0.29535961151123047,0.016569126397371292,5.1867318153381348,0.016570765525102615,0.7850000262260437,0,0.0023920803796499968,0,268.4551243125797,-0.00021546744392253458,-0.028312968090176582,-0.00021549208031501621
12.239995166659355,0.29565468430519104,1065.8687744140625,0.29568332433700562,0.016563756391406059,4.9898624420166016,0.016565395519137383,0.7850000262260437,0,0.0025135823525488377,0,268.4551243125797,-0.00021075067343190312,-0.026279279962182045,-0.00021077458222862333
12.25999515876174,0.29597821831703186,1065.964599609375,0.29600688815116882,0.016558511182665825,4.7930426597595215,0.016560150310397148,0.7850000262260437,0,0.0026744275819510221,0,268.4551243125797,-0.00020587073231581599,-0.024321913719177246,-0.0002058940299320966
12.279995150864124,0.29630157351493835,1066.0565185546875,0.29633027315139771,0.016553394496440887,4.59627103805542,0.016555033624172211,0.7850000262260437,0,0.0028887118678539991,0,268.4551243125797,-0.0002008203009609133,-0.02244081161916256,-0.00020084295829292387
12.299995142966509,0.29662474989891052,1066.14453125,0.29665350914001465,0.016548411920666695,4.3995451927185059,0.016550049185752869,0.7850000262260437,0,0.0030881629791110754,0,268.4551243125797,-0.00019559152133297175,-0.020635860040783882,-0.0001956134510692209
12.319995135068893,0.29694774746894836,1066.2286376953125,0.29697653651237488,0.016543567180633545,4.2028636932373047,0.01654520258307457,0.7850000262260437,0,0.0032936388161033392,0,268.4551243125797,-0.00019017637532670051,-0.01890699565410614,-0.00019019757746718824
12.339995127171278,0.29727062582969666,1066.3087158203125,0.29729944467544556,0.016538864001631737,4.0062241554260254,0.016540499404072762,0.7850000262260437,0,0.0035547430161386728,0,268.4551243125797,-0.00018456664110999554,-0.017254145815968513,-0.00018458710110280663
12.359995119273663,0.297593355178833,1066.3848876953125,0.2976222038269043,0.016534309834241867,3.8096249103546143,0.016535945236682892,0.7850000262260437,0,0.0038291984237730503,0,268.4551243125797,-0.00017875384946819395,-0.015677228569984436,-0.00017877355276141316
12.379995111376047,0.29791593551635742,1066.4571533203125,0.2979448139667511,0.016529908403754234,3.6130638122558594,0.016531543806195259,0.7850000262260437,0,0.0041432068683207035,0,268.4551243125797,-0.0001727294729789719,-0.014176196418702602,-0.00017274847778026015
12.399995103478432,0.29823833703994751,1066.5255126953125,0.29826724529266357,0.016525667160749435,3.4165389537811279,0.01652730256319046,0.7850000262260437,0,0.0045017348602414131,0,268.4551243125797,-0.00016648459131829441,-0.012750972062349319,-0.00016650276666041464
12.419995095580816,0.29856061935424805,1066.5899658203125,0.29858958721160889,0.016521589830517769,3.2200484275817871,0.016523225232958794,0.7850000262260437,0,0.0048950091004371643,0,268.4551243125797,-0.00016001005133148283,-0.011401493102312088,-0.00016002746997401118
12.4399950876832,0.29888281226158142,1066.650390625,0.29891178011894226,0.016517683863639832,3.0235905647277832,0.016519319266080856,0.7850000262260437,0,0.0053377044387161732,0,268.4551243125797,-0.00015329655434470624,-0.010127712972462177,-0.0001533131580799818
12.459995079785585,0.29920482635498047,1066.7069091796875,0.29923385381698608,0.016513954848051071,2.8271632194519043,0.016515590250492096,0.7850000262260437,0,0.0058492021635174751,0,268.4551243125797,-0.00014633459795732051,-0.00892956554889679,-0.0001463503431295976
12.47999507188797,0.29952675104141235,1066.759521484375,0.29955580830574036,0.016510410234332085,2.6307644844055176,0.016512045636773109,0.7850000262260437,0,0.0064408830367028713,0,268.4551243125797,-0.00013911444693803787,-0.0078070079907774925,-0.00013912937720306218
12.499995063990355,0.29984855651855469,1066.8082275390625,0.29987764358520508,0.016507057473063469,2.4343924522399902,0.016508691012859344,0.7850000262260437,0,0.0071346047334373,0,268.4551243125797,-0.00013162614777684212,-0.0067599872127175331,-0.00013164017582312226
12.519995056092739,0.30017027258872986,1066.85302734375,0.30019935965538025,0.016503902152180672,2.2380449771881104,0.016505535691976547,0.7850000262260437,0,0.0079411612823605537,0,268.4551243125797,-0.00012385954323690385,-0.0057884599082171917,-0.0001238726545125246
12.539995048195124,0.30049186944961548,1066.8939208984375,0.30052101612091064,0.01650095172226429,2.0417203903198242,0.016502585262060165,0.7850000262260437,0,0.0089236954227089882,0,268.4551243125797,-0.00011580424325075,-0.0048923846334218979,-0.00011581643775571138
12.559995040297508,0.30081337690353394,1066.9307861328125,0.30084255337715149,0.01649821363389492,1.845416784286499,0.016499847173690796,0.7850000262260437,0,0.010113478638231754,0,268.4551243125797,-0.00010744969767984003,-0.0040717232041060925,-0.0001074609681381844
12.579995032399893,0.30113476514816284,1066.9637451171875,0.30116397142410278,0.016495697200298309,1.6491321325302124,0.016497330740094185,0.7850000262260437,0,0.011596102267503738,0,268.4551243125797,-9.8785210866481066E-05,-0.003326439531520009,-9.8795528174377978E-05
12.599995024502277,0.30145612359046936,1066.9927978515625,0.30148535966873169,0.016493409872055054,1.4528645277023315,0.016495043411850929,0.7850000262260437,0,0.013478787615895271,0,268.4551243125797,-8.9799832494463772E-05,-0.0026565026491880417,-8.9809167548082769E-05
12.619995016604662,0.30177739262580872,1067.0179443359375,0.30180662870407104,0.01649135909974575,1.2566120624542236,0.016492992639541626,0.7850000262260437,0,0.015961067751049995,0,268.4551243125797,-8.0482554039917886E-05,-0.0020618818234652281,-8.04908704594709E-05
12.639995008707047,0.30209857225418091,1067.0391845703125,0.302127867937088,0.016489554196596146,1.0603728294372559,0.016491187736392021,0.7850000262260437,0,0.019369134679436684,0,268.4551243125797,-7.0822170528117567E-05,-0.0015425531892105937,-7.0829446485731751E-05
12.659995000809431,0.30241972208023071,1067.0565185546875,0.30244904756546021,0.016488004475831985,0.86414492130279541,0.016489638015627861,0.7850000262260437,0,0.024333963170647621,0,268.4551243125797,-6.0807549743913114E-05,-0.0010984927648678422,-6.0813763411715627E-05
12.679994992911816,0.30274081230163574,1067.06982421875,0.30277016758918762,0.016486719250679016,0.66792643070220947,0.016488352790474892,0.7850000262260437,0,0.03222980722784996,0,268.4551243125797,-5.0427570386091247E-05,-0.00072968046879395843,-5.0432703574188054E-05
12.6999949850142,0.30306187272071838,1067.0792236328125,0.30309125781059265,0.016485707834362984,0.47171539068222046,0.016487341374158859,0.7850000262260437,0,0.046697057783603668,0,268.4551243125797,-3.9671780541539192E-05,-0.00043610113789327443,-3.9675800508121029E-05
12.719994977116585,0.30338290333747864,1067.084716796875,0.30341231822967529,0.016484981402754784,0.27550992369651794,0.016486614942550659,0.7850000262260437,0,0.081707380712032318,0,268.4551243125797,-2.8531718271551654E-05,-0.00021774106426164508,-2.8534590455819853E-05
12.739994969218969,0.30370393395423889,1067.0863037109375,0.30373337864875793,0.016484547406435013,0.079308107495307922,0.016486180946230888,0.7850000262260437,0,0.28317385911941528,0,268.4551243125797,-1.7008687791530974E-05,-7.45901488699019E-05,-1.7010390365612693E-05
12.759994961321354,0.30402496457099915,1067.083984375,0.30405443906784058,0.016484413295984268,-0.11689198017120361,0.016486046835780144,0.7850000262260437,0,2.9419682025909424,0,268.4551243125797,-5.2327791308925953E-06,-6.64097024127841E-06,-5.2333011808514129E-06
12.779994953423738,0.30434593558311462,1067.0777587890625,0.30437546968460083,0.016484219580888748,-0.313091516494751,0.016485853120684624,0.7850000262260437,0,3.0644822120666504,0,268.4551243125797,-7.63076423027087E-06,1.3892868082621135E-05,-7.6315218393574469E-06
12.799994945526123,0.30466693639755249,1067.067626953125,0.30469650030136108,0.016483701765537262,-0.5092889666557312,0.016485335305333138,0.7850000262260437,0,3.09304141998291,0,268.4551243125797,-2.034991848631762E-05,9.63399070315063E-05,-2.0351930288597941E-05
12.819994937628508,0.30498787760734558,1067.053466796875,0.30501750111579895,0.016482844948768616,-0.70548242330551147,0.016484478488564491,0.7850000262260437,0,3.1057298183441162,0,268.4551243125797,-3.3608695957809687E-05,0.00025398284196853638,-3.3611999242566526E-05
12.839994929730892,0.30530881881713867,1067.035400390625,0.30533847212791443,0.016481637954711914,-0.90166991949081421,0.01648327149450779,0.7850000262260437,0,3.1128909587860107,0,268.4551243125797,-4.7341764002339914E-05,0.00048681689077056944,-4.7346395149361342E-05
12.859994921833277,0.305629700422287,1067.013427734375,0.30565935373306274,0.016480069607496262,-1.0978496074676514,0.016481703147292137,0.7850000262260437,0,3.1174826622009277,0,268.4551243125797,-6.1549289966933429E-05,0.0007948349229991436,-6.15552780800499E-05
12.879994913935661,0.30595046281814575,1066.987548828125,0.30598017573356628,0.016478126868605614,-1.2940194606781006,0.016479760408401489,0.7850000262260437,0,3.1206786632537842,0,268.4551243125797,-7.6238582551013678E-05,0.0011780273634940386,-7.6245953096076846E-05
12.899994906038046,0.30627119541168213,1066.957763671875,0.30630090832710266,0.016475798562169075,-1.4901776313781738,0.0164774302393198,0.7850000262260437,0,3.123028039932251,0,268.4551243125797,-9.1418594820424914E-05,0.0016363811446353793,-9.1427427832968533E-05
12.91999489814043,0.30659180879592896,1066.924072265625,0.30662155151367188,0.016473069787025452,-1.6863222122192383,0.016474701464176178,0.7850000262260437,0,3.1248233318328857,0,268.4551243125797,-0.00010709906928241253,0.0021698805503547192,-0.00010710933565860614
12.939994890242815,0.30691230297088623,1066.886474609375,0.30694210529327393,0.016469929367303848,-1.8824512958526611,0.016471559181809425,0.7850000262260437,0,3.1262407302856445,0,268.4551243125797,-0.00012329002493061125,0.0027785077691078186,-0.00012330178287811577
12.9599948823452,0.30723267793655396,1066.8448486328125,0.30726248025894165,0.016466362401843071,-2.0785629749298096,0.016467992216348648,0.7850000262260437,0,3.1273860931396484,0,268.4551243125797,-0.00014000169176142663,0.0034622414968907833,-0.00014001500676386058
12.979994874447584,0.30755290389060974,1066.79931640625,0.30758273601531982,0.016462355852127075,-2.2746553421020508,0.016463985666632652,0.7850000262260437,0,3.1283323764801025,0,268.4551243125797,-0.00015724463446531445,0.0042210593819618225,-0.00015725950652267784
12.999994866549969,0.3078729510307312,1066.7498779296875,0.30790284276008606,0.016457896679639816,-2.470726490020752,0.016459526494145393,0.7850000262260437,0,3.129119873046875,0,268.4551243125797,-0.00017502949049230665,0.0050549367442727089,-0.00017504596326034516
13.019994858652353,0.30819281935691833,1066.696533203125,0.30822274088859558,0.0164529699832201,-2.6667745113372803,0.016454599797725677,0.7850000262260437,0,3.1297926902770996,0,268.4551243125797,-0.00019336724653840065,0.0059638381935656071,-0.00019338533456902951
13.039994850754738,0.30851250886917114,1066.6392822265625,0.30854246020317078,0.016447562724351883,-2.8627974987030029,0.016449190676212311,0.7850000262260437,0,3.1303620338439941,0,268.4551243125797,-0.00021226912213023752,0.006947739515453577,-0.00021228894183877856
13.059994842857122,0.30883198976516724,1066.578125,0.30886194109916687,0.016441658139228821,-3.0587935447692871,0.016443286091089249,0.7850000262260437,0,3.1308615207672119,0,268.4551243125797,-0.00023174671514425427,0.0080066053196787834,-0.00023176823742687702
13.079994834959507,0.30915123224258423,1066.5130615234375,0.30918121337890625,0.016435243189334869,-3.2547605037689209,0.016436869278550148,0.7850000262260437,0,3.1312980651855469,0,268.4551243125797,-0.0002518119290471077,0.0091403946280479431,-0.00025183524121530354
13.099994827061892,0.30947020649909973,1066.444091796875,0.30950021743774414,0.016428301110863686,-3.4506967067718506,0.016429927200078964,0.7850000262260437,0,3.1316816806793213,0,268.4551243125797,-0.00027247704565525055,0.01034906692802906,-0.00027250213315710425
13.119994819164276,0.30978891253471375,1066.3712158203125,0.30981895327568054,0.016420817002654076,-3.6466002464294434,0.016422443091869354,0.7850000262260437,0,3.1320180892944336,0,268.4551243125797,-0.0002937548269983381,0.011632584035396576,-0.00029378177714534104
13.139994811266661,0.31010729074478149,1066.2943115234375,0.31013742089271545,0.016412774100899696,-3.8424692153930664,0.016414400190114975,0.7850000262260437,0,3.13232159614563,0,268.4551243125797,-0.00031565857352688909,0.012990899384021759,-0.00031568738631904125
13.159994803369045,0.31042540073394775,1066.2135009765625,0.31045553088188171,0.016404157504439354,-4.0383014678955078,0.016405783593654633,0.7850000262260437,0,3.132582426071167,0,268.4551243125797,-0.00033820187672972679,0.014423968270421028,-0.00033823269768618047
13.17999479547143,0.310743123292923,1066.1287841796875,0.31077331304550171,0.016394950449466705,-4.234095573425293,0.016396574676036835,0.7850000262260437,0,3.1328306198120117,0,268.4551243125797,-0.00036139931762591004,0.01593172550201416,-0.00036143211764283478
13.199994787573814,0.31106051802635193,1066.0401611328125,0.31109073758125305,0.016385134309530258,-4.4298491477966309,0.016386758536100388,0.7850000262260437,0,3.1330511569976807,0,268.4551243125797,-0.00038526597199961543,0.017514143139123917,-0.00038530072197318077
13.219994779676199,0.31137749552726746,1065.9476318359375,0.31140774488449097,0.016374692320823669,-4.6255607604980469,0.0163763165473938,0.7850000262260437,0,3.1332345008850098,0,268.4551243125797,-0.00040981732308864594,0.01917114295065403,-0.00040985419764183462
13.239994771778584,0.31169405579566956,1065.8511962890625,0.31172436475753784,0.016363607719540596,-4.82122802734375,0.016365230083465576,0.7850000262260437,0,3.1334147453308105,0,268.4551243125797,-0.00043506987276487052,0.020902670919895172,-0.00043510895920917392
13.259994763880968,0.31201022863388062,1065.7508544921875,0.31204056739807129,0.016351861879229546,-5.0168495178222656,0.016353482380509377,0.7850000262260437,0,3.1335768699645996,0,268.4551243125797,-0.00046104119974188507,0.022708682343363762,-0.00046108238166198134
13.279994755983353,0.31232589483261108,1065.6466064453125,0.31235626339912415,0.016339434310793877,-5.2124228477478027,0.016341054812073708,0.7850000262260437,0,3.1337268352508545,0,268.4551243125797,-0.00048774943570606411,0.024589084088802338,-0.00048779282951727509
13.299994748085737,0.31264105439186096,1065.5384521484375,0.31267145276069641,0.016326308250427246,-5.4079465866088867,0.016327926889061928,0.7850000262260437,0,3.1338644027709961,0,268.4551243125797,-0.00051521370187401772,0.026543842628598213,-0.00051525939488783479
13.319994740188122,0.31295570731163025,1065.4263916015625,0.31298613548278809,0.016312463209033012,-5.6034183502197266,0.016314079985022545,0.7850000262260437,0,3.1339888572692871,0,268.4551243125797,-0.00054345419630408287,0.028572859242558479,-0.00054350227583199739
13.339994732290506,0.31326982378959656,1065.3104248046875,0.31330028176307678,0.016297876834869385,-5.7988367080688477,0.016299493610858917,0.7850000262260437,0,3.13409161567688,0,268.4551243125797,-0.00057249236851930618,0.030676091089844704,-0.00057254271814599633
13.359994724392891,0.3135833740234375,1065.1905517578125,0.31361386179924011,0.016282530501484871,-5.9941997528076172,0.016284145414829254,0.7850000262260437,0,3.1341874599456787,0,268.4551243125797,-0.00060235051205381751,0.032853435724973679,-0.00060240324819460511
13.379994716495275,0.3138962984085083,1065.0667724609375,0.3139268159866333,0.01626640185713768,-6.1895051002502441,0.016268014907836914,0.7850000262260437,0,3.1342847347259521,0,268.4551243125797,-0.0006330526084639132,0.035104833543300629,-0.000633107905741781
13.39999470859766,0.31420859694480896,1064.9390869140625,0.31423914432525635,0.016249468550086021,-6.3847513198852539,0.016251079738140106,0.7850000262260437,0,3.1343505382537842,0,268.4551243125797,-0.000664623745251447,0.037430193275213242,-0.000664681603666395
13.419994700700045,0.31452023983001709,1064.8074951171875,0.31455081701278687,0.016231708228588104,-6.5799365043640137,0.01623331755399704,0.7850000262260437,0,3.1344330310821533,0,268.4551243125797,-0.00069709052331745625,0.03982945904135704,-0.00069715105928480625
13.439994692802429,0.31483113765716553,1064.6719970703125,0.31486174464225769,0.016213096678256989,-6.7750587463378906,0.016214704141020775,0.7850000262260437,0,3.1345000267028809,0,268.4551243125797,-0.0007304808241315186,0.042302489280700684,-0.00073054409585893154
13.459994684904814,0.31514132022857666,1064.5325927734375,0.31517195701599121,0.016193611547350883,-6.970116138458252,0.016195217147469521,0.7850000262260437,0,3.1345674991607666,0,268.4551243125797,-0.00076482479926198721,0.044849246740341187,-0.000764890864957124
13.479994677007198,0.3154507577419281,1064.3892822265625,0.31548139452934265,0.016173224896192551,-7.1651067733764648,0.016174828633666039,0.7850000262260437,0,3.1346099376678467,0,268.4551243125797,-0.00080015364801511168,0.047469649463891983,-0.0008002224494703114
13.499994669109583,0.3157593309879303,1064.2420654296875,0.31579002737998962,0.01615191251039505,-7.3600287437438965,0.016153514385223389,0.7850000262260437,0,3.1346700191497803,0,268.4551243125797,-0.00083650060696527362,0.050163552165031433,-0.0008365722605958581
13.519994661211967,0.31606706976890564,1064.0909423828125,0.31609779596328735,0.016129648312926292,-7.5548801422119141,0.016131248325109482,0.7850000262260437,0,3.1347131729125977,0,268.4551243125797,-0.00087390100816264749,0.052930913865566254,-0.00087397580500692129
13.539994653314352,0.31637397408485413,1063.9359130859375,0.31640470027923584,0.01610640250146389,-7.7496590614318848,0.01610800065100193,0.7850000262260437,0,3.1347479820251465,0,268.4551243125797,-0.00091239239554852247,0.055771611630916595,-0.00091247033560648561
13.559994645416737,0.31667992472648621,1063.7769775390625,0.3167107105255127,0.016082147136330605,-7.9443635940551758,0.016083743423223495,0.7850000262260437,0,3.1347830295562744,0,268.4551243125797,-0.00095201371004804969,0.0586855374276638,-0.00095209456048905849
13.579994637519121,0.31698492169380188,1063.6142578125,0.31701573729515076,0.016056852415204048,-8.1389923095703125,0.01605844683945179,0.7850000262260437,0,3.1348180770874023,0,268.4551243125797,-0.00099280697759240866,0.06167260929942131,-0.00099289126228541136
13.599994629621506,0.31728890538215637,1063.4476318359375,0.31731975078582764,0.016030488535761833,-8.3335428237915039,0.016032079234719276,0.7850000262260437,0,3.1348445415496826,0,268.4551243125797,-0.0010348166106268764,0.06473270058631897,-0.0010349040385335684
13.61999462172389,0.31759181618690491,1063.277099609375,0.31762272119522095,0.016003021970391273,-8.5280132293701172,0.016004608944058418,0.7850000262260437,0,3.1348357200622559,0,268.4551243125797,-0.0010780890006572008,0.067865714430809021,-0.0010781798046082258
13.639994613826275,0.31789365410804749,1063.1026611328125,0.31792455911636353,0.015974419191479683,-8.7224025726318359,0.015976004302501678,0.7850000262260437,0,3.1348621845245361,0,268.4551243125797,-0.0011226736241951585,0.071071542799472809,-0.0011227678041905165
13.659994605928659,0.31819432973861694,1062.92431640625,0.31822529435157776,0.015944644808769226,-8.9167079925537109,0.015946228057146072,0.7850000262260437,0,3.1348710060119629,0,268.4551243125797,-0.0011686224024742842,0.0743500292301178,-0.0011687204241752625
13.679994598031044,0.31849381327629089,1062.7420654296875,0.31852483749389648,0.015913663432002068,-9.1109285354614258,0.015915244817733765,0.7850000262260437,0,3.1348798274993896,0,268.4551243125797,-0.0012159915640950203,0.0777011513710022,-0.0012160930782556534
13.699994590133429,0.31879210472106934,1062.555908203125,0.31882312893867493,0.015881437808275223,-9.3050613403320313,0.015883017331361771,0.7850000262260437,0,3.1348888874053955,0,268.4551243125797,-0.0012648392003029585,0.081124752759933472,-0.0012649445561692119
13.719994582235813,0.31908905506134033,1062.365966796875,0.31912010908126831,0.015847928822040558,-9.4991054534912109,0.015849506482481956,0.7850000262260437,0,3.1348888874053955,0,268.4551243125797,-0.0013152267783880234,0.084620662033557892,-0.0013153362087905407
13.739994574338198,0.31938469409942627,1062.172119140625,0.31941577792167664,0.01581309549510479,-9.693058967590332,0.01581466943025589,0.7850000262260437,0,3.1348977088928223,0,268.4551243125797,-0.0013672197237610817,0.088188804686069489,-0.001367333228699863
13.759994566440582,0.31967893242836,1061.974365234375,0.31971004605293274,0.015776894986629486,-9.8869190216064453,0.015778465196490288,0.7850000262260437,0,3.1348710060119629,0,268.4551243125797,-0.0014208875363692641,0.091829024255275726,-0.0014210052322596312
13.779994558542967,0.3199717104434967,1061.772705078125,0.32000288367271423,0.015739282593131065,-10.080684661865234,0.015740849077701569,0.7850000262260437,0,3.1348710060119629,0,268.4551243125797,-0.0014763022772967815,0.095541268587112427,-0.0014764242805540562
13.799994550645351,0.32026296854019165,1061.5672607421875,0.32029417157173157,0.015700211748480797,-10.274353981018066,0.015701774507761,0.7850000262260437,0,3.1348445415496826,0,268.4551243125797,-0.0015335418283939362,0.099325314164161682,-0.0015336681390181184
13.819994542747736,0.32055267691612244,1061.35791015625,0.32058390974998474,0.0156596340239048,-10.467925071716309,0.015661193057894707,0.7850000262260437,0,3.1348268985748291,0,268.4551243125797,-0.0015926866326481104,0.10318104177713394,-0.0015928174834698439
13.839994534850121,0.3208407461643219,1061.1446533203125,0.32087200880050659,0.015617498196661472,-10.661396026611328,0.015619054436683655,0.7850000262260437,0,3.1348092555999756,0,268.4551243125797,-0.0016538240015506744,0.10710841417312622,-0.0016539591597393155
13.859994526952505,0.32112711668014526,1060.9276123046875,0.32115840911865234,0.015573752112686634,-10.854764938354492,0.015575304627418518,0.7850000262260437,0,3.1347830295562744,0,268.4551243125797,-0.0017170424107462168,0.11110714823007584,-0.0017171831568703055
13.87999451905489,0.32141172885894775,1060.7066650390625,0.32144305109977722,0.015528339892625809,-11.048030853271484,0.015529888682067394,0.7850000262260437,0,3.1347568035125732,0,268.4551243125797,-0.0017824391834437847,0.11517724394798279,-0.001782584935426712
13.899994511157274,0.32169449329376221,1060.4818115234375,0.32172584533691406,0.015481202863156796,-11.241190910339355,0.015482747927308083,0.7850000262260437,0,3.1347219944000244,0,268.4551243125797,-0.0018501159502193332,0.11931850016117096,-0.0018502664752304554
13.919994503259659,0.32197535037994385,1060.253173828125,0.32200673222541809,0.015432281419634819,-11.434243202209473,0.015433821827173233,0.7850000262260437,0,3.1346700191497803,0,268.4551243125797,-0.0019201778341084719,0.12353070825338364,-0.00192033383063972
13.939994495362043,0.3222542405128479,1060.0206298828125,0.32228562235832214,0.015381511300802231,-11.62718677520752,0.015383047051727772,0.7850000262260437,0,3.1346356868743896,0,268.4551243125797,-0.0019927378743886948,0.12781381607055664,-0.0019928994588553905
13.959994487464428,0.3225310742855072,1059.7841796875,0.32256248593330383,0.015328825451433659,-11.820019721984863,0.015330357477068901,0.7850000262260437,0,3.1346015930175781,0,268.4551243125797,-0.0020679151639342308,0.13216769695281982,-0.0020680828019976616
13.979994479566813,0.32280576229095459,1059.5439453125,0.32283720374107361,0.015274154953658581,-12.012739181518555,0.01527568232268095,0.7850000262260437,0,3.1345508098602295,0,268.4551243125797,-0.0021458349656313658,0.1365920752286911,-0.0021460084244608879
13.999994471669197,0.32307824492454529,1059.2998046875,0.32310971617698669,0.015217425301671028,-12.205344200134277,0.015218948014080524,0.7850000262260437,0,3.1344916820526123,0,268.4551243125797,-0.0022266283631324768,0.14108681678771973,-0.0022268081083893776
14.019994463771582,0.32334843277931213,1059.0518798828125,0.32337993383407593,0.015158561058342457,-12.397832870483398,0.01516007911413908,0.7850000262260437,0,3.1344330310821533,0,268.4551243125797,-0.0023104364518076181,0.1456519216299057,-0.0023106224834918976
14.039994455873966,0.32361620664596558,1058.800048828125,0.32364776730537415,0.0150974802672863,-12.590204238891602,0.015098993666470051,0.7850000262260437,0,3.1343750953674316,0,268.4551243125797,-0.0023974056821316481,0.15028709173202515,-0.0023975984659045935
14.059994447976351,0.32388150691986084,1058.54443359375,0.32391306757926941,0.015034100040793419,-12.782455444335938,0.015035607852041721,0.7850000262260437,0,3.1343173980712891,0,268.4551243125797,-0.0024876908864825964,0.1549922376871109,-0.0024878901895135641
14.079994440078735,0.32414421439170837,1058.284912109375,0.32417580485343933,0.014968330040574074,-12.974584579467773,0.014969833195209503,0.7850000262260437,0,3.1342439651489258,0,268.4551243125797,-0.0025814552791416645,0.15976721048355103,-0.0025816620327532291
14.09999443218112,0.3244042694568634,1058.0216064453125,0.32443585991859436,0.014900078065693378,-13.166590690612793,0.014901576563715935,0.7850000262260437,0,3.1341714859008789,0,268.4551243125797,-0.0026788732502609491,0.16461172699928284,-0.002679087221622467
14.119994424283504,0.324661523103714,1057.75439453125,0.32469314336776733,0.014829247258603573,-13.358471870422363,0.014830740168690681,0.7850000262260437,0,3.13409161567688,0,268.4551243125797,-0.0027801236137747765,0.16952575743198395,-0.0027803459670394659
14.139994416385889,0.32491585612297058,1057.4833984375,0.3249475359916687,0.014755734242498875,-13.550225257873535,0.014757220633327961,0.7850000262260437,0,3.1340124607086182,0,268.4551243125797,-0.0028854021802544594,0.17450909316539764,-0.0028856322169303894
14.159994408488274,0.325167179107666,1057.2086181640625,0.32519888877868652,0.014679430983960629,-13.741849899291992,0.014680910855531693,0.7850000262260437,0,3.1339263916015625,0,268.4551243125797,-0.0029949075542390347,0.17956148087978363,-0.0029951464384794235
14.179994400590658,0.32541540265083313,1056.929931640625,0.325447142124176,0.014600224792957306,-13.933344841003418,0.014601698145270348,0.7850000262260437,0,3.1338415145874023,0,268.4551243125797,-0.0031088562682271004,0.18468286097049713,-0.0031091026030480862
14.199994392693043,0.32566037774086,1056.6474609375,0.32569214701652527,0.014517996460199356,-14.124707221984863,0.014519463293254375,0.7850000262260437,0,3.1337268352508545,0,268.4551243125797,-0.0032274732366204262,0.18987312912940979,-0.0032277288846671581
14.219994384795427,0.32590198516845703,1056.361083984375,0.32593375444412231,0.014432621188461781,-14.315936088562012,0.014434080570936203,0.7850000262260437,0,3.133636474609375,0,268.4551243125797,-0.0033509945496916771,0.19513188302516937,-0.0033512599766254425
14.239994376897812,0.32614007592201233,1056.0709228515625,0.326171875,0.014343966729938984,-14.507028579711914,0.014345419593155384,0.7850000262260437,0,3.1335248947143555,0,268.4551243125797,-0.0034796735271811485,0.20045910775661469,-0.0034799480345100164
14.259994369000196,0.32637450098991394,1055.7769775390625,0.326406329870224,0.014251896180212498,-14.697983741760254,0.014253341592848301,0.7850000262260437,0,3.1334147453308105,0,268.4551243125797,-0.0036137709394097328,0.20585471391677856,-0.0036140554584562778
14.279994361102581,0.32660514116287231,1055.479248046875,0.32663699984550476,0.014156264252960682,-14.888799667358398,0.014157702215015888,0.7850000262260437,0,3.1332991123199463,0,268.4551243125797,-0.0037535673473030329,0.21131828427314758,-0.0037538637407124043
14.299994353204966,0.32683184742927551,1055.1776123046875,0.32686373591423035,0.014056917279958725,-15.079474449157715,0.014058347791433334,0.7850000262260437,0,3.1331777572631836,0,268.4551243125797,-0.0038993577472865582,0.21684972941875458,-0.0038996648509055376
14.31999434530735,0.32705444097518921,1054.8721923828125,0.32708635926246643,0.013953696005046368,-15.270007133483887,0.013955118134617805,0.7850000262260437,0,3.1330511569976807,0,268.4551243125797,-0.0040514515712857246,0.22244903445243835,-0.0040517705492675304
14.339994337409735,0.32727277278900146,1054.56298828125,0.32730472087860107,0.013846429996192455,-15.460394859313965,0.013847843743860722,0.7850000262260437,0,3.1329126358032227,0,268.4551243125797,-0.0042101792059838772,0.22811581194400787,-0.004210510291159153
14.359994329512119,0.32748666405677795,1054.25,0.32751861214637756,0.013734942302107811,-15.650636672973633,0.013736347667872906,0.7850000262260437,0,3.1327698230743408,0,268.4551243125797,-0.004375882912427187,0.23384994268417358,-0.0043762275017797947
14.379994321614504,0.32769596576690674,1053.9332275390625,0.32772794365882874,0.013619045726954937,-15.840730667114258,0.01362044271081686,0.7850000262260437,0,3.1326155662536621,0,268.4551243125797,-0.0045489305630326271,0.23965129256248474,-0.0045492872595787048
14.399994313716888,0.3279004693031311,1053.6126708984375,0.32793247699737549,0.013498543761670589,-16.030675888061523,0.013499931432306767,0.7850000262260437,0,3.1324641704559326,0,268.4551243125797,-0.0047297058627009392,0.2455197274684906,-0.0047300765290856361
14.419994305819273,0.32809996604919434,1053.2882080078125,0.32813197374343872,0.013373228721320629,-16.220468521118164,0.013374606147408485,0.7850000262260437,0,3.1323025226593018,0,268.4551243125797,-0.0049186171963810921,0.25145477056503296,-0.0049190022982656956
14.439994297921658,0.32829421758651733,1052.9599609375,0.32832628488540649,0.013242882676422596,-16.41010856628418,0.013244249857962132,0.7850000262260437,0,3.1321308612823486,0,268.4551243125797,-0.0051160929724574089,0.25745654106140137,-0.0051164929755032063
14.459994290024042,0.32848307490348816,1052.6279296875,0.32851517200469971,0.01310727559030056,-16.599594116210938,0.0131086315959692,0.7850000262260437,0,3.1319558620452881,0,268.4551243125797,-0.005322589073330164,0.2635248601436615,-0.00532300490885973
14.479994282126427,0.32866629958152771,1052.2921142578125,0.32869839668273926,0.012966165319085121,-16.788923263549805,0.012967510148882866,0.7850000262260437,0,3.1317782402038574,0,268.4551243125797,-0.0055385790765285492,0.26965925097465515,-0.0055390116758644581
14.499994274228811,0.3288436233997345,1051.9525146484375,0.32887575030326843,0.012819297611713409,-16.978094100952148,0.012820630334317684,0.7850000262260437,0,3.1315798759460449,0,268.4551243125797,-0.0057645770721137524,0.27586004137992859,-0.00576502550393343
14.519994266331196,0.32901483774185181,1051.609130859375,0.32904696464538574,0.012666403315961361,-17.167106628417969,0.012667723931372166,0.7850000262260437,0,3.131385326385498,0,268.4551243125797,-0.0060011139139533043,0.28212654590606689,-0.0060015814378857613
14.53999425843358,0.32917964458465576,1051.261962890625,0.32921183109283447,0.012507199309766293,-17.35595703125,0.012508507817983627,0.7850000262260437,0,3.1311714649200439,0,268.4551243125797,-0.0062487553805112839,0.28845867514610291,-0.0062492405995726585
14.559994250535965,0.32933780550956726,1050.9110107421875,0.32937002182006836,0.012341387569904327,-17.544645309448242,0.012342683970928192,0.7850000262260437,0,3.1309618949890137,0,268.4551243125797,-0.0065080979838967323,0.29485651850700378,-0.0065086041577160358
14.57999424263835,0.32948905229568481,1050.556396484375,0.32952126860618591,0.01216865424066782,-17.73316764831543,0.01216993760317564,0.7850000262260437,0,3.1307179927825928,0,268.4551243125797,-0.0067797745577991009,0.30131971836090088,-0.0067803012207150459
14.599994234740734,0.32963305711746216,1050.197998046875,0.32966530323028564,0.011988670565187931,-17.921524047851563,0.011989939957857132,0.7850000262260437,0,3.13049054145813,0,268.4551243125797,-0.0070643732324242592,0.307847797870636,-0.0070649208500981331
14.619994226843119,0.32976952195167542,1049.8358154296875,0.3298017680644989,0.011801084503531456,-18.109712600708008,0.011802338995039463,0.7850000262260437,0,3.130230188369751,0,268.4551243125797,-0.0073627540841698647,0.31444111466407776,-0.0073633240535855293
14.639994218945503,0.32989811897277832,1049.4698486328125,0.32993036508560181,0.011605528183281422,-18.297731399536133,0.011606767773628235,0.7850000262260437,0,3.1299760341644287,0,268.4551243125797,-0.0076755881309509277,0.32109937071800232,-0.0076761823147535324
14.659994211047888,0.33001849055290222,1049.10009765625,0.3300507664680481,0.011401613242924213,-18.485578536987305,0.011402837000787258,0.7850000262260437,0,3.129702091217041,0,268.4551243125797,-0.0080036679282784462,0.3278219997882843,-0.0080042872577905655
14.679994203150272,0.33013030886650085,1048.7266845703125,0.33016261458396912,0.011188929900527,-18.673254013061523,0.011190136894583702,0.7850000262260437,0,3.1294245719909668,0,268.4551243125797,-0.0083478270098567009,0.33460932970046997,-0.00834847055375576
14.699994195252657,0.33023318648338318,1048.3494873046875,0.33026549220085144,0.010967046022415161,-18.860754013061523,0.010968235321342945,0.7850000262260437,0,3.1291294097900391,0,268.4551243125797,-0.0087089519947767258,0.34146100282669067,-0.0087096244096755981
14.719994187355042,0.33032667636871338,1047.968505859375,0.33035901188850403,0.010735505260527134,-19.048078536987305,0.010736676864326,0.7850000262260437,0,3.1288270950317383,0,268.4551243125797,-0.0090879742056131363,0.34837648272514343,-0.0090886736288666725
14.739994179457426,0.33041045069694519,1047.5838623046875,0.33044278621673584,0.010493827052414417,-19.235225677490234,0.010494980029761791,0.7850000262260437,0,3.1284952163696289,0,268.4551243125797,-0.009485890157520771,0.35535624623298645,-0.00948662031441927
14.759994171559811,0.33048403263092041,1047.1954345703125,0.33051636815071106,0.010241502895951271,-19.422191619873047,0.010242636315524578,0.7850000262260437,0,3.1281671524047852,0,268.4551243125797,-0.0099037438631057739,0.36240002512931824,-0.00990450568497181
14.779994163662195,0.33054694533348083,1046.80322265625,0.33057931065559387,0.0099779963493347168,-19.608978271484375,0.0099791092798113823,0.7850000262260437,0,3.1278121471405029,0,268.4551243125797,-0.010342644527554512,0.36950710415840149,-0.010343438945710659
14.79999415576458,0.33059871196746826,1046.407470703125,0.33063110709190369,0.0097027411684393883,-19.795581817626953,0.0097038326784968376,0.7850000262260437,0,3.1274576187133789,0,268.4551243125797,-0.010803766548633575,0.376677930355072,-0.010804598219692707
14.819994147866964,0.33063885569572449,1046.0078125,0.3306712806224823,0.0094151366502046585,-19.982000350952148,0.0094162058085203171,0.7850000262260437,0,3.1270749568939209,0,268.4551243125797,-0.011288496665656567,0.38391223549842834,-0.011289363726973534
14.839994139969349,0.33066686987876892,1045.6044921875,0.33069926500320435,0.009114554151892662,-20.168233871459961,0.0091156000271439552,0.7850000262260437,0,3.1266782283782959,0,268.4551243125797,-0.011797883547842503,0.39120966196060181,-0.011798790656030178
14.859994132071733,0.33068212866783142,1045.1973876953125,0.33071449398994446,0.0088003259152174,-20.354278564453125,0.0088013475760817528,0.7850000262260437,0,3.1262640953063965,0,268.4551243125797,-0.012333454564213753,0.39857065677642822,-0.012334399856626987
14.879994124174118,0.33068406581878662,1044.78662109375,0.33071646094322205,0.0084717478603124619,-20.540134429931641,0.0084727443754673,0.7850000262260437,0,3.1258270740509033,0,268.4551243125797,-0.01289669331163168,0.40599459409713745,-0.012897681444883347
14.899994116276503,0.33067208528518677,1044.3720703125,0.33070448040962219,0.0081280749291181564,-20.725799560546875,0.0081290453672409058,0.7850000262260437,0,3.1253762245178223,0,268.4551243125797,-0.013489161618053913,0.41348159313201904,-0.01349019818007946
14.919994108378887,0.33064550161361694,1043.953857421875,0.33067789673805237,0.0077685201540589333,-20.911272048950195,0.0077694631181657314,0.7850000262260437,0,3.124908447265625,0,268.4551243125797,-0.014112532138824463,0.42103138566017151,-0.014113614335656166
14.939994100481272,0.33060365915298462,1043.531982421875,0.33063602447509766,0.0073922509327530861,-21.0965518951416,0.0073931654915213585,0.7850000262260437,0,3.1244192123413086,0,268.4551243125797,-0.014768566936254501,0.42864441871643066,-0.014769697561860085
14.959994092583656,0.3305458128452301,1043.1063232421875,0.33057820796966553,0.0069983876310288906,-21.281635284423828,0.006999271921813488,0.7850000262260437,0,3.1239027976989746,0,268.4551243125797,-0.015459137037396431,0.43631994724273682,-0.015460323542356491
14.979994084686041,0.33047124743461609,1042.677001953125,0.33050358295440674,0.006585999857634306,-21.466522216796875,0.0065868524834513664,0.7850000262260437,0,3.1233682632446289,0,268.4551243125797,-0.016186235472559929,0.44405871629714966,-0.016187475994229317
14.999994076788425,0.33037909865379333,1042.2440185546875,0.330411434173584,0.0061541027389466763,-21.651208877563477,0.0061549223028123379,0.7850000262260437,0,3.1228113174438477,0,268.4551243125797,-0.016951965168118477,0.45185992121696472,-0.01695326529443264
15.01999406889081,0.33026856184005737,1041.8072509765625,0.330300897359848,0.0057016555219888687,-21.835695266723633,0.0057024406269192696,0.7850000262260437,0,3.122220516204834,0,268.4551243125797,-0.0177585631608963,0.45972418785095215,-0.01775992289185524
15.039994060993195,0.33013874292373657,1041.3668212890625,0.33017107844352722,0.0052275559864938259,-22.019981384277344,0.0052283052355051041,0.7850000262260437,0,3.1216144561767578,0,268.4551243125797,-0.018608411774039268,0.4676516056060791,-0.018609831109642982
15.059994053095579,0.32998871803283691,1040.9227294921875,0.33002102375030518,0.0047306381165981293,-22.204063415527344,0.0047313496470451355,0.7850000262260437,0,3.1209800243377686,0,268.4551243125797,-0.01950402557849884,0.47564184665679932,-0.019505519419908524
15.079994045197964,0.32981747388839722,1040.4749755859375,0.32984977960586548,0.0042096679098904133,-22.387939453125,0.0042103398591279984,0.7850000262260437,0,3.1203057765960693,0,268.4551243125797,-0.02044808492064476,0.48369571566581726,-0.020449649542570114
15.099994037300348,0.32962396740913391,1040.0235595703125,0.32965630292892456,0.0036633389536291361,-22.571609497070313,0.0036639689933508635,0.7850000262260437,0,3.1196141242980957,0,268.4551243125797,-0.021443422883749008,0.49181261658668518,-0.021445063874125481
15.119994029402733,0.32940712571144104,1039.5684814453125,0.3294394314289093,0.0030902673024684191,-22.755071640014648,0.0030908533371984959,0.7850000262260437,0,3.1188831329345703,0,268.4551243125797,-0.022493073716759682,0.49999299645423889,-0.022494794800877571
15.139994021505117,0.3291657567024231,1039.1097412109375,0.32919809222221375,0.0024889875203371048,-22.938322067260742,0.0024895276874303818,0.7850000262260437,0,3.1181266307830811,0,268.4551243125797,-0.023600237444043159,0.50823754072189331,-0.023602040484547615
15.159994013607502,0.32889869809150696,1038.6473388671875,0.32893100380897522,0.0018579477909952402,-23.121360778808594,0.0018584397621452808,0.7850000262260437,0,3.1173298358917236,0,268.4551243125797,-0.024768320843577385,0.51654577255249023,-0.024770215153694153
15.179994005709887,0.32860460877418518,1038.1812744140625,0.32863691449165344,0.0011955031659454107,-23.304187774658203,0.0011959446128457785,0.7850000262260437,0,3.1164989471435547,0,268.4551243125797,-0.026000961661338806,0.52491903305053711,-0.026002950966358185
15.199993997812271,0.32828214764595032,1037.711669921875,0.32831445336341858,0.00049991114065051079,-23.486799240112305,0.0005002993275411427,0.7850000262260437,0,3.1156258583068848,0,268.4551243125797,-0.027302000671625137,0.53335708379745483,-0.027304090559482574
15.219993989914656,0.32792988419532776,1037.23828125,0.32796216011047363,-0.00023068441078066826,-23.669193267822266,-0.00023035192862153053,0.7850000262260437,0,3.1147141456604004,0,268.4551243125797,-0.028675887733697891,0.54186058044433594,-0.028678074479103088
15.23999398201704,0.32754629850387573,1036.76123046875,0.32757854461669922,-0.00099823274649679661,-23.851369857788086,-0.00099795893765985966,0.7850000262260437,0,3.1137597560882568,0,268.4551243125797,-0.030126288533210754,0.5504302978515625,-0.030128587037324905
15.259993974119425,0.3271297812461853,1036.280517578125,0.32716202735900879,-0.0018048094352707267,-24.0333251953125,-0.0018045972101390362,0.7850000262260437,0,3.1127626895904541,0,268.4551243125797,-0.031658150255680084,0.559066891670227,-0.031660571694374084
15.279993966221809,0.32667866349220276,1035.7962646484375,0.32671087980270386,-0.002652615774422884,-24.215059280395508,-0.0026524681597948074,0.7850000262260437,0,3.1117184162139893,0,268.4551243125797,-0.033276408910751343,0.56777071952819824,-0.033278945833444595
15.299993958324194,0.32619115710258484,1035.308349609375,0.32622331380844116,-0.0035439857747405767,-24.396570205688477,-0.0035439061466604471,0.7850000262260437,0,3.1106250286102295,0,268.4551243125797,-0.034986287355422974,0.57654345035552979,-0.034988954663276672
15.319993950426579,0.32566535472869873,1034.8167724609375,0.32569748163223267,-0.0044813957065343857,-24.577856063842773,-0.0044813877902925014,0.7850000262260437,0,3.1094796657562256,0,268.4551243125797,-0.036793366074562073,0.58538562059402466,-0.036796167492866516
15.339993942528963,0.32509922981262207,1034.32177734375,0.32513132691383362,-0.0054674609564244747,-24.758914947509766,-0.0054675284773111343,0.7850000262260437,0,3.1082804203033447,0,268.4551243125797,-0.038703080266714096,0.594298779964447,-0.038706034421920776
15.359993934631348,0.32449072599411011,1033.822998046875,0.32452273368835449,-0.0065049952827394009,-24.93974494934082,-0.0065051419660449028,0.7850000262260437,0,3.1070194244384766,0,268.4551243125797,-0.040723245590925217,0.60328400135040283,-0.040726348757743835
15.379993926733732,0.323837548494339,1033.320556640625,0.32386955618858337,-0.0075969467870891094,-25.120344161987305,-0.0075971768237650394,0.7850000262260437,0,3.105701208114624,0,268.4551243125797,-0.042859110981225967,0.6123429536819458,-0.042862389236688614
15.399993918836117,0.32313740253448486,1032.8145751953125,0.32316935062408447,-0.0087464563548564911,-25.300710678100586,-0.008746773935854435,0.7850000262260437,0,3.1043210029602051,0,268.4551243125797,-0.045118272304534912,0.62147724628448486,-0.045121714472770691
15.419993910938501,0.32238775491714478,1032.304931640625,0.32241964340209961,-0.0099568609148263931,-25.480842590332031,-0.0099572706967592239,0.7850000262260437,0,3.1028711795806885,0,268.4551243125797,-0.047508381307125092,0.63068890571594238,-0.047512009739875793
15.439993903040886,0.32158595323562622,1031.7918701171875,0.32161775231361389,-0.011231702752411366,-25.660737991333008,-0.011232209391891956,0.7850000262260437,0,3.101348876953125,0,268.4551243125797,-0.050037551671266556,0.6399802565574646,-0.050041370093822479
15.45999389514327,0.32072919607162476,1031.2750244140625,0.32076096534729004,-0.012574762105941772,-25.84039306640625,-0.012575371190905571,0.7850000262260437,0,3.0997550487518311,0,268.4551243125797,-0.052715089172124863,0.64935380220413208,-0.0527191087603569
15.479993887245655,0.319814532995224,1030.754638671875,0.31984627246856689,-0.013990018516778946,-26.019807815551758,-0.0139907356351614,0.7850000262260437,0,3.0980827808380127,0,268.4551243125797,-0.055548828095197678,0.65881228446960449,-0.055553063750267029
15.49999387934804,0.31883883476257324,1030.2308349609375,0.31887051463127136,-0.015481698326766491,-26.1989803314209,-0.015482529066503048,0.7850000262260437,0,3.0963273048400879,0,268.4551243125797,-0.0585484579205513,0.66835874319076538,-0.058552928268909454
15.519993871450424,0.31779879331588745,1029.7032470703125,0.31783038377761841,-0.017054352909326553,-26.377906799316406,-0.017055302858352661,0.7850000262260437,0,3.0944836139678955,0,268.4551243125797,-0.061726704239845276,0.6779971718788147,-0.061731398105621338
15.539993863552809,0.31669086217880249,1029.172119140625,0.31672236323356628,-0.018712757155299187,-26.556585311889648,-0.018713833764195442,0.7850000262260437,0,3.0925476551055908,0,268.4551243125797,-0.065092429518699646,0.687731146812439,-0.0650973841547966
15.559993855655193,0.31551134586334229,1028.6375732421875,0.31554275751113892,-0.020462010055780411,-26.735012054443359,-0.020463218912482262,0.7850000262260437,0,3.0905170440673828,0,268.4551243125797,-0.068658173084259033,0.69756561517715454,-0.068663410842418671
15.579993847757578,0.31425628066062927,1028.099365234375,0.31428760290145874,-0.02230755053460598,-26.913187026977539,-0.022308899089694023,0.7850000262260437,0,3.08838152885437,0,268.4551243125797,-0.072437487542629242,0.70750528573989868,-0.072443008422851563
15.599993839859962,0.31292149424552917,1027.5576171875,0.31295272707939148,-0.024255089461803436,-27.091104507446289,-0.024256587028503418,0.7850000262260437,0,3.0861382484436035,0,268.4551243125797,-0.0764409750699997,0.717555820941925,-0.076446801424026489
15.619993831962347,0.31150251626968384,1027.0123291015625,0.311533659696579,-0.02631080336868763,-27.268764495849609,-0.026312457397580147,0.7850000262260437,0,3.083782434463501,0,268.4551243125797,-0.08068682998418808,0.72772395610809326,-0.080692976713180542
15.639993824064732,0.30999472737312317,1026.46337890625,0.31002572178840637,-0.02848120778799057,-27.4461612701416,-0.028483027592301369,0.7850000262260437,0,3.0813031196594238,0,268.4551243125797,-0.085188418626785278,0.73801654577255249,-0.085194893181324
15.659993816167116,0.30839306116104126,1025.9110107421875,0.3084239661693573,-0.030773168429732323,-27.623292922973633,-0.030775163322687149,0.7850000262260437,0,3.07869815826416,0,268.4551243125797,-0.0899595320224762,0.74844223260879517,-0.089966371655464172
15.6799938082695,0.30669230222702026,1025.3551025390625,0.30672305822372437,-0.033194113522768021,-27.800155639648438,-0.033196292817592621,0.7850000262260437,0,3.0759575366973877,0,268.4551243125797,-0.095022119581699371,0.75900936126708984,-0.0950293317437172
15.699993800371885,0.30488684773445129,1024.795654296875,0.30491748452186584,-0.035751879215240479,-27.976743698120117,-0.0357542522251606,0.7850000262260437,0,3.0730752944946289,0,268.4551243125797,-0.10039230436086655,0.76972872018814087,-0.10039995610713959
15.71999379247427,0.30297070741653442,1024.232666015625,0.30300122499465942,-0.03845476359128952,-28.153055191040039,-0.038457341492176056,0.7850000262260437,0,3.0700404644012451,0,268.4551243125797,-0.10608823597431183,0.78061109781265259,-0.1060962900519371
15.739993784576654,0.300937682390213,1023.6661987304688,0.30096805095672607,-0.041311666369438171,-28.329084396362305,-0.041314460337162018,0.7850000262260437,0,3.0668482780456543,0,268.4551243125797,-0.11213342845439911,0.79166984558105469,-0.11214198172092438
15.759993776679039,0.29878100752830505,1023.0962524414063,0.29881119728088379,-0.044331956654787064,-28.504827499389648,-0.044334977865219116,0.7850000262260437,0,3.0634868144989014,0,268.4551243125797,-0.11854639649391174,0.80291897058486938,-0.11855540424585342
15.779993768781424,0.29649361968040466,1022.5228271484375,0.29652363061904907,-0.047525700181722641,-28.680278778076172,-0.047528963536024094,0.7850000262260437,0,3.0599465370178223,0,268.4551243125797,-0.12535443902015686,0.81437546014785767,-0.12536399066448212
15.799993760883808,0.29406797885894775,1021.9459228515625,0.29409781098365784,-0.0509035661816597,-28.855432510375977,-0.050907086580991745,0.7850000262260437,0,3.0562193393707275,0,268.4551243125797,-0.13258123397827148,0.82605665922164917,-0.13259133696556091
15.819993752986193,0.2914961576461792,1021.365478515625,0.29152584075927734,-0.054476920515298843,-29.030282974243164,-0.054480712860822678,0.7850000262260437,0,3.0522909164428711,0,268.4551243125797,-0.14025427401065826,0.83798372745513916,-0.14026492834091187
15.839993745088577,0.28876969218254089,1020.7815551757813,0.28879913687705994,-0.0582578107714653,-29.204822540283203,-0.058261889964342117,0.7850000262260437,0,3.0481512546539307,0,268.4551243125797,-0.14840003848075867,0.85017931461334229,-0.1484113335609436
15.859993737190962,0.28587955236434937,1020.1942138671875,0.28590878844261169,-0.062259066849946976,-29.379043579101563,-0.062263447791337967,0.7850000262260437,0,3.0437881946563721,0,268.4551243125797,-0.15704932808876038,0.86266893148422241,-0.15706124901771545
15.879993729293346,0.28281626105308533,1019.6033935546875,0.28284525871276855,-0.066494353115558624,-29.552938461303711,-0.066499054431915283,0.7850000262260437,0,3.0391874313354492,0,268.4551243125797,-0.16623497009277344,0.875481903553009,-0.16624763607978821
15.899993721395731,0.27956968545913696,1019.0091552734375,0.27959844470024109,-0.070978172123432159,-29.726497650146484,-0.070983216166496277,0.7850000262260437,0,3.0343353748321533,0,268.4551243125797,-0.17598988115787506,0.88865178823471069,-0.17600329220294952
15.919993713498116,0.27612912654876709,1018.4114379882813,0.27615764737129211,-0.075725957751274109,-29.899711608886719,-0.075731366872787476,0.7850000262260437,0,3.02921724319458,0,268.4551243125797,-0.18635073304176331,0.90221458673477173,-0.18636491894721985
15.9399937056005,0.272483229637146,1017.8103637695313,0.27251145243644714,-0.080754049122333527,-30.072568893432617,-0.080759845674037933,0.7850000262260437,0,3.0238158702850342,0,268.4551243125797,-0.197352796792984,0.91621166467666626,-0.1973678320646286
15.959993697702885,0.26861995458602905,1017.205810546875,0.26864787936210632,-0.086079858243465424,-30.24505615234375,-0.086086064577102661,0.7850000262260437,0,3.0181167125701904,0,268.4551243125797,-0.20903824269771576,0.93068963289260864,-0.2090541273355484
15.979993689805269,0.26452648639678955,1016.597900390625,0.26455405354499817,-0.091721832752227783,-30.41716194152832,-0.091728471219539642,0.7850000262260437,0,3.012099027633667,0,268.4551243125797,-0.22144761681556702,0.94570094347000122,-0.22146451473236084
15.999993681907654,0.26018926501274109,1015.986572265625,0.26021647453308105,-0.097699537873268127,-30.588869094848633,-0.0977066308259964,0.7850000262260437,0,3.0057442188262939,0,268.4551243125797,-0.234624981880188,0.96130448579788208,-0.23464283347129822
16.019993674010038,0.2555939257144928,1015.3719482421875,0.25562077760696411,-0.1040337011218071,-30.760162353515625,-0.10404127836227417,0.7850000262260437,0,2.9990334510803223,0,268.4551243125797,-0.24861612915992737,0.97756737470626831,-0.24863508343696594
16.039993666112423,0.25072529911994934,1014.75390625,0.250751793384552,-0.11074638366699219,-30.931022644042969,-0.11075447499752045,0.7850000262260437,0,2.9919421672821045,0,268.4551243125797,-0.26347294449806213,0.9945642352104187,-0.26349294185638428
16.059993658214808,0.24556724727153778,1014.1325073242188,0.24559338390827179,-0.11786078661680222,-31.101428985595703,-0.11786942183971405,0.7850000262260437,0,2.9844489097595215,0,268.4551243125797,-0.27924048900604248,1.0123783349990845,-0.27926170825958252
16.079993650317192,0.24010276794433594,1013.5078125,0.24012845754623413,-0.12540148198604584,-31.271358489990234,-0.12541069090366364,0.7850000262260437,0,2.9765274524688721,0,268.4551243125797,-0.2959723174571991,1.0311057567596436,-0.29599487781524658
16.099993642419577,0.23431378602981567,1012.8797607421875,0.23433905839920044,-0.1333945095539093,-31.440784454345703,-0.13340432941913605,0.7850000262260437,0,2.9681527614593506,0,268.4551243125797,-0.31372672319412231,1.0508534908294678,-0.31375062465667725
16.119993634521961,0.22818130254745483,1012.2484130859375,0.22820612788200378,-0.14186723530292511,-31.609678268432617,-0.14187771081924438,0.7850000262260437,0,2.9592952728271484,0,268.4551243125797,-0.33255481719970703,1.0717408657073975,-0.3325800895690918
16.139993626624346,0.22168520092964172,1011.6138305664063,0.22170954942703247,-0.15084850788116455,-31.778007507324219,-0.15085966885089874,0.7850000262260437,0,2.9499256610870361,0,268.4551243125797,-0.35251528024673462,1.0939043760299683,-0.35254210233688354
16.15999361872673,0.2148042619228363,1010.9759521484375,0.21482810378074646,-0.16036857664585114,-31.945735931396484,-0.16038045287132263,0.7850000262260437,0,2.9400103092193604,0,268.4551243125797,-0.37366276979446411,1.1174954175949097,-0.373691201210022
16.179993610829115,0.20751610398292542,1010.3348999023438,0.20753937959671021,-0.17045918107032776,-32.112823486328125,-0.17047183215618134,0.7850000262260437,0,2.9295170307159424,0,268.4551243125797,-0.396056592464447,1.1426867246627808,-0.39608669281005859
16.1999936029315,0.19979724287986755,1009.690673828125,0.19981992244720459,-0.18115352094173431,-32.279224395751953,-0.18116699159145355,0.7850000262260437,0,2.9184074401855469,0,268.4551243125797,-0.41975319385528564,1.1696711778640747,-0.41978505253791809
16.219993595033884,0.1916230320930481,1009.043212890625,0.191645085811615,-0.19248625636100769,-32.44488525390625,-0.19250059127807617,0.7850000262260437,0,2.9066426753997803,0,268.4551243125797,-0.44481027126312256,1.1986676454544067,-0.44484418630599976
16.239993587136269,0.18296755850315094,1008.3926391601563,0.1829889714717865,-0.2044932097196579,-32.609748840332031,-0.2045084536075592,0.7850000262260437,0,2.8941812515258789,0,268.4551243125797,-0.47127291560173035,1.2299176454544067,-0.47130876779556274
16.259993579238653,0.17380380630493164,1007.739013671875,0.1738245040178299,-0.21721151471138,-32.773754119873047,-0.21722772717475891,0.7850000262260437,0,2.8809781074523926,0,268.4551243125797,-0.49919372797012329,1.2636983394622803,-0.49923169612884521
16.279993571341038,0.16410355269908905,1007.082275390625,0.16412349045276642,-0.23067927360534668,-32.936824798583984,-0.23069651424884796,0.7850000262260437,0,2.8669867515563965,0,268.4551243125797,-0.52860981225967407,1.3003165721893311,-0.52865004539489746
16.299993563443422,0.15383732318878174,1006.422607421875,0.15385648608207703,-0.24493534862995148,-33.098880767822266,-0.24495367705821991,0.7850000262260437,0,2.8521547317504883,0,268.4551243125797,-0.55955123901367188,1.3401168584823608,-0.559593915939331
16.319993555545807,0.14297486841678619,1005.7599487304688,0.14299322664737701,-0.26001927256584167,-33.259834289550781,-0.26003876328468323,0.7850000262260437,0,2.836428165435791,0,268.4551243125797,-0.59204429388046265,1.3834903240203857,-0.59208953380584717
16.339993547648191,0.13148483633995056,1005.0943603515625,0.13150230050086975,-0.27597054839134216,-33.419578552246094,-0.27599126100540161,0.7850000262260437,0,2.8197493553161621,0,268.4551243125797,-0.62608826160430908,1.4308671951293945,-0.626136064529419
16.359993539750576,0.11933510005474091,1004.4259643554688,0.11935165524482727,-0.29282814264297485,-33.5780029296875,-0.292850136756897,0.7850000262260437,0,2.8020544052124023,0,268.4551243125797,-0.66166073083877563,1.4827311038970947,-0.66171139478683472
16.379993531852961,0.10649287700653076,1003.7548217773438,0.10650847852230072,-0.31063011288642883,-33.734977722167969,-0.3106534481048584,0.7850000262260437,0,2.7832779884338379,0,268.4551243125797,-0.69872725009918213,1.5396230220794678,-0.69878077507019043
16.399993523955345,0.092925101518630981,1003.0809936523438,0.092939659953117371,-0.329412579536438,-33.890357971191406,-0.32943734526634216,0.7850000262260437,0,2.7633488178253174,0,268.4551243125797,-0.7372124195098877,1.6021440029144287,-0.73726850748062134
16.41999351605773,0.078598752617836,1002.404541015625,0.078612223267555237,-0.34920886158943176,-34.043987274169922,-0.34923514723777771,0.7850000262260437,0,2.7421905994415283,0,268.4551243125797,-0.77700471878051758,1.6709612607955933,-0.77706402540206909
16.439993508160114,0.063481256365776062,1001.7255859375,0.063493534922599792,-0.37004795670509338,-34.195682525634766,-0.37007582187652588,0.7850000262260437,0,2.7197215557098389,0,268.4551243125797,-0.81793439388275146,1.7468085289001465,-0.81799709796905518
16.4599935002625,0.047540858387947083,1001.044189453125,0.047551929950714111,-0.39195314049720764,-34.345245361328125,-0.39198270440101624,0.7850000262260437,0,2.695854663848877,0,268.4551243125797,-0.85977935791015625,1.830498218536377,-0.85984551906585693
16.479993492364883,0.030747607350349426,1000.360595703125,0.03075738251209259,-0.41494011878967285,-34.492454528808594,-0.41497144103050232,0.7850000262260437,0,2.6704962253570557,0,268.4551243125797,-0.90223896503448486,1.9229176044464111,-0.90230828523635864
16.499993484467268,0.01307399570941925,999.67474365234375,0.013082414865493774,-0.43901488184928894,-34.637062072753906,-0.43904805183410645,0.7850000262260437,0,2.6435468196868896,0,268.4551243125797,-0.94493472576141357,2.0250444412231445,-0.9450070858001709
16.519993476569653,-0.0055040121078491211,998.98687744140625,-0.0054970085620880127,-0.46417054533958435,-34.778793334960938,-0.46420562267303467,0.7850000262260437,0,2.6148991584777832,0,268.4551243125797,-0.987359881401062,2.1379227638244629,-0.98743569850921631
16.539993468672037,-0.025005638599395752,998.297119140625,-0.02500016987323761,-0.4903843104839325,-34.9173469543457,-0.49042141437530518,0.7850000262260437,0,2.5844383239746094,0,268.4551243125797,-1.0288910865783691,2.2626841068267822,-1.0289702415466309
16.559993460774422,-0.045444056391716,997.605712890625,-0.045440122485160828,-0.517613410949707,-35.052387237548828,-0.51765263080596924,0.7850000262260437,0,2.55204176902771,0,268.4551243125797,-1.0687432289123535,2.4005279541015625,-1.068825364112854
16.579993452876806,-0.066824138164520264,996.91278076171875,-0.066821828484535217,-0.5457909107208252,-35.183547973632813,-0.54583233594894409,0.7850000262260437,0,2.5175771713256836,0,268.4551243125797,-1.1059684753417969,2.5527341365814209,-1.1060538291931152
16.599993444979191,-0.089140519499778748,996.21856689453125,-0.0891398936510086,-0.57481974363327026,-35.310432434082031,-0.57486343383789063,0.7850000262260437,0,2.4809043407440186,0,268.4551243125797,-1.1393828392028809,2.7206087112426758,-1.1394703388214111
16.619993437081575,-0.11237487196922302,995.52325439453125,-0.11237600445747375,-0.60456615686416626,-35.4326057434082,-0.60461211204528809,0.7850000262260437,0,2.4418718814849854,0,268.4551243125797,-1.1675474643707275,2.9054727554321289,-1.1676371097564697
16.63999342918396,-0.13649323582649231,994.8271484375,-0.13649620115756989,-0.63485264778137207,-35.549606323242188,-0.63490092754364014,0.7850000262260437,0,2.4003186225891113,0,268.4551243125797,-1.1887447834014893,3.1086454391479492,-1.1888360977172852
16.659993421286345,-0.16144192218780518,994.13055419921875,-0.16144683957099915,-0.66544896364212036,-35.660930633544922,-0.66549962759017944,0.7850000262260437,0,2.3560700416564941,0,268.4551243125797,-1.2009062767028809,3.3313596248626709,-1.2009985446929932
16.679993413388729,-0.18714398145675659,993.43365478515625,-0.18715080618858337,-0.69606274366378784,-35.766056060791016,-0.69611579179763794,0.7850000262260437,0,2.3089408874511719,0,268.4551243125797,-1.2015922069549561,3.5747270584106445,-1.2016847133636475
16.699993405491114,-0.21349351108074188,992.73681640625,-0.21350246667861938,-0.72632831335067749,-35.864429473876953,-0.72638368606567383,0.7850000262260437,0,2.2587311267852783,0,268.4551243125797,-1.187924861907959,3.839630126953125,-1.188016414642334
16.7199933975935,-0.24035131931304932,992.0404052734375,-0.24036234617233276,-0.75579464435577393,-35.955493927001953,-0.7558523416519165,0.7850000262260437,0,2.205228328704834,0,268.4551243125797,-1.15655517578125,4.1266317367553711,-1.1566445827484131
16.739993389695883,-0.26753780245780945,991.3447265625,-0.26755088567733765,-0.78391176462173462,-36.038681030273438,-0.78397166728973389,0.7850000262260437,0,2.148202657699585,0,268.4551243125797,-1.1035981178283691,4.4358010292053223,-1.1036832332611084
16.759993381798267,-0.2948269248008728,990.65008544921875,-0.29484206438064575,-0.81001663208007813,-36.113437652587891,-0.81007856130599976,0.7850000262260437,0,2.087409496307373,0,268.4551243125797,-1.0246174335479736,4.7665848731994629,-1.0246965885162354
16.779993373900652,-0.32193830609321594,989.9569091796875,-0.32195556163787842,-0.833317756652832,-36.179252624511719,-0.83338147401809692,0.7850000262260437,0,2.0225858688354492,0,268.4551243125797,-0.91457003355026245,5.1175365447998047,-0.914640486240387
16.799993366003036,-0.34852993488311768,989.26556396484375,-0.34854921698570251,-0.85288017988204956,-36.235679626464844,-0.85294538736343384,0.7850000262260437,0,1.9534497261047363,0,268.4551243125797,-0.767825186252594,5.4861226081848145,-0.76788485050201416
16.819993358105421,-0.37418937683105469,988.5762939453125,-0.37421059608459473,-0.86761146783828735,-36.282363891601563,-0.86767780780792236,0.7850000262260437,0,1.8796995878219604,0,268.4551243125797,-0.57820230722427368,5.8685307502746582,-0.57824695110321045
16.839993350207806,-0.39842677116394043,987.88946533203125,-0.39844983816146851,-0.87624627351760864,-36.319099426269531,-0.876313328742981,0.7850000262260437,0,1.801012396812439,0,268.4551243125797,-0.33891695737838745,6.2590222358703613,-0.3389434814453125
16.85999334231019,-0.42066693305969238,987.20526123046875,-0.42069166898727417,-0.87733674049377441,-36.345870971679688,-0.87740391492843628,0.7850000262260437,0,1.717041015625,0,268.4551243125797,-0.042801320552825928,6.6500048637390137,-0.042804896831512451
16.879993334412575,-0.44024348258972168,986.52386474609375,-0.4402695894241333,-0.86924302577972412,-36.362930297851563,-0.86930954456329346,0.7850000262260437,0,1.6274149417877197,0,268.4551243125797,0.31767946481704712,7.0311985015869141,0.31770366430282593
16.899993326514959,-0.45639467239379883,985.8453369140625,-0.45642197132110596,-0.850130558013916,-36.3708610534668,-0.850195586681366,0.7850000262260437,0,1.5317363739013672,0,268.4551243125797,0.75016516447067261,7.3895087242126465,0.75022220611572266
16.919993318617344,-0.46917319297790527,985.169189453125,-0.46920141577720642,-0.86250591278076172,-36.376113891601563,-0.86257189512252808,0.7850000262260437,0,1.4316021203994751,0,268.4551243125797,-0.48573315143585205,7.4946136474609375,-0.485770583152771
16.939993310719728,-0.47780582308769226,984.4945068359375,-0.47783452272415161,-0.86281377077102661,-36.393703460693359,-0.862879753112793,0.7850000262260437,0,1.3257062435150146,0,268.4551243125797,-0.012082576751708984,7.0104341506958008,-0.012083828449249268
16.959993302822113,-0.48163914680480957,983.81982421875,-0.48166805505752563,-0.8524167537689209,-36.425437927246094,-0.85248196125030518,0.7850000262260437,0,1.2145124673843384,0,268.4551243125797,0.408083438873291,6.4553041458129883,0.40811383724212646
16.979993294924498,-0.48017624020576477,983.14385986328125,-0.48020476102828979,-0.83302730321884155,-36.472797393798828,-0.83309102058410645,0.7850000262260437,0,1.0985093116760254,0,268.4551243125797,0.76103711128234863,5.842033863067627,0.76109397411346436
16.999993287026882,-0.4731077253818512,982.46502685546875,-0.47313550114631653,-0.80665755271911621,-36.536834716796875,-0.80671930313110352,0.7850000262260437,0,0.97820830345153809,0,268.4551243125797,1.0350127220153809,5.18742036819458,1.0350896120071411
17.019993279129267,-0.46033880114555359,981.78155517578125,-0.4603654146194458,-0.77555567026138306,-36.618080139160156,-0.77561509609222412,0.7850000262260437,0,0.85414069890975952,0,268.4551243125797,1.2207505702972412,4.5119748115539551,1.2208399772644043
17.039993271231651,-0.44200673699378967,981.09197998046875,-0.44203174114227295,-0.74212706089019775,-36.716457366943359,-0.742184042930603,0.7850000262260437,0,0.7268555760383606,0,268.4551243125797,1.3120739459991455,3.8394806385040283,1.3121685981750488
17.059993263334036,-0.41848886013031006,980.39453125,-0.41851180791854858,-0.708847165107727,-36.831230163574219,-0.70890176296234131,0.7850000262260437,0,0.59691673517227173,0,268.4551243125797,1.3062365055084229,3.1960492134094238,1.3063292503356934
17.07999325543642,-0.39039826393127441,979.6878662109375,-0.39041879773139954,-0.678155243396759,-36.960941314697266,-0.67820775508880615,0.7850000262260437,0,0.46489995718002319,0,268.4551243125797,1.2046577930450439,2.6096675395965576,1.2047404050827026
17.099993247538805,-0.35856705904006958,978.9705810546875,-0.35858482122421265,-0.65233755111694336,-37.103412628173828,-0.65238845348358154,0.7850000262260437,0,0.33139157295227051,0,268.4551243125797,1.0133440494537354,2.1088869571685791,1.01340913772583
17.11999323964119,-0.32401546835899353,978.2418212890625,-0.32403028011322021,-0.63340204954147339,-37.255756378173828,-0.63345187902450562,0.7850000262260437,0,0.19698172807693481,0,268.4551243125797,0.74321985244750977,1.7213232517242432,0.74326080083847046
17.139993231743574,-0.28790855407714844,977.50079345703125,-0.2879202663898468,-0.6229480504989624,-37.414455413818359,-0.62299758195877075,0.7850000262260437,0,0.062265437096357346,0,268.4551243125797,0.4103197455406189,1.4718770980834961,0.41033193469047546
17.159993223845959,-0.25150102376937866,976.747314453125,-0.25150963664054871,-0.62203764915466309,-37.575481414794922,-0.62208771705627441,0.7850000262260437,0,0.0721706822514534,0,268.4551243125797,0.035732947289943695,1.3806078433990479,0.035713352262973785
17.179993215948343,-0.216074138879776,975.98150634765625,-0.21607974171638489,-0.63109689950942993,-37.734474182128906,-0.63114827871322632,0.7850000262260437,0,0.20574140548706055,0,268.4551243125797,-0.35557496547698975,1.4604151248931885,-0.35562759637832642
17.199993208050728,-0.18286804854869843,975.203857421875,-0.18287084996700287,-0.64984291791915894,-37.886978149414063,-0.64989644289016724,0.7850000262260437,0,0.33787450194358826,0,268.4551243125797,-0.73578143119812012,1.715141773223877,-0.73586553335189819
17.219993200153112,-0.15301504731178284,974.415283203125,-0.1530153751373291,-0.6772652268409729,-38.028701782226563,-0.67732161283493042,0.7850000262260437,0,0.46801364421844482,0,268.4551243125797,-1.0763260126113892,2.1381912231445313,-1.076438307762146
17.239993192255497,-0.12747845053672791,973.61712646484375,-0.12747667729854584,-0.71166473627090454,-38.155803680419922,-0.71172451972961426,0.7850000262260437,0,0.5956224799156189,0,268.4551243125797,-1.3501802682876587,2.7121338844299316,-1.3503144979476929
17.259993184357882,-0.10700373351573944,972.810791015625,-0.10700029134750366,-0.7507597804069519,-38.265132904052734,-0.75082331895828247,0.7850000262260437,0,0.72018319368362427,0,268.4551243125797,-1.5344815254211426,3.4097373485565186,-1.5346293449401855
17.279993176460266,-0.0920838713645935,971.998046875,-0.092079192399978638,-0.79183745384216309,-38.354434967041016,-0.791904866695404,0.7850000262260437,0,0.84120148420333862,0,268.4551243125797,-1.6122990846633911,4.1957845687866211,-1.6124513149261475
17.299993168562651,-0.082943081855773926,971.1807861328125,-0.0829378068447113,-0.83195286989212036,-38.422470092773438,-0.83202403783798218,0.7850000262260437,0,0.95820420980453491,0,268.4551243125797,-1.574531078338623,5.0305147171020508,-1.5746779441833496
17.319993160665035,-0.079539388418197632,970.36065673828125,-0.079533874988555908,-0.86813795566558838,-38.469039916992188,-0.86821246147155762,0.7850000262260437,0,1.0707403421401978,0,268.4551243125797,-1.4202642440795898,5.8730144500732422,-1.4203952550888062
17.33999315276742,-0.081583470106124878,969.53955078125,-0.0815783441066742,-0.89760464429855347,-38.494922637939453,-0.8976818323135376,0.7850000262260437,0,1.1783798933029175,0,268.4551243125797,-1.1565684080123901,6.6850004196166992,-1.1566745042800903
17.359993144869804,-0.08857157826423645,968.718994140625,-0.088567137718200684,-0.91791802644729614,-38.501724243164063,-0.91799706220626831,0.7850000262260437,0,1.2807126045227051,0,268.4551243125797,-0.79729962348937988,7.4339332580566406,-0.79737234115600586
17.379993136972189,-0.09982791543006897,967.9002685546875,-0.099824517965316772,-0.92712289094924927,-38.491680145263672,-0.92720276117324829,0.7850000262260437,0,1.3773479461669922,0,268.4551243125797,-0.361291766166687,8.0950813293457031,-0.36132454872131348
17.399993129074574,-0.1145528256893158,967.08465576171875,-0.11455085873603821,-0.92381983995437622,-38.467430114746094,-0.92389941215515137,0.7850000262260437,0,1.4679158926010132,0,268.4551243125797,0.12964540719985962,8.6526813507080078,0.12965667247772217
17.419993121176958,-0.1318708062171936,966.27301025390625,-0.13187041878700256,-0.90718978643417358,-38.431777954101563,-0.90726792812347412,0.7850000262260437,0,1.5520666837692261,0,268.4551243125797,0.652728796005249,9.1002378463745117,0.6527869701385498
17.439993113279343,-0.15087699890136719,965.46600341796875,-0.15087836980819702,-0.87697315216064453,-38.387493133544922,-0.87704861164093018,0.7850000262260437,0,1.6294716596603394,0,268.4551243125797,1.1860029697418213,9.4389963150024414,1.1861087083816528
17.459993105381727,-0.17182746529579163,964.66363525390625,-0.17183062434196472,-0.88940149545669556,-38.347675323486328,-0.88947808742523193,0.7850000262260437,0,1.6983013153076172,0,268.4551243125797,-0.48781365156173706,9.2637262344360352,-0.48785734176635742
17.479993097484112,-0.19400092959403992,963.8656005859375,-0.19400611519813538,-0.89140266180038452,-38.318943023681641,-0.89147943258285522,0.7850000262260437,0,1.7608696222305298,0,268.4551243125797,-0.078546583652496338,8.82861614227295,-0.078553497791290283
17.499993089586496,-0.21679672598838806,963.071533203125,-0.21680408716201782,-0.88495379686355591,-38.300933837890625,-0.88503003120422363,0.7850000262260437,0,1.8174247741699219,0,268.4551243125797,0.25311696529388428,8.4077510833740234,0.25313973426818848
17.519993081688881,-0.239719420671463,962.28094482421875,-0.23972880840301514,-0.87171697616577148,-38.293018341064453,-0.8717920184135437,0.7850000262260437,0,1.868192195892334,0,268.4551243125797,0.51954543590545654,8.0115842819213867,0.51959133148193359
17.539993073791265,-0.26236382126808167,961.49359130859375,-0.26237538456916809,-0.85307461023330688,-38.294395446777344,-0.85314804315567017,0.7850000262260437,0,1.9133751392364502,0,268.4551243125797,0.73171257972717285,7.6468229293823242,0.73177695274353027
17.55999306589365,-0.2844022810459137,960.70892333984375,-0.28441593050956726,-0.83016747236251831,-38.304164886474609,-0.83023887872695923,0.7850000262260437,0,1.9531553983688354,0,268.4551243125797,0.89910644292831421,7.3173332214355469,0.89918553829193115
17.579993057996035,-0.30557206273078918,959.92681884765625,-0.30558767914772034,-0.80393064022064209,-38.321380615234375,-0.80399978160858154,0.7850000262260437,0,1.9876935482025146,0,268.4551243125797,1.0297951698303223,7.02509880065918,1.0298851728439331
17.599993050098419,-0.32566538453102112,959.1468505859375,-0.3256828784942627,-0.775127649307251,-38.345077514648438,-0.77519428730010986,0.7850000262260437,0,2.0171298980712891,0,268.4551243125797,1.1305180788040161,6.7707929611206055,1.1306164264678955
17.619993042200804,-0.34452015161514282,958.3687744140625,-0.34453940391540527,-0.74438059329986572,-38.374290466308594,-0.74444454908370972,0.7850000262260437,0,2.0415840148925781,0,268.4551243125797,1.2068231105804443,6.5542697906494141,1.206928014755249
17.639993034303188,-0.36201298236846924,957.59234619140625,-0.362033873796463,-0.71219742298126221,-38.408073425292969,-0.71225863695144653,0.7850000262260437,0,2.06115460395813,0,268.4551243125797,1.2631900310516357,6.3748807907104492,1.2632987499237061
17.659993026405573,-0.37805333733558655,956.8173828125,-0.37807589769363403,-0.67899644374847412,-38.445503234863281,-0.679054856300354,0.7850000262260437,0,2.0759212970733643,0,268.4551243125797,1.3031387329101563,6.2317137718200684,1.3032500743865967
17.679993018507957,-0.392579048871994,956.04376220703125,-0.39260300993919373,-0.64512729644775391,-38.485683441162109,-0.64518284797668457,0.7850000262260437,0,2.0859425067901611,0,268.4551243125797,1.3293638229370117,6.1238126754760742,1.3294763565063477
17.699993010610342,-0.40555274486541748,955.27142333984375,-0.40557798743247986,-0.61089038848876953,-38.527736663818359,-0.610943078994751,0.7850000262260437,0,2.0912566184997559,0,268.4551243125797,1.3437981605529785,6.0502529144287109,1.3439116477966309
17.719993002712727,-0.41695991158485413,954.50030517578125,-0.4169863760471344,-0.57655435800552368,-38.570808410644531,-0.57660418748855591,0.7850000262260437,0,2.0918815135955811,0,268.4551243125797,1.3476889133453369,6.010223388671875,1.3478020429611206
17.739992994815111,-0.4268079400062561,953.7303466796875,-0.42683547735214233,-0.54237240552902222,-38.614063262939453,-0.54241943359375,0.7850000262260437,0,2.0878152847290039,0,268.4551243125797,1.3416414260864258,6.0030660629272461,1.3417531251907349
17.759992986917496,-0.43512600660324097,952.961669921875,-0.43515443801879883,-0.50859779119491577,-38.65667724609375,-0.50864201784133911,0.7850000262260437,0,2.0790340900421143,0,268.4551243125797,1.3256545066833496,6.028289794921875,1.3257642984390259
17.77999297901988,-0.44196605682373047,952.1943359375,-0.44199526309967041,-0.47549906373023987,-38.697830200195313,-0.47554057836532593,0.7850000262260437,0,2.065493106842041,0,268.4551243125797,1.2991251945495605,6.0855484008789063,1.2992327213287354
17.799992971122265,-0.44740498065948486,951.42840576171875,-0.4474349319934845,-0.44337540864944458,-38.736717224121094,-0.44341430068016052,0.7850000262260437,0,2.0471265316009521,0,268.4551243125797,1.2608538866043091,6.17460298538208,1.2609570026397705
17.819992963224649,-0.451547771692276,950.66412353515625,-0.45157840847969055,-0.41257265210151672,-38.772529602050781,-0.4126090407371521,0.7850000262260437,0,2.023845911026001,0,268.4551243125797,1.2090089321136475,6.29522180557251,1.2091076374053955
17.839992955327034,-0.45453184843063354,949.90167236328125,-0.4545629620552063,-0.38349950313568115,-38.804470062255859,-0.3835335373878479,0.7850000262260437,0,1.9955397844314575,0,268.4551243125797,1.1411213874816895,6.4471397399902344,1.1412138938903809
17.859992947429419,-0.45653194189071655,949.1412353515625,-0.45656338334083557,-0.35664507746696472,-38.831756591796875,-0.35667696595191956,0.7850000262260437,0,1.9620732069015503,0,268.4551243125797,1.0540362596511841,6.6298995018005371,1.0541210174560547
17.879992939531803,-0.45776674151420593,948.383056640625,-0.45779848098754883,-0.33259773254394531,-38.853622436523438,-0.33262771368026733,0.7850000262260437,0,1.9232865571975708,0,268.4551243125797,0.94385826587677,6.8426542282104492,0.94393396377563477
17.899992931634188,-0.45850637555122375,947.62750244140625,-0.45853838324546814,-0.31206440925598145,-38.869338989257813,-0.31209275126457214,0.7850000262260437,0,1.8789949417114258,0,268.4551243125797,0.80593323707580566,7.0840058326721191,0.80599761009216309
17.919992923736572,-0.45908090472221375,946.8748779296875,-0.45911309123039246,-0.29589128494262695,-38.87823486328125,-0.295918345451355,0.7850000262260437,0,1.8289861679077148,0,268.4551243125797,0.63479548692703247,7.3517165184021,0.63484621047973633
17.939992915838957,-0.45988944172859192,946.12548828125,-0.45992180705070496,-0.28508454561233521,-38.879722595214844,-0.285110741853714,0.7850000262260437,0,1.7730213403701782,0,268.4551243125797,0.42416483163833618,7.6424431800842285,0.42419898509979248
17.959992907941341,-0.46141061186790466,945.37957763671875,-0.46144330501556396,-0.28083181381225586,-38.873344421386719,-0.280857652425766,0.7850000262260437,0,1.7108314037322998,0,268.4551243125797,0.16691994667053223,7.9512367248535156,0.16693401336669922
17.979992900043726,-0.46421223878860474,944.63751220703125,-0.46424511075019836,-0.28452169895172119,-38.858810424804688,-0.28454780578613281,0.7850000262260437,0,1.6421170234680176,0,268.4551243125797,-0.144828200340271,8.2712497711181641,-0.14483851194381714
17.999992892146111,-0.46896150708198547,943.89935302734375,-0.46899473667144775,-0.29776179790496826,-38.836074829101563,-0.29778891801834106,0.7850000262260437,0,1.5665460824966431,0,268.4551243125797,-0.51967370510101318,8.59315013885498,-0.51971340179443359
18.019992884248495,-0.47540488839149475,943.16534423828125,-0.47543853521347046,-0.27102375030517578,-38.8071403503418,-0.27104878425598145,0.7850000262260437,0,1.4856611490249634,0,268.4551243125797,1.0494694709777832,8.83658218383789,1.049551248550415
18.03999287635088,-0.48436632752418518,942.4346923828125,-0.48440060019493103,-0.25683492422103882,-38.788970947265625,-0.25685885548591614,0.7850000262260437,0,1.39794921875,0,268.4551243125797,0.55691134929656982,8.4139404296875,0.556955099105835
18.059992868453264,-0.49662411212921143,941.7064208984375,-0.49665930867195129,-0.25457873940467834,-38.783489227294922,-0.25460249185562134,0.7850000262260437,0,1.3038450479507446,0,268.4551243125797,0.088554859161376953,7.9160575866699219,0.088562071323394775
18.079992860555649,-0.51287537813186646,940.9794921875,-0.51291167736053467,-0.2632254958152771,-38.792495727539063,-0.263249933719635,0.7850000262260437,0,1.2038179636001587,0,268.4551243125797,-0.33938586711883545,7.347383975982666,-0.33941274881362915
18.099992852658033,-0.533699631690979,940.2525634765625,-0.53373736143112183,-0.281352698802948,-38.81756591796875,-0.28137859702110291,0.7850000262260437,0,1.098365306854248,0,268.4551243125797,-0.71149307489395142,6.7169070243835449,-0.71155017614364624
18.119992844760418,-0.5595245361328125,939.52435302734375,-0.55956417322158813,-0.30718368291854858,-38.859928131103516,-0.30721166729927063,0.7850000262260437,0,0.9880143404006958,0,268.4551243125797,-1.0138670206069946,6.0382061004638672,-1.013948917388916
18.139992836862803,-0.59059590101242065,938.793212890625,-0.5906379222869873,-0.33863908052444458,-38.920360565185547,-0.33866959810256958,0.7850000262260437,0,0.873315155506134,0,268.4551243125797,-1.2346246242523193,5.3288488388061523,-1.2347249984741211
18.159992828965187,-0.6269538402557373,938.05767822265625,-0.62699860334396362,-0.37340879440307617,-38.999095916748047,-0.37344217300415039,0.7850000262260437,0,0.75484013557434082,0,268.4551243125797,-1.3647116422653198,4.6105165481567383,-1.364823579788208
18.179992821067572,-0.66841679811477661,937.3160400390625,-0.6684647798538208,-0.40903443098068237,-39.095729827880859,-0.40907078981399536,0.7850000262260437,0,0.63318026065826416,0,268.4551243125797,-1.3983073234558105,3.9079432487487793,-1.3984236717224121
18.199992813169956,-0.71457642316818237,936.56695556640625,-0.71462804079055786,-0.44301140308380127,-39.20916748046875,-0.44305062294006348,0.7850000262260437,0,0.5089423656463623,0,268.4551243125797,-1.3335964679718018,3.2484917640686035,-1.3337093591690063
18.219992805272341,-0.76480400562286377,935.8089599609375,-0.76485961675643921,-0.47290149331092834,-39.337574005126953,-0.47294333577156067,0.7850000262260437,0,0.382746160030365,0,268.4551243125797,-1.1731871366500854,2.660891056060791,-1.1732891798019409
18.239992797374725,-0.81827062368392944,935.0408935546875,-0.81833046674728394,-0.49645987153053284,-39.478385925292969,-0.49650382995605469,0.7850000262260437,0,0.25521969795227051,0,268.4551243125797,-0.92466640472412109,2.1739895343780518,-0.92475008964538574
18.25999278947711,-0.87397897243499756,934.26202392578125,-0.87404328584671021,-0.51177072525024414,-39.628341674804688,-0.511816143989563,0.7850000262260437,0,0.12699665129184723,0,268.4551243125797,-0.60095047950744629,1.815028190612793,-0.6010093092918396
18.279992781579494,-0.9308089017868042,933.47174072265625,-0.93087774515151978,-0.51737439632415771,-39.783588409423828,-0.51742058992385864,0.7850000262260437,0,0.0012918708380311728,0,268.4551243125797,-0.21994487941265106,1.607459545135498,-0.21997405588626862
18.299992773681879,-0.98757213354110718,932.66986083984375,-0.98764562606811523,-0.512391209602356,-39.939815521240234,-0.51243734359741211,0.7850000262260437,0,0.12900678813457489,0,268.4551243125797,0.19559019804000854,1.5688955783843994,0.19559350609779358
18.319992765784264,-1.0430741310119629,931.856689453125,-1.0431520938873291,-0.49661049246788025,-40.092475891113281,-0.49665570259094238,0.7850000262260437,0,0.25553658604621887,0,268.4551243125797,0.61939334869384766,1.7088624238967896,0.61943024396896362
18.339992757886648,-1.0961778163909912,931.03277587890625,-1.0962601900100708,-0.47053804993629456,-40.237030029296875,-0.47058147192001343,0.7850000262260437,0,0.38027152419090271,0,268.4551243125797,1.0233441591262817,2.0271549224853516,1.0234138965606689
18.359992749989033,-1.1458652019500732,930.1990966796875,-1.1459517478942871,-0.43539100885391235,-40.369205474853516,-0.43543189764022827,0.7850000262260437,0,0.5026213526725769,0,268.4551243125797,1.379522442817688,2.5129477977752686,1.3796213865280151
18.379992742091417,-1.1912912130355835,929.35699462890625,-1.191381573677063,-0.39303085207939148,-40.485279083251953,-0.39306861162185669,0.7850000262260437,0,0.62201720476150513,0,268.4551243125797,1.6626369953155518,3.144981861114502,1.6627593040466309
18.399992734193802,-1.2318241596221924,928.5079345703125,-1.2319180965423584,-0.34583601355552673,-40.582290649414063,-0.34587022662162781,0.7850000262260437,0,0.73791223764419556,0,268.4551243125797,1.85239839553833,3.8930974006652832,1.852537989616394
18.419992726296186,-1.2670719623565674,927.65350341796875,-1.2671689987182617,-0.29653343558311462,-40.658222198486328,-0.29656386375427246,0.7850000262260437,0,0.84978395700454712,0,268.4551243125797,1.9351271390914917,4.7205557823181152,1.9352750778198242
18.439992718398571,-1.2968900203704834,926.79547119140625,-1.2969897985458374,-0.24799650907516479,-40.712066650390625,-0.24802319705486298,0.7850000262260437,0,0.95713484287261963,0,268.4551243125797,1.9050750732421875,5.5875015258789063,1.9052219390869141
18.459992710500956,-1.321373462677002,925.935546875,-1.3214755058288574,-0.20304113626480103,-40.743824005126953,-0.20306432247161865,0.7850000262260437,0,1.0594933032989502,0,268.4551243125797,1.7644995450973511,6.4544177055358887,1.7646366357803345
18.47999270260334,-1.3408324718475342,925.07537841796875,-1.3409363031387329,-0.16423636674880981,-40.754402160644531,-0.1642564982175827,0.7850000262260437,0,1.1564123630523682,0,268.4551243125797,1.5230882167816162,7.2855958938598633,1.5232077836990356
18.499992694705725,-1.3557586669921875,924.21636962890625,-1.3558640480041504,-0.13375368714332581,-40.745468139648438,-0.13377141952514648,0.7850000262260437,0,1.247470498085022,0,268.4551243125797,1.1964460611343384,8.0515356063842773,1.1965398788452148
18.519992686808109,-1.3667824268341064,923.3597412109375,-1.3668889999389648,-0.11326067894697189,-40.7192268371582,-0.11327677965164185,0.7850000262260437,0,1.3322725296020508,0,268.4551243125797,0.80435097217559814,8.730809211730957,0.80441510677337646
18.539992678910494,-1.3746271133422852,922.506591796875,-1.3747344017028809,-0.10386643558740616,-40.678218841552734,-0.10388176888227463,0.7850000262260437,0,1.4104501008987427,0,268.4551243125797,0.36872434616088867,9.3104257583618164,0.36875438690185547
18.559992671012878,-1.3800652027130127,921.65777587890625,-1.3801728487014771,-0.1061127781867981,-40.625102996826172,-0.10612823814153671,0.7850000262260437,0,1.4816622734069824,0,268.4551243125797,-0.088168859481811523,9.7855892181396484,-0.088173985481262207
18.579992663115263,-1.383875846862793,920.81390380859375,-1.3839840888977051,-0.12000398337841034,-40.5624885559082,-0.12002047151327133,0.7850000262260437,0,1.5455981492996216,0,268.4551243125797,-0.5452302098274231,10.1585111618042,-0.54527050256729126
18.599992655217648,-1.386810302734375,919.9754638671875,-1.3869187831878662,-0.14506387710571289,-40.4927864074707,-0.14508223533630371,0.7850000262260437,0,1.6019759178161621,0,268.4551243125797,-0.98360109329223633,10.436662673950195,-0.98367500305175781
18.619992647320032,-1.3883359432220459,919.14239501953125,-1.3884447813034058,-0.1195734441280365,-40.426307678222656,-0.11958976835012436,0.7850000262260437,0,1.6487308740615845,0,268.4551243125797,1.000499963760376,10.310129165649414,1.000579833984375
18.639992639422417,-1.3890229463577271,918.31451416015625,-1.3891319036483765,-0.10268069803714752,-40.368228912353516,-0.10269565135240555,0.7850000262260437,0,1.6882210969924927,0,268.4551243125797,0.6630406379699707,9.9803857803344727,0.66309440135955811
18.6599926315248,-1.38932466506958,917.491455078125,-1.3894338607788086,-0.092548377811908722,-40.317764282226563,-0.0925624743103981,0.7850000262260437,0,1.7206357717514038,0,268.4551243125797,0.39769375324249268,9.6815948486328125,0.39772731065750122
18.679992623627186,-1.3895931243896484,916.67291259765625,-1.3897026777267456,-0.08760949969291687,-40.273944854736328,-0.087623141705989838,0.7850000262260437,0,1.7461317777633667,0,268.4551243125797,0.19385093450546265,9.4207563400268555,0.19386875629425049
18.69999261572957,-1.3900909423828125,915.85870361328125,-1.3902008533477783,-0.086518518626689911,-40.235698699951172,-0.086531996726989746,0.7850000262260437,0,1.7648342847824097,0,268.4551243125797,0.042821049690246582,9.2020378112792969,0.042827367782592773
18.719992607831955,-1.3910017013549805,915.04864501953125,-1.3911120891571045,-0.088104121387004852,-40.201896667480469,-0.088117651641368866,0.7850000262260437,0,1.7768362760543823,0,268.4551243125797,-0.062234878540039063,9.0275821685791016,-0.062237024307250977
18.73999259993434,-1.3924379348754883,914.24261474609375,-1.39254891872406,-0.091325007379055023,-40.171390533447266,-0.09133872389793396,0.7850000262260437,0,1.7822002172470093,0,268.4551243125797,-0.12641990184783936,8.8982124328613281,-0.12642717361450195
18.759992592036724,-1.3944463729858398,913.4404296875,-1.3945577144622803,-0.0952286571264267,-40.143035888671875,-0.095242612063884735,0.7850000262260437,0,1.7809563875198364,0,268.4551243125797,-0.15321826934814453,8.8137855529785156,-0.15322780609130859
18.779992584139109,-1.3970100879669189,912.64215087890625,-1.3971221446990967,-0.09891287237405777,-40.115707397460938,-0.098927058279514313,0.7850000262260437,0,1.7731033563613892,0,268.4551243125797,-0.14460563659667969,8.77344799041748,-0.144614577293396
18.799992576241493,-1.4000508785247803,911.8477783203125,-1.4001636505126953,-0.10148985683917999,-40.088321685791016,-0.10150419175624847,0.7850000262260437,0,1.7586079835891724,0,268.4551243125797,-0.10114681720733643,8.7757644653320313,-0.10115253925323486
18.819992568343878,-1.4034270048141479,911.057373046875,-1.4035403728485107,-0.10205209255218506,-40.059841156005859,-0.10206641256809235,0.7850000262260437,0,1.737404465675354,0,268.4551243125797,-0.022067785263061523,8.8187322616577148,-0.02206718921661377
18.839992560446262,-1.4069299697875977,910.27099609375,-1.4070436954498291,-0.099639892578125,-40.029296875,-0.0996539443731308,0.7850000262260437,0,1.7093939781188965,0,268.4551243125797,0.094678997993469238,8.8997116088867188,0.094689369201660156
18.859992552548647,-1.4102790355682373,909.48883056640625,-1.4103933572769165,-0.0932098925113678,-39.995811462402344,-0.093223340809345245,0.7850000262260437,0,1.6744437217712402,0,268.4551243125797,0.25237774848937988,9.0151987075805664,0.25240123271942139
18.879992544651031,-1.4131159782409668,908.71099853515625,-1.4132305383682251,-0.081605009734630585,-39.9586181640625,-0.081617429852485657,0.7850000262260437,0,1.6323860883712769,0,268.4551243125797,0.455491840839386,9.160639762878418,0.45553213357925415
18.899992536753416,-1.4149956703186035,907.937744140625,-1.4151104688644409,-0.06352553516626358,-39.917110443115234,-0.0635363906621933,0.7850000262260437,0,1.5830180644989014,0,268.4551243125797,0.70961964130401611,9.33003044128418,0.70968115329742432
18.9199925288558,-1.415378212928772,907.16912841796875,-1.4154927730560303,-0.037502378225326538,-39.870876312255859,-0.037511013448238373,0.7850000262260437,0,1.5260978937149048,0,268.4551243125797,1.0214093923568726,9.51557445526123,1.0214965343475342
18.939992520958185,-1.4147465229034424,906.4049072265625,-1.414860725402832,-0.057362571358680725,-39.830192565917969,-0.057372875511646271,0.7850000262260437,0,1.4637374877929688,0,268.4551243125797,-0.77951306104660034,9.29764461517334,-0.779578447341919
18.95999251306057,-1.4124468564987183,905.64447021484375,-1.4125603437423706,-0.067321807146072388,-39.79937744140625,-0.067332953214645386,0.7850000262260437,0,1.3942952156066895,0,268.4551243125797,-0.39090025424957275,8.9104013442993164,-0.3909333348274231
18.979992505162954,-1.4078264236450195,904.88720703125,-1.4079388380050659,-0.067434191703796387,-39.779987335205078,-0.067445382475852966,0.7850000262260437,0,1.3181328773498535,0,268.4551243125797,-0.0044109821319580078,8.4618558883667,-0.0044127702713012695
18.999992497265339,-1.4002610445022583,904.1322021484375,-1.4003722667694092,-0.058114219456911087,-39.773578643798828,-0.058124728500843048,0.7850000262260437,0,1.2356473207473755,0,268.4551243125797,0.36580908298492432,7.9523835182189941,0.36583578586578369
19.019992489367723,-1.3891849517822266,903.37847900390625,-1.3892943859100342,-0.040136385709047318,-39.7816047668457,-0.040145598351955414,0.7850000262260437,0,1.1472679376602173,0,268.4551243125797,0.70563030242919922,7.385777473449707,0.7056812047958374
19.039992481470108,-1.3741195201873779,902.625,-1.3742265701293945,-0.014620941132307053,-39.805335998535156,-0.014628371223807335,0.7850000262260437,0,1.0534552335739136,0,268.4551243125797,1.0014816522598267,6.7694196701049805,1.001551628112793
19.059992473572493,-1.3547017574310303,901.8704833984375,-1.3548061847686768,0.016992896795272827,-39.845760345458984,0.016987564042210579,0.7850000262260437,0,0.95469808578491211,0,268.4551243125797,1.2408437728881836,6.1141977310180664,1.2409260272979736
19.079992465674877,-1.3307105302810669,901.11358642578125,-1.3308118581771851,0.052989475429058075,-39.903499603271484,0.052986331284046173,0.7850000262260437,0,0.85151124000549316,0,268.4551243125797,1.4128663539886475,5.4346523284912109,1.4129523038864136
19.099992457777262,-1.3020875453948975,900.35308837890625,-1.3021851778030396,0.0914318859577179,-39.978717803955078,0.091430813074111938,0.7850000262260437,0,0.74443167448043823,0,268.4551243125797,1.5088654756546021,4.7485561370849609,1.5089466571807861
19.119992449879646,-1.2689517736434937,899.58758544921875,-1.2690452337265015,0.13023152947425842,-40.0710563659668,0.13023217022418976,0.7850000262260437,0,0.63401788473129272,0,268.4551243125797,1.5228867530822754,4.0765581130981445,1.5229541063308716
19.139992441982031,-1.2316067218780518,898.815673828125,-1.2316955327987671,0.1672290712594986,-40.179573059082031,0.16723084449768066,0.7850000262260437,0,0.52084493637084961,0,268.4551243125797,1.4521540403366089,3.4415011405944824,1.4521986246109009
19.159992434084415,-1.1905386447906494,898.0362548828125,-1.1906228065490723,0.20029273629188538,-40.302707672119141,0.2002948522567749,0.7850000262260437,0,0.40550306439399719,0,268.4551243125797,1.2977497577667236,2.8678021430969238,1.2977626323699951
19.1799924261868,-1.1464046239852905,897.2481689453125,-1.1464838981628418,0.22741855680942535,-40.438270568847656,0.22742001712322235,0.7850000262260437,0,0.28859296441078186,0,268.4551243125797,1.0646889209747314,2.3800268173217773,1.0646630525588989
19.199992418289185,-1.1000092029571533,896.45074462890625,-1.1000833511352539,0.24684420228004456,-40.583469390869141,0.24684387445449829,0.7850000262260437,0,0.17072266340255737,0,268.4551243125797,0.762457013130188,2.00182843208313,0.76238656044006348
19.219992410391569,-1.0522724390029907,895.64337158203125,-1.0523415803909302,0.2571595311164856,-40.734977722167969,0.25715616345405579,0.7850000262260437,0,0.052504781633615494,0,268.4551243125797,0.40487727522850037,1.7541965246200562,0.4047580361366272
19.239992402493954,-1.0041881799697876,894.82568359375,-1.0042524337768555,0.25740844011306763,-40.889045715332031,0.2574007511138916,0.7850000262260437,0,0.065450474619865417,0,268.4551243125797,0.0097694173455238342,1.6537389755249023,0.0096000880002975464
19.259992394596338,-0.95677691698074341,893.99786376953125,-0.95683658123016357,0.24717241525650024,-41.041652679443359,0.24715916812419891,0.7850000262260437,0,0.1825362890958786,0,268.4551243125797,-0.40176406502723694,1.7109630107879639,-0.40198233723640442
19.279992386698723,-0.91103458404541016,893.16033935546875,-0.91109025478363037,0.22662171721458435,-41.1887092590332,0.22660176455974579,0.7850000262260437,0,0.29815679788589478,0,268.4551243125797,-0.80661517381668091,1.9288234710693359,-0.80687850713729858
19.299992378801107,-0.86788266897201538,892.31365966796875,-0.86793458461761475,0.19652821123600006,-41.326263427734375,0.19650058448314667,0.7850000262260437,0,0.41172832250595093,0,268.4551243125797,-1.1811704635620117,2.3018038272857666,-1.1814720630645752
19.319992370903492,-0.82812106609344482,891.45892333984375,-0.82816976308822632,0.15823265910148621,-41.450725555419922,0.15819661319255829,0.7850000262260437,0,0.52268540859222412,0,268.4551243125797,-1.5031008720397949,2.8156967163085938,-1.5034315586090088
19.339992363005877,-0.79239118099212646,890.5972900390625,-0.79243731498718262,0.11355853825807571,-41.559066772460938,0.11351361125707626,0.7850000262260437,0,0.63048100471496582,0,268.4551243125797,-1.753460168838501,3.4484775066375732,-1.7538084983825684
19.359992355108261,-0.76114881038665771,889.73004150390625,-0.761193037033081,0.06469281017780304,-41.648979187011719,0.064638867974281311,0.7850000262260437,0,0.73459023237228394,0,268.4551243125797,-1.9179807901382446,4.1717348098754883,-1.9183346033096313
19.379992347210646,-0.73465043306350708,888.8587646484375,-0.73469328880310059,0.014034219086170197,-41.718990325927734,0.013971444219350815,0.7850000262260437,0,0.83451229333877563,0,268.4551243125797,-1.9883506298065186,4.9529848098754883,-1.9886972904205322
19.39999233931303,-0.71295285224914551,887.98486328125,-0.71299493312835693,-0.035975322127342224,-41.768474578857422,-0.036046423017978668,0.7850000262260437,0,0.92977160215377808,0,268.4551243125797,-1.9628754854202271,5.7585511207580566,-1.9632022380828857
19.419992331415415,-0.69592505693435669,887.1097412109375,-0.69596707820892334,-0.083010584115982056,-41.797641754150391,-0.0830892026424408,0.7850000262260437,0,1.0199174880981445,0,268.4551243125797,-1.8461347818374634,6.5560650825500488,-1.8464300632476807
19.4399923235178,-0.68327206373214722,886.23486328125,-0.68331450223922729,-0.1250046044588089,-41.807426452636719,-0.12508967518806458,0.7850000262260437,0,1.1045265197753906,0,268.4551243125797,-1.6482658386230469,7.3168339729309082,-1.6485195159912109
19.459992315620184,-0.67456507682800293,885.36138916015625,-0.67460834980010986,-0.16026169061660767,-41.799350738525391,-0.16035202145576477,0.7850000262260437,0,1.1832033395767212,0,268.4551243125797,-1.3838413953781128,8.0178661346435547,-1.3840473890304565
19.479992307722569,-0.66927707195281982,884.4903564453125,-0.66932165622711182,-0.18752847611904144,-41.775360107421875,-0.18762269616127014,0.7850000262260437,0,1.2555807828903198,0,268.4551243125797,-1.0702221393585205,8.6424970626831055,-1.0703747272491455
19.499992299824953,-0.66681987047195435,883.6226806640625,-0.66686594486236572,-0.20602783560752869,-41.737655639648438,-0.20612451434135437,0.7850000262260437,0,1.3213213682174683,0,268.4551243125797,-0.72610032558441162,9.18067741394043,-0.72619664669036865
19.519992291927338,-0.66657978296279907,882.75921630859375,-0.66662746667861938,-0.21545888483524323,-41.688541412353516,-0.21555659174919128,0.7850000262260437,0,1.3801190853118896,0,268.4551243125797,-0.37016892433166504,9.62864875793457,-0.37020909786224365
19.539992284029722,-0.66795074939727783,881.900390625,-0.6679999828338623,-0.21596653759479523,-41.630279541015625,-0.21606388688087463,0.7850000262260437,0,1.4317003488540649,0,268.4551243125797,-0.019925475120544434,9.9876699447631836,-0.019911527633666992
19.559992276132107,-0.67036175727844238,881.046630859375,-0.67041283845901489,-0.20809236168861389,-41.565006256103516,-0.20818807184696198,0.7850000262260437,0,1.4758254289627075,0,268.4551243125797,0.30906140804290771,10.26287841796875,0.30912595987319946
19.579992268234491,-0.67330151796340942,880.1982421875,-0.6733543872833252,-0.19271287322044373,-41.494663238525391,-0.19280579686164856,0.7850000262260437,0,1.5122904777526855,0,268.4551243125797,0.6036454439163208,10.461847305297852,0.60375475883483887
19.599992260336876,-0.67633497714996338,879.35546875,-0.67638963460922241,-0.17097257077693939,-41.420970916748047,-0.17106175422668457,0.7850000262260437,0,1.5409280061721802,0,268.4551243125797,0.85330700874328613,10.593282699584961,0.85345393419265747
19.61999225243926,-0.67911761999130249,878.51837158203125,-0.67917394638061523,-0.14421701431274414,-41.345428466796875,-0.14430169761180878,0.7850000262260437,0,1.5616090297698975,0,268.4551243125797,1.0501559972763062,10.665881156921387,1.0503329038619995
19.639992244541645,-0.68140280246734619,877.68701171875,-0.68146061897277832,-0.11392836272716522,-41.269336700439453,-0.11400800943374634,0.7850000262260437,0,1.5742436647415161,0,268.4551243125797,1.1888302564620972,10.687386512756348,1.1890276670455933
19.65999223664403,-0.68428164720535278,876.861328125,-0.68434107303619385,-0.14336925745010376,-41.194389343261719,-0.143452987074852,0.7850000262260437,0,1.5766981840133667,0,268.4551243125797,-1.1555554866790771,10.64256477355957,-1.1557157039642334
19.679992228746414,-0.68770575523376465,876.04119873046875,-0.68776702880859375,-0.17191065847873688,-41.121952056884766,-0.17199835181236267,0.7850000262260437,0,1.5711269378662109,0,268.4551243125797,-1.1202505826950073,10.543989181518555,-1.120405912399292
19.6999922208488,-0.69172763824462891,875.2266845703125,-0.69179069995880127,-0.20107953250408173,-41.050930023193359,-0.20117129385471344,0.7850000262260437,0,1.5575144290924072,0,268.4551243125797,-1.1448791027069092,10.488434791564941,-1.1450382471084595
19.719992212951183,-0.69529455900192261,874.41748046875,-0.69535934925079346,-0.17215609550476074,-40.984245300292969,-0.17224304378032684,0.7850000262260437,0,1.5380171537399292,0,268.4551243125797,1.135245680809021,10.318268775939941,1.1354342699050903
19.739992205053568,-0.69865858554840088,873.61358642578125,-0.69872504472732544,-0.147179514169693,-40.922119140625,-0.14726226031780243,0.7850000262260437,0,1.510661244392395,0,268.4551243125797,0.9803314208984375,10.139252662658691,0.98049622774124146
19.759992197155952,-0.70215332508087158,872.81463623046875,-0.70222163200378418,-0.12733463943004608,-40.865631103515625,-0.12741397321224213,0.7850000262260437,0,1.4756006002426147,0,268.4551243125797,0.77891194820404053,9.9180393218994141,0.77904576063156128
19.779992189258337,-0.70618170499801636,872.02032470703125,-0.70625197887420654,-0.11360600590705872,-40.815937042236328,-0.11368287354707718,0.7850000262260437,0,1.4330300092697144,0,268.4551243125797,0.53884899616241455,9.6512880325317383,0.53894591331481934
19.799992181360722,-0.71120107173919678,871.23028564453125,-0.71127355098724365,-0.1067422479391098,-40.774288177490234,-0.10681769996881485,0.7850000262260437,0,1.3831833600997925,0,268.4551243125797,0.26940268278121948,9.3356256484985352,0.26945823431015015
19.819992173463106,-0.71770566701889038,870.444091796875,-0.71778064966201782,-0.10722536593675613,-40.741996765136719,-0.1073005273938179,0.7850000262260437,0,1.3263334035873413,0,268.4551243125797,-0.018962502479553223,8.9682760238647461,-0.018950939178466797
19.839992165565491,-0.72620630264282227,869.66107177734375,-0.72628426551818848,-0.11524603515863419,-40.720420837402344,-0.11532203853130341,0.7850000262260437,0,1.2627902030944824,0,268.4551243125797,-0.31481146812438965,8.5476465225219727,-0.31484460830688477
19.859992157667875,-0.73720860481262207,868.88055419921875,-0.7372896671295166,-0.13068735599517822,-40.710910797119141,-0.13076530396938324,0.7850000262260437,0,1.1928999423980713,0,268.4551243125797,-0.606072187423706,8.0740480422973633,-0.606148362159729
19.87999214977026,-0.75118803977966309,868.1016845703125,-0.75127279758453369,-0.15311704576015472,-40.714756011962891,-0.15319797396659851,0.7850000262260437,0,1.1170419454574585,0,268.4551243125797,-0.88036584854125977,7.5499467849731445,-0.88048267364501953
19.899992141872644,-0.76856642961502075,867.3236083984375,-0.76865547895431519,-0.1817919909954071,-40.733104705810547,-0.1818767786026001,0.7850000262260437,0,1.0356291532516479,0,268.4551243125797,-1.1254922151565552,6.9806046485900879,-1.1256436109542847
19.919992133975029,-0.78968679904937744,866.5452880859375,-0.78978079557418823,-0.21567225456237793,-40.766910552978516,-0.21576158702373505,0.7850000262260437,0,0.94910317659378052,0,268.4551243125797,-1.3298008441925049,6.3740053176879883,-1.329979419708252
19.939992126077414,-0.81479072570800781,865.7655029296875,-0.81489020586013794,-0.25344830751419067,-40.816841125488281,-0.25354266166687012,0.7850000262260437,0,0.8579331636428833,0,268.4551243125797,-1.4827111959457397,5.74111270904541,-1.482907772064209
19.959992118179798,-0.843997597694397,864.983154296875,-0.844103217124939,-0.293581485748291,-40.883213043212891,-0.29368108510971069,0.7850000262260437,0,0.76261365413665771,0,268.4551243125797,-1.5752279758453369,5.0958151817321777,-1.5754332542419434
19.979992110282183,-0.87728893756866455,864.19708251953125,-0.87740153074264526,-0.33435416221618652,-40.965923309326172,-0.33445891737937927,0.7850000262260437,0,0.66366249322891235,0,268.4551243125797,-1.6003279685974121,4.4545331001281738,-1.6005308628082275
19.999992102384567,-0.91449767351150513,863.4061279296875,-0.91461759805679321,-0.37393400073051453,-41.06439208984375,-0.37404352426528931,0.7850000262260437,0,0.56161630153656006,0,268.4551243125797,-1.5535094738006592,3.8359708786010742,-1.5536971092224121
20.019992094486952,-0.9553033709526062,862.60919189453125,-0.95543140172958374,-0.41044881939888,-41.177520751953125,-0.41056245565414429,0.7850000262260437,0,0.45702961087226868,0,268.4551243125797,-1.4332073926925659,3.2604751586914063,-1.4333686828613281
20.039992086589336,-0.9992372989654541,861.80517578125,-0.9993736743927002,-0.44206908345222473,-41.303676605224609,-0.44218584895133972,0.7850000262260437,0,0.35047075152397156,0,268.4551243125797,-1.2410955429077148,2.749194860458374,-1.2412183284759521
20.059992078691721,-1.0456932783126831,860.9932861328125,-1.0458383560180664,-0.467104434967041,-41.4406852722168,-0.46722307801246643,0.7850000262260437,0,0.24251839518547058,0,268.4551243125797,-0.98263800144195557,2.3232884407043457,-0.98271214962005615
20.079992070794106,-1.0939484834671021,860.17291259765625,-1.0941023826599121,-0.48409208655357361,-41.585868835449219,-0.48421114683151245,0.7850000262260437,0,0.13375994563102722,0,268.4551243125797,-0.66676545143127441,2.0023839473724365,-0.66678261756896973
20.09999206289649,-1.1431918144226074,859.34356689453125,-1.1433546543121338,-0.49189251661300659,-41.736118316650391,-0.49201038479804993,0.7850000262260437,0,0.02478301152586937,0,268.4551243125797,-0.30616664886474609,1.8035029172897339,-0.30612078309059143
20.119992054998875,-1.1925584077835083,858.50506591796875,-1.1927300691604614,-0.48976939916610718,-41.88800048828125,-0.48988440632820129,0.7850000262260437,0,0.0838192030787468,0,268.4551243125797,0.083331957459449768,1.7395014762878418,0.083444550633430481
20.139992047101259,-1.2411688566207886,857.65753173828125,-1.2413492202758789,-0.47745451331138611,-42.037887573242188,-0.47756496071815491,0.7850000262260437,0,0.19146612286567688,0,268.4551243125797,0.48335909843444824,1.8177673816680908,0.48353838920593262
20.159992039203644,-1.2881706953048706,856.80145263671875,-1.288359522819519,-0.45517933368682861,-42.182132720947266,-0.45528358221054077,0.7850000262260437,0,0.29758146405220032,0,268.4551243125797,0.87430143356323242,2.0391671657562256,0.87454468011856079
20.179992031306028,-1.3327788114547729,855.937255859375,-1.3329753875732422,-0.42367658019065857,-42.3172492980957,-0.42377316951751709,0.7850000262260437,0,0.40160033106803894,0,268.4551243125797,1.2364835739135742,2.3975052833557129,1.2367842197418213
20.199992023408413,-1.374311089515686,855.06597900390625,-1.3745149374008179,-0.38414725661277771,-42.440086364746094,-0.3842349648475647,0.7850000262260437,0,0.5029754638671875,0,268.4551243125797,1.5515263080596924,2.8794703483581543,1.5518752336502075
20.219992015510798,-1.4122186899185181,854.18865966796875,-1.4124290943145752,-0.33818367123603821,-42.547992706298828,-0.33826154470443726,0.7850000262260437,0,0.60117840766906738,0,268.4551243125797,1.8040721416473389,3.4654772281646729,1.8044571876525879
20.239992007613182,-1.4461051225662231,853.30633544921875,-1.4463212490081787,-0.28766438364982605,-42.638942718505859,-0.28773185610771179,0.7850000262260437,0,0.69570034742355347,0,268.4551243125797,1.9828824996948242,4.1310324668884277,1.9832909107208252
20.259991999715567,-1.475737452507019,852.42041015625,-1.4759587049484253,-0.23463422060012817,-42.711616516113281,-0.2346910685300827,0.7850000262260437,0,0.7860569953918457,0,268.4551243125797,2.0814347267150879,4.8483304977416992,2.0818517208099365
20.279991991817951,-1.5010452270507813,851.5321044921875,-1.5012705326080322,-0.18116258084774017,-42.765426635742188,-0.18120893836021423,0.7850000262260437,0,0.8717881441116333,0,268.4551243125797,2.0987627506256104,5.5888156890869141,2.0991744995117188
20.299991983920336,-1.5221091508865356,850.6427001953125,-1.5223380327224731,-0.12921592593193054,-42.800483703613281,-0.12925224006175995,0.7850000262260437,0,0.952460527420044,0,268.4551243125797,2.038907527923584,6.3249244689941406,2.0393011569976807
20.31999197602272,-1.5391435623168945,849.75335693359375,-1.5393753051757813,-0.080541864037513733,-42.817523956298828,-0.080568872392177582,0.7850000262260437,0,1.0276687145233154,0,268.4551243125797,1.910457968711853,7.0320782661437988,1.9108229875564575
20.339991968125105,-1.5524699687957764,848.86517333984375,-1.5527040958404541,-0.03657924011349678,-42.817802429199219,-0.036597922444343567,0.7850000262260437,0,1.0970362424850464,0,268.4551243125797,1.7255337238311768,7.6899700164794922,1.7258604764938354
20.359991960227489,-1.5624892711639404,847.97906494140625,-1.5627251863479614,0.0016025155782699585,-42.802959442138672,0.001591019332408905,0.7850000262260437,0,1.1602166891098022,0,268.4551243125797,1.4986345767974854,8.2833652496337891,1.4989166259765625
20.379991952329874,-1.5696512460708618,847.09600830078125,-1.5698883533477783,0.033332522958517075,-42.774898529052734,0.033326976001262665,0.7850000262260437,0,1.2168971300125122,0,268.4551243125797,1.2454034090042114,8.8021907806396484,1.2456369400024414
20.399991944432259,-1.5744246244430542,846.216552734375,-1.574662446975708,0.058340579271316528,-42.735649108886719,0.058339722454547882,0.7850000262260437,0,1.2667962312698364,0,268.4551243125797,0.9815666675567627,9.2413740158081055,0.9817507266998291
20.419991936534643,-1.5772703886032104,845.34130859375,-1.577508807182312,0.076733432710170746,-42.6872673034668,0.076736032962799072,0.7850000262260437,0,1.3096680641174316,0,268.4551243125797,0.72191989421844482,9.5997705459594727,0.72205543518066406
20.439991928637028,-1.5786179304122925,844.4705810546875,-1.5788568258285522,0.088955752551555634,-42.631759643554688,0.0889606773853302,0.7850000262260437,0,1.3453025817871094,0,268.4551243125797,0.47972619533538818,9.8795251846313477,0.47981739044189453
20.459991920739412,-1.5788459777832031,843.60479736328125,-1.5790849924087524,0.095737569034099579,-42.571022033691406,0.0957438200712204,0.7850000262260437,0,1.3735274076461792,0,268.4551243125797,0.26618647575378418,10.084745407104492,0.26623857021331787
20.479991912841797,-1.5782662630081177,842.744140625,-1.5785053968429565,0.0980367586016655,-42.506820678710938,0.0980435162782669,0.7850000262260437,0,1.3942089080810547,0,268.4551243125797,0.090243101119995117,10.220737457275391,0.0902630090713501
20.499991904944181,-1.5771135091781616,841.88873291015625,-1.57735276222229,0.0969780832529068,-42.440780639648438,0.096984736621379852,0.7850000262260437,0,1.4072525501251221,0,268.4551243125797,-0.041552901268005371,10.292951583862305,-0.041557073593139648
20.519991897046566,-1.5755376815795898,841.03857421875,-1.5757772922515869,0.093793280422687531,-42.374397277832031,0.093799442052841187,0.7850000262260437,0,1.4126049280166626,0,268.4551243125797,-0.12500345706939697,10.30633544921875,-0.12502288818359375
20.539991889148951,-1.5736016035079956,840.19366455078125,-1.5738413333892822,0.089763417840003967,-42.3090705871582,0.089768931269645691,0.7850000262260437,0,1.4102532863616943,0,268.4551243125797,-0.1581721305847168,10.264926910400391,-0.15819764137268066
20.559991881251335,-1.5712801218032837,839.3538818359375,-1.5715199708938599,0.086164325475692749,-42.246124267578125,0.08616926521062851,0.7850000262260437,0,1.40022611618042,0,268.4551243125797,-0.14126455783843994,10.171545028686523,-0.14128696918487549
20.57999187335372,-1.5684642791748047,838.51910400390625,-1.5687040090560913,0.084215760231018066,-42.186840057373047,0.084220431745052338,0.7850000262260437,0,1.3825937509536743,0,268.4551243125797,-0.076481223106384277,10.027783393859863,-0.076491713523864746
20.599991865456104,-1.5649667978286743,837.68914794921875,-1.5652062892913818,0.085034281015396118,-42.132488250732422,0.085039205849170685,0.7850000262260437,0,1.3574671745300293,0,268.4551243125797,0.0321270227432251,9.8341398239135742,0.032136917114257813
20.619991857558489,-1.5605312585830688,836.86370849609375,-1.5607702732086182,0.08959013968706131,-42.084346771240234,0.089596010744571686,0.7850000262260437,0,1.3249996900558472,0,268.4551243125797,0.1788175106048584,9.5903444290161133,0.17885470390319824
20.639991849660873,-1.554844856262207,836.0423583984375,-1.5550830364227295,0.0986684039235115,-42.0437126159668,0.09867607057094574,0.7850000262260437,0,1.2853842973709106,0,268.4551243125797,0.35632205009460449,9.2957315444946289,0.356392502784729
20.659991841763258,-1.547551155090332,835.2247314453125,-1.5477882623672485,0.11283566802740097,-42.011890411376953,0.11284607648849487,0.7850000262260437,0,1.2388533353805542,0,268.4551243125797,0.55606544017791748,8.9498100280761719,0.55617308616638184
20.679991833865643,-1.5382680892944336,834.41033935546875,-1.5385035276412964,0.13241232931613922,-41.990188598632813,0.13242650032043457,0.7850000262260437,0,1.1856786012649536,0,268.4551243125797,0.76838421821594238,8.55263900756836,0.7685319185256958
20.699991825968027,-1.5266056060791016,833.59844970703125,-1.5268387794494629,0.15745221078395844,-41.979881286621094,0.15747115015983582,0.7850000262260437,0,1.1261677742004395,0,268.4551243125797,0.98281574249267578,8.1054325103759766,0.98300313949584961
20.719991818070412,-1.5121865272521973,832.788330078125,-1.5124168395996094,0.18773086369037628,-41.982170104980469,0.18775551021099091,0.7850000262260437,0,1.0606646537780762,0,268.4551243125797,1.1884377002716064,7.6110348701477051,1.1886618137359619
20.739991810172796,-1.494667649269104,831.97930908203125,-1.49489426612854,0.22274325788021088,-41.998134613037109,0.2227744460105896,0.7850000262260437,0,0.989547073841095,0,268.4551243125797,1.3742371797561646,7.0742759704589844,1.3744938373565674
20.759991802275181,-1.4737609624862671,831.17034912109375,-1.4739834070205688,0.26171061396598816,-42.0286750793457,0.2617490291595459,0.7850000262260437,0,0.91322380304336548,0,268.4551243125797,1.5294696092605591,6.5021562576293945,1.5297528505325317
20.779991794377565,-1.4492542743682861,830.36053466796875,-1.4494717121124268,0.30359950661659241,-42.0744514465332,0.30364558100700378,0.7850000262260437,0,0.83213365077972412,0,268.4551243125797,1.6441396474838257,5.90412712097168,1.6444400548934937
20.79999178647995,-1.4210302829742432,829.548828125,-1.4212416410446167,0.34715241193771362,-42.135818481445313,0.34720629453659058,0.7850000262260437,0,0.74674248695373535,0,268.4551243125797,1.7094525098800659,5.2921223640441895,1.709758996963501
20.819991778582335,-1.3890811204910278,828.73419189453125,-1.3892860412597656,0.39092713594436646,-42.212776184082031,0.39098867774009705,0.7850000262260437,0,0.65754073858261108,0,268.4551243125797,1.718158483505249,4.6802597045898438,1.7184591293334961
20.839991770684719,-1.3535213470458984,827.91558837890625,-1.3537188768386841,0.43335062265396118,-42.304904937744141,0.43341934680938721,0.7850000262260437,0,0.56504136323928833,0,268.4551243125797,1.6651231050491333,4.0847892761230469,1.6654045581817627
20.859991762787104,-1.3145928382873535,827.09197998046875,-1.3147825002670288,0.47278079390525818,-42.411334991455078,0.47285589575767517,0.7850000262260437,0,0.46977525949478149,0,268.4551243125797,1.5476353168487549,3.5234944820404053,1.5478851795196533
20.879991754889488,-1.2726655006408691,826.26239013671875,-1.2728465795516968,0.50757902860641479,-42.530715942382813,0.507659375667572,0.7850000262260437,0,0.37229099869728088,0,268.4551243125797,1.3658316135406494,3.0151462554931641,1.3660365343093872
20.899991746991873,-1.2282308340072632,825.426025390625,-1.228402853012085,0.5361904501914978,-42.661216735839844,0.53627455234527588,0.7850000262260437,0,0.2731499969959259,0,268.4551243125797,1.1229991912841797,2.5786819458007813,1.1231462955474854
20.919991739094257,-1.181887149810791,824.582275390625,-1.1820499897003174,0.55722320079803467,-42.8005485534668,0.55730932950973511,0.7850000262260437,0,0.17292307317256927,0,268.4551243125797,0.82553696632385254,2.2321183681488037,0.8256155252456665
20.939991731196642,-1.1343201398849487,823.7305908203125,-1.134473443031311,0.56953132152557373,-42.946006774902344,0.569617509841919,0.7850000262260437,0,0.072187207639217377,0,268.4551243125797,0.48309510946273804,1.9915496110916138,0.48309653997421265
20.959991723299026,-1.0862749814987183,822.87078857421875,-1.0864187479019165,0.572293221950531,-43.094566345214844,0.57237732410430908,0.7850000262260437,0,0.028480779379606247,0,268.4551243125797,0.10840482264757156,1.8699301481246948,0.10832319408655167
20.979991715401411,-1.038526177406311,822.00286865234375,-1.0386605262756348,0.56506764888763428,-43.242973327636719,0.56514745950698853,0.7850000262260437,0,0.12849614024162292,0,268.4551243125797,-0.28360447287559509,1.8758393526077271,-0.28377187252044678
20.999991707503796,-0.99184328317642212,821.126953125,-0.99196857213974,0.547836184501648,-43.387897491455078,0.54790955781936646,0.7850000262260437,0,0.22729495167732239,0,268.4551243125797,-0.676334798336029,2.0125901699066162,-0.67658686637878418
21.01999169960618,-0.94695669412612915,820.2435302734375,-0.94707340002059937,0.52101963758468628,-43.526069641113281,0.52108454704284668,0.7850000262260437,0,0.3243127167224884,0,268.4551243125797,-1.052550196647644,2.2775228023529053,-1.0528817176818848
21.039991691708565,-0.904525637626648,819.353271484375,-0.90463423728942871,0.48545777797698975,-43.654449462890625,0.48551243543624878,0.7850000262260437,0,0.41900086402893066,0,268.4551243125797,-1.3958039283752441,2.6618702411651611,-1.3962066173553467
21.059991683810949,-0.86511069536209106,818.45697021484375,-0.86521190404891968,0.44236293435096741,-43.770366668701172,0.44240579009056091,0.7850000262260437,0,0.510827362537384,0,268.4551243125797,-1.6914739608764648,3.15108585357666,-1.6919368505477905
21.079991675913334,-0.82915264368057251,817.55560302734375,-0.829247236251831,0.39324560761451721,-43.87164306640625,0.39327552914619446,0.7850000262260437,0,0.59927916526794434,0,268.4551243125797,-1.9278560876846313,3.725675106048584,-1.9283641576766968
21.099991668015718,-0.79695987701416016,816.6502685546875,-0.79704862833023071,0.33981510996818542,-43.956695556640625,0.33983129262924194,0.7850000262260437,0,0.68386620283126831,0,268.4551243125797,-2.0971479415893555,4.3626041412353516,-2.0976874828338623
21.119991660118103,-0.76870357990264893,815.74212646484375,-0.76878756284713745,0.2838672399520874,-44.024562835693359,0.28386932611465454,0.7850000262260437,0,0.76412296295166016,0,268.4551243125797,-2.1959545612335205,5.0369997024536133,-2.1965081691741943
21.139991652220488,-0.744423508644104,814.832275390625,-0.74450349807739258,0.22717146575450897,-44.074932098388672,0.22715950012207031,0.7850000262260437,0,0.83960938453674316,0,268.4551243125797,-2.2253100872039795,5.7238388061523438,-2.2258620262145996
21.159991644322872,-0.72403836250305176,813.92181396484375,-0.72411549091339111,0.17136771976947784,-44.108089447021484,0.17134207487106323,0.7850000262260437,0,0.90991437435150146,0,268.4551243125797,-2.1902980804443359,6.3994588851928711,-2.1908349990844727
21.179991636425257,-0.70736527442932129,813.01171875,-0.70744001865386963,0.11787398904561996,-44.124843597412109,0.11783537268638611,0.7850000262260437,0,0.97465693950653076,0,268.4551243125797,-2.0996298789978027,7.043217658996582,-2.1001391410827637
21.199991628527641,-0.69414126873016357,812.10296630859375,-0.6942143440246582,0.067821666598320007,-44.126441955566406,0.067771017551422119,0.7850000262260437,0,1.0334880352020264,0,268.4551243125797,-1.9645544290542603,7.6381392478942871,-1.96502685546875
21.219991620630026,-0.68404871225357056,811.19647216796875,-0.684120774269104,0.022014763206243515,-44.114452362060547,0.021953169256448746,0.7850000262260437,0,1.0860923528671265,0,268.4551243125797,-1.797921895980835,8.17141342163086,-1.7983514070510864
21.23999161273241,-0.67674016952514648,810.29278564453125,-0.676811933517456,-0.019087310880422592,-44.090663909912109,-0.019158631563186646,0.7850000262260437,0,1.1321890354156494,0,268.4551243125797,-1.6132571697235107,8.6345739364624023,-1.6136388778686523
21.259991604834795,-0.67186367511749268,809.39251708984375,-0.6719355583190918,-0.055361144244670868,-44.056983947753906,-0.05544096976518631,0.7850000262260437,0,1.1715338230133057,0,268.4551243125797,-1.4237486124038696,9.0228443145751953,-1.4240823984146118
21.27999159693718,-0.66908323764801025,808.49627685546875,-0.66915607452392578,-0.086993351578712463,-44.015361785888672,-0.087080523371696472,0.7850000262260437,0,1.2039209604263306,0,268.4551243125797,-1.2415647506713867,9.334589958190918,-1.2418529987335205
21.299991589039564,-0.66809839010238647,807.604248046875,-0.66817247867584229,-0.11444126069545746,-43.967723846435547,-0.11453474313020706,0.7850000262260437,0,1.229182243347168,0,268.4551243125797,-1.0773309469223022,9.5706729888916016,-1.0775786638259888
21.319991581141949,-0.66865921020507813,806.716796875,-0.66873472929000854,-0.13838277757167816,-43.915939331054688,-0.13848170638084412,0.7850000262260437,0,1.2471916675567627,0,268.4551243125797,-0.93970513343811035,9.7333984375,-0.93991875648498535
21.339991573244333,-0.67057645320892334,805.833984375,-0.67065393924713135,-0.15966160595417023,-43.861797332763672,-0.15976530313491821,0.7850000262260437,0,1.2578631639480591,0,268.4551243125797,-0.83519434928894043,9.8259477615356445,-0.83538162708282471
21.359991565346718,-0.67373037338256836,804.9559326171875,-0.67381012439727783,-0.17923048138618469,-43.806999206542969,-0.17933852970600128,0.7850000262260437,0,1.2611533403396606,0,268.4551243125797,-0.76807868480682373,9.8517227172851563,-0.76824939250946045
21.379991557449102,-0.67807292938232422,804.08258056640625,-0.67815518379211426,-0.19809424877166748,-43.753166198730469,-0.19820645451545715,0.7850000262260437,0,1.2570605278015137,0,268.4551243125797,-0.7404029369354248,9.8138418197631836,-0.74056649208068848
21.399991549551487,-0.68362855911254883,803.21380615234375,-0.68371361494064331,-0.21725544333457947,-43.701850891113281,-0.21737188100814819,0.7850000262260437,0,1.2456263303756714,0,268.4551243125797,-0.75207710266113281,9.7149496078491211,-0.7522432804107666
21.419991541653872,-0.6904904842376709,802.3494873046875,-0.69057857990264893,-0.23766288161277771,-43.654556274414063,-0.23778386414051056,0.7850000262260437,0,1.2269347906112671,0,268.4551243125797,-0.80099260807037354,9.55714225769043,-0.8011707067489624
21.439991533756256,-0.69881439208984375,801.4893798828125,-0.69890594482421875,-0.2601645290851593,-43.612743377685547,-0.26029053330421448,0.7850000262260437,0,1.2011123895645142,0,268.4551243125797,-0.88318979740142822,9.3420286178588867,-0.88338744640350342
21.459991525858641,-0.708809494972229,800.63311767578125,-0.70890474319458008,-0.28546491265296936,-43.577835083007813,-0.28559660911560059,0.7850000262260437,0,1.1683274507522583,0,268.4551243125797,-0.99304056167602539,9.0709629058837891,-0.99326431751251221
21.479991517961025,-0.72072601318359375,799.7802734375,-0.7208254337310791,-0.31408849358558655,-43.551223754882813,-0.31422671675682068,0.7850000262260437,0,1.1287893056869507,0,268.4551243125797,-1.123476505279541,8.7453775405883789,-1.123732328414917
21.49999151006341,-0.73484134674072266,798.930419921875,-0.73494541645050049,-0.34634977579116821,-43.534248352050781,-0.34649541974067688,0.7850000262260437,0,1.0827467441558838,0,268.4551243125797,-1.2662563323974609,8.3671875,-1.2665469646453857
21.519991502165794,-0.75144344568252563,798.08294677734375,-0.75155270099639893,-0.38232994079589844,-43.528179168701172,-0.38248389959335327,0.7850000262260437,0,1.0304876565933228,0,268.4551243125797,-1.4122222661972046,7.939124584197998,-1.4125486612319946
21.539991494268179,-0.7708137035369873,797.2371826171875,-0.77092862129211426,-0.42186281085014343,-43.534183502197266,-0.42202594876289368,0.7850000262260437,0,0.97233712673187256,0,268.4551243125797,-1.5516659021377563,7.4652194976806641,-1.5520265102386475
21.559991486370564,-0.79320752620697021,796.39227294921875,-0.793329119682312,-0.46452933549880981,-43.553287506103516,-0.46470242738723755,0.7850000262260437,0,0.90865463018417358,0,268.4551243125797,-1.6746616363525391,6.9510846138000488,-1.6750530004501343
21.579991478472948,-0.81883621215820313,795.5474853515625,-0.81896519660949707,-0.5096624493598938,-43.586322784423828,-0.50984609127044678,0.7850000262260437,0,0.83983349800109863,0,268.4551243125797,-1.771475076675415,6.4041843414306641,-1.7718902826309204
21.599991470575333,-0.847848117351532,794.70196533203125,-0.84798526763916016,-0.556362509727478,-43.633884429931641,-0.55655711889266968,0.7850000262260437,0,0.76629793643951416,0,268.4551243125797,-1.8329777717590332,5.8340287208557129,-1.8334097862243652
21.619991462677717,-0.88031262159347534,793.854736328125,-0.880458652973175,-0.60352247953414917,-43.696273803710938,-0.60372823476791382,0.7850000262260437,0,0.68850141763687134,0,268.4551243125797,-1.8510291576385498,5.2521190643310547,-1.8514671325683594
21.6399914547801,-0.916205883026123,793.0047607421875,-0.91636157035827637,-0.64986532926559448,-43.773441314697266,-0.65008211135864258,0.7850000262260437,0,0.60692298412323,0,268.4551243125797,-1.8189568519592285,4.6719589233398438,-1.8193893432617188
21.659991446882486,-0.95540046691894531,792.1512451171875,-0.95556658506393433,-0.69399261474609375,-43.864959716796875,-0.69421994686126709,0.7850000262260437,0,0.5220649242401123,0,268.4551243125797,-1.7319974899291992,4.1088037490844727,-1.7324120998382568
21.679991438984871,-0.99765986204147339,791.293212890625,-0.99783706665039063,-0.7344391942024231,-43.969970703125,-0.73467624187469482,0.7850000262260437,0,0.43445056676864624,0,268.4551243125797,-1.5875281095504761,3.5791020393371582,-1.5879101753234863
21.699991431087255,-1.0426381826400757,790.42987060546875,-1.0428271293640137,-0.76974135637283325,-44.087184906005859,-0.76998698711395264,0.7850000262260437,0,0.344620019197464,0,268.4551243125797,-1.3856104612350464,3.1001412868499756,-1.3859472274780273
21.71999142318964,-1.0898853540420532,789.5604248046875,-1.0900865793228149,-0.7985079288482666,-44.214870452880859,-0.798760712146759,0.7850000262260437,0,0.25312799215316772,0,268.4551243125797,-1.1290892362594604,2.6891567707061768,-1.1293685436248779
21.739991415292025,-1.1388589143753052,788.684326171875,-1.1390730142593384,-0.819492757320404,-44.350879669189453,-0.81975084543228149,0.7850000262260437,0,0.16054022312164307,0,268.4551243125797,-0.8236539363861084,2.3624296188354492,-0.823864221572876
21.759991407394409,-1.1889417171478271,787.80120849609375,-1.1891688108444214,-0.83166921138763428,-44.492698669433594,-0.83193063735961914,0.7850000262260437,0,0.067427419126033783,0,268.4551243125797,-0.47792598605155945,2.1343874931335449,-0.47805726528167725
21.779991399496794,-1.2394638061523438,786.91070556640625,-1.2397041320800781,-0.83429545164108276,-44.637523651123047,-0.83455806970596313,0.7850000262260437,0,0.02563430555164814,0,268.4551243125797,-0.10308095812797546,2.0164833068847656,-0.10312601923942566
21.799991391599178,-1.2897295951843262,786.01287841796875,-1.289982795715332,-0.8269694447517395,-44.782356262207031,-0.82723087072372437,0.7850000262260437,0,0.11807161569595337,0,268.4551243125797,0.28754675388336182,2.016232967376709,0.287591814994812
21.819991383701563,-1.3390458822250366,785.10791015625,-1.3393120765686035,-0.809660792350769,-44.924125671386719,-0.80991876125335693,0.7850000262260437,0,0.20931722223758698,0,268.4551243125797,0.67936396598815918,2.1363883018493652,0.67949986457824707
21.839991375803947,-1.3867514133453369,784.19610595703125,-1.3870301246643066,-0.78272342681884766,-45.059829711914063,-0.78297567367553711,0.7850000262260437,0,0.29881066083908081,0,268.4551243125797,1.0572932958602905,2.3744299411773682,1.0575171709060669
21.859991367906332,-1.4322439432144165,783.27813720703125,-1.4325346946716309,-0.74688041210174561,-45.186668395996094,-0.74712491035461426,0.7850000262260437,0,0.38600614666938782,0,268.4551243125797,1.4068390130996704,2.7224273681640625,1.40714430809021
21.879991360008717,-1.4750031232833862,782.35467529296875,-1.4753053188323975,-0.70318269729614258,-45.302169799804688,-0.70341759920120239,0.7850000262260437,0,0.47037398815155029,0,268.4551243125797,1.715135931968689,3.1673550605773926,1.7155131101608276
21.8999913521111,-1.5146090984344482,781.42657470703125,-1.51492178440094,-0.65294331312179565,-45.4043083190918,-0.65316706895828247,0.7850000262260437,0,0.55140352249145508,0,268.4551243125797,1.9718973636627197,3.6918661594390869,1.9723349809646606
21.919991344213486,-1.5507532358169556,780.4947509765625,-1.5510755777359009,-0.59765434265136719,-45.491580963134766,-0.5978657603263855,0.7850000262260437,0,0.628607451915741,0,268.4551243125797,2.1700937747955322,4.2753729820251465,2.1705784797668457
21.93999133631587,-1.5832420587539673,779.56024169921875,-1.5835733413696289,-0.53888952732086182,-45.563053131103516,-0.53908777236938477,0.7850000262260437,0,0.70152491331100464,0,268.4551243125797,2.3065192699432373,4.8955593109130859,2.3070363998413086
21.959991328418255,-1.6119940280914307,778.6241455078125,-1.6123332977294922,-0.4782072901725769,-45.618366241455078,-0.47839188575744629,0.7850000262260437,0,0.7697218656539917,0,268.4551243125797,2.3817787170410156,5.52979850769043,2.3823144435882568
21.979991320520639,-1.6370291709899902,777.687255859375,-1.6373757123947144,-0.41706040501594543,-45.657711029052734,-0.4172312319278717,0.7850000262260437,0,0.83279424905776978,0,268.4551243125797,2.4000163078308105,6.1565017700195313,2.400557279586792
21.999991312623024,-1.6584548950195313,776.75067138671875,-1.6588077545166016,-0.35671898722648621,-45.681777954101563,-0.35687622427940369,0.7850000262260437,0,0.89037090539932251,0,268.4551243125797,2.3684015274047852,6.7562766075134277,2.3689355850219727
22.019991304725409,-1.6764463186264038,775.81512451171875,-1.6768046617507935,-0.29821088910102844,-45.6916618347168,-0.29835495352745056,0.7850000262260437,0,0.94211471080780029,0,268.4551243125797,2.2964434623718262,7.3128604888916016,2.2969613075256348
22.039991296827793,-1.6912260055541992,774.88140869140625,-1.6915887594223022,-0.24228602647781372,-45.688793182373047,-0.24241749942302704,0.7850000262260437,0,0.98772412538528442,0,268.4551243125797,2.1950521469116211,7.8134007453918457,2.1955461502075195
22.059991288930178,-1.7030417919158936,773.9501953125,-1.7034082412719727,-0.1894020289182663,-45.674839019775391,-0.18952164053916931,0.7850000262260437,0,1.0269366502761841,0,268.4551243125797,2.0756978988647461,8.2485580444335938,2.0761635303497314
22.079991281032562,-1.7121466398239136,773.02203369140625,-1.7125164270401,-0.13972839713096619,-45.651615142822266,-0.13983689248561859,0.7850000262260437,0,1.0595276355743408,0,268.4551243125797,1.949690580368042,8.6124258041381836,1.950127124786377
22.099991273134947,-1.7187802791595459,772.09735107421875,-1.7191526889801025,-0.093171298503875732,-45.621021270751953,-0.093269363045692444,0.7850000262260437,0,1.085314154624939,0,268.4551243125797,1.8273671865463257,8.9017257690429688,1.8277764320373535
22.119991265237331,-1.7231529951095581,771.17645263671875,-1.7235276699066162,-0.049408737570047379,-45.584980010986328,-0.049497030675411224,0.7850000262260437,0,1.104154109954834,0,268.4551243125797,1.7176812887191772,9.115504264831543,1.7180649042129517
22.139991257339716,-1.7254335880279541,770.259521484375,-1.7258100509643555,-0.0079364292323589325,-45.5453987121582,-0.0080154724419116974,0.7850000262260437,0,1.1159499883651733,0,268.4551243125797,1.6277889013290405,9.2543659210205078,1.6281520128250122
22.1599912494421,-1.7257400751113892,769.3466796875,-1.7261178493499756,0.03188096359372139,-45.504146575927734,0.03181077167391777,0.7850000262260437,0,1.1206467151641846,0,268.4551243125797,1.562833309173584,9.319972038269043,1.5631808042526245
22.179991241544485,-1.7241346836090088,768.43798828125,-1.7245134115219116,0.070755809545516968,-45.463035583496094,0.070694245398044586,0.7850000262260437,0,1.1182339191436768,0,268.4551243125797,1.5258383750915527,9.3145179748535156,1.5261770486831665
22.19999123364687,-1.7206223011016846,767.53338623046875,-1.7210017442703247,0.10942375659942627,-45.423809051513672,0.10937073826789856,0.7850000262260437,0,1.1087455749511719,0,268.4551243125797,1.5177178382873535,9.24045467376709,1.5180528163909912
22.219991225749254,-1.715152382850647,766.63262939453125,-1.7155319452285767,0.1485917866230011,-45.388153076171875,0.14854738116264343,0.7850000262260437,0,1.0922609567642212,0,268.4551243125797,1.5373461246490479,9.1003036499023438,1.5376836061477661
22.239991217851639,-1.7076236009597778,765.73553466796875,-1.7080028057098389,0.18888995051383972,-45.357688903808594,0.18885435163974762,0.7850000262260437,0,1.0689020156860352,0,268.4551243125797,1.5817039012908936,8.8966379165649414,1.5820492506027222
22.259991209954023,-1.6978923082351685,764.84173583984375,-1.6982707977294922,0.23082816600799561,-45.333961486816406,0.23080167174339294,0.7850000262260437,0,1.0388346910476685,0,268.4551243125797,1.64607572555542,8.6321821212768555,1.6464333534240723
22.279991202056408,-1.6857833862304688,763.950927734375,-1.6861605644226074,0.27475929260253906,-45.318439483642578,0.27474230527877808,0.7850000262260437,0,1.0022685527801514,0,268.4551243125797,1.7242981195449829,8.3100595474243164,1.7246702909469604
22.299991194158792,-1.6711025238037109,763.0625,-1.6714777946472168,0.32084840536117554,-45.3125,0.32084131240844727,0.7850000262260437,0,0.95945292711257935,0,268.4551243125797,1.8089983463287354,7.9339795112609863,1.8093869686126709
22.319991186261177,-1.6536519527435303,762.17584228515625,-1.6540249586105347,0.36905187368392944,-45.3173942565918,0.36905509233474731,0.7850000262260437,0,0.91067838668823242,0,268.4551243125797,1.8919875621795654,7.5086770057678223,1.8923913240432739
22.339991178363562,-1.6332460641860962,761.2904052734375,-1.6336162090301514,0.419103741645813,-45.334228515625,0.41911756992340088,0.7850000262260437,0,0.85627341270446777,0,268.4551243125797,1.964536190032959,7.0400543212890625,1.9649530649185181
22.359991170465946,-1.6097278594970703,760.4053955078125,-1.6100945472717285,0.47051259875297546,-45.363918304443359,0.47053727507591248,0.7850000262260437,0,0.79660284519195557,0,268.4551243125797,2.017798900604248,6.535529613494873,2.0182242393493652
22.379991162568331,-1.5829858779907227,759.52001953125,-1.5833486318588257,0.52256917953491211,-45.407146453857422,0.52260470390319824,0.7850000262260437,0,0.73206561803817749,0,268.4551243125797,2.0432205200195313,6.0041942596435547,2.0436487197875977
22.399991154670715,-1.5529698133468628,758.63348388671875,-1.5533277988433838,0.57436436414718628,-45.464317321777344,0.57441073656082153,0.7850000262260437,0,0.66309243440628052,0,268.4551243125797,2.0329627990722656,5.4569091796875,2.0333871841430664
22.4199911467731,-1.5197033882141113,757.744873046875,-1.5200560092926025,0.62481695413589478,-45.535518646240234,0.62487387657165527,0.7850000262260437,0,0.59014326333999634,0,268.4551243125797,1.9802660942077637,4.9061799049377441,1.9806782007217407
22.439991138875484,-1.4832959175109863,756.8533935546875,-1.4836424589157104,0.67271488904953,-45.620479583740234,0.672781765460968,0.7850000262260437,0,0.51370388269424438,0,268.4551243125797,1.8799943923950195,4.366154670715332,1.8803844451904297
22.459991130977869,-1.44394850730896,755.9581298828125,-1.4442884922027588,0.71676176786422729,-45.718536376953125,0.71683776378631592,0.7850000262260437,0,0.43428453803062439,0,268.4551243125797,1.7288399934768677,3.8520975112915039,1.7291983366012573
22.479991123080254,-1.4019575119018555,755.058349609375,-1.4022903442382813,0.75563728809356689,-45.828617095947266,0.7557213306427002,0.7850000262260437,0,0.35241445899009705,0,268.4551243125797,1.5258650779724121,3.3801116943359375,1.526181697845459
22.499991115182638,-1.3577113151550293,754.1533203125,-1.3580366373062134,0.78805840015411377,-45.949241638183594,0.78814917802810669,0.7850000262260437,0,0.26864013075828552,0,268.4551243125797,1.272529125213623,2.966320276260376,1.2727944850921631
22.519991107285023,-1.3116825819015503,753.2425537109375,-1.3120001554489136,0.81284874677658081,-46.078529357910156,0.812944769859314,0.7850000262260437,0,0.18352267146110535,0,268.4551243125797,0.97302162647247314,2.6262376308441162,0.97322750091552734
22.539991099387407,-1.2644155025482178,752.3255615234375,-1.2647250890731812,0.82900410890579224,-46.214248657226563,0.82910370826721191,0.7850000262260437,0,0.097628466784954071,0,268.4551243125797,0.63409924507141113,2.373798131942749,0.63423788547515869
22.559991091489792,-1.2165076732635498,751.40203857421875,-1.2168092727661133,0.83575582504272461,-46.353874206542969,0.83585715293884277,0.7850000262260437,0,0.011529086157679558,0,268.4551243125797,0.26500594615936279,2.2204985618591309,0.2650720477104187
22.579991083592176,-1.1685889959335327,750.471923828125,-1.1688824892044067,0.83262288570404053,-46.494674682617188,0.83272397518157959,0.7850000262260437,0,0.074188366532325745,0,268.4551243125797,-0.12296691536903381,2.1744484901428223,-0.12297627329826355
22.599991075694561,-1.121296763420105,749.53521728515625,-1.1215823888778687,0.81944805383682251,-46.633815765380859,0.81954699754714966,0.7850000262260437,0,0.15896649658679962,0,268.4551243125797,-0.51711148023605347,2.2396323680877686,-0.51719725131988525
22.619991067796946,-1.0752513408660889,748.59228515625,-1.0755292177200317,0.79641622304916382,-46.768478393554688,0.79651105403900146,0.7850000262260437,0,0.24223479628562927,0,268.4551243125797,-0.90400081872940063,2.4153575897216797,-0.90416109561920166
22.63999105989933,-1.0310313701629639,747.64349365234375,-1.0313019752502441,0.76404827833175659,-46.895988464355469,0.76413720846176147,0.7850000262260437,0,0.3234403133392334,0,268.4551243125797,-1.2704434394836426,2.6960439682006836,-1.2706736326217651
22.659991052001715,-0.98915278911590576,746.689453125,-0.98941659927368164,0.72317349910736084,-47.013938903808594,0.723254919052124,0.7850000262260437,0,0.40204671025276184,0,268.4551243125797,-1.6043363809585571,3.0713651180267334,-1.6046301126480103
22.6799910441041,-0.95005118846893311,745.73095703125,-0.95030879974365234,0.674878716468811,-47.120285034179688,0.67495131492614746,0.7850000262260437,0,0.47753548622131348,0,268.4551243125797,-1.8955700397491455,3.5268030166625977,-1.8959180116653442
22.699991036206484,-0.91407006978988647,744.76873779296875,-0.91432207822799683,0.62044036388397217,-47.21343994140625,0.62050294876098633,0.7850000262260437,0,0.54941129684448242,0,268.4551243125797,-2.1367063522338867,4.0445084571838379,-2.137099027633667
22.719991028308868,-0.88145530223846436,743.80364990234375,-0.8817024827003479,0.561241626739502,-47.292327880859375,0.561293363571167,0.7850000262260437,0,0.61720424890518188,0,268.4551243125797,-2.3235504627227783,4.6045403480529785,-2.3239774703979492
22.739991020411253,-0.85235530138015747,742.836669921875,-0.85259819030761719,0.498690664768219,-47.356399536132813,0.49873095750808716,0.7850000262260437,0,0.68047398328781128,0,268.4551243125797,-2.4551260471343994,5.185966968536377,-2.4555759429931641
22.759991012513638,-0.82682740688323975,741.86865234375,-0.82706671953201294,0.43413466215133667,-47.405635833740234,0.43416315317153931,0.7850000262260437,0,0.73881077766418457,0,268.4551243125797,-2.5338239669799805,5.7683496475219727,-2.5342879295349121
22.779991004616022,-0.80484926700592041,740.90045166015625,-0.80508583784103394,0.36878997087478638,-47.440494537353516,0.36880657076835632,0.7850000262260437,0,0.7918398380279541,0,268.4551243125797,-2.5647797584533691,6.3326268196105957,-2.5652470588684082
22.799990996718407,-0.78633403778076172,739.93292236328125,-0.78656852245330811,0.30368351936340332,-47.461864471435547,0.30368828773498535,0.7850000262260437,0,0.83922213315963745,0,268.4551243125797,-2.5554299354553223,6.8621048927307129,-2.5558938980102539
22.819990988820791,-0.77114778757095337,738.96673583984375,-0.77138084173202515,0.23961374163627625,-47.470981597900391,0.23960694670677185,0.7850000262260437,0,0.88065671920776367,0,268.4551243125797,-2.514739990234375,7.342958927154541,-2.5151934623718262
22.839990980923176,-0.759127140045166,738.00250244140625,-0.75935935974121094,0.17713262140750885,-47.469364166259766,0.17711462080478668,0.7850000262260437,0,0.91588282585144043,0,268.4551243125797,-2.4523849487304688,7.7643556594848633,-2.4528250694274902
22.85999097302556,-0.75009810924530029,737.04071044921875,-0.750329852104187,0.11654391884803772,-47.458721160888672,0.11651510745286942,0.7850000262260437,0,0.94468164443969727,0,268.4551243125797,-2.3781075477600098,8.1185579299926758,-2.3785319328308105
22.879990965127945,-0.74389100074768066,736.0819091796875,-0.74412298202514648,0.057920951396226883,-47.440895080566406,0.057881753891706467,0.7850000262260437,0,0.966877281665802,0,268.4551243125797,-2.3009524345397949,8.40045166015625,-2.3013601303100586
22.89999095723033,-0.74035626649856567,735.126220703125,-0.740588903427124,0.0011354349553585052,-47.417800903320313,0.001086261123418808,0.7850000262260437,0,0.98233932256698608,0,268.4551243125797,-2.2288327217102051,8.60732364654541,-2.22922420501709
22.919990949332714,-0.73937392234802246,734.1739501953125,-0.73960781097412109,-0.054101660847663879,-47.3913688659668,-0.0541604645550251,0.7850000262260437,0,0.99098289012908936,0,268.4551243125797,-2.1680569648742676,8.738250732421875,-2.1684350967407227
22.9399909414351,-0.74086248874664307,733.2252197265625,-0.74109774827957153,-0.10819327831268311,-47.363525390625,-0.10826145857572556,0.7850000262260437,0,0.99276870489120483,0,268.4551243125797,-2.1230971813201904,8.7937068939208984,-2.1234650611877441
22.959990933537483,-0.74478232860565186,732.280029296875,-0.74501955509185791,-0.16160614788532257,-47.336154937744141,-0.16168352961540222,0.7850000262260437,0,0.987705409526825,0,268.4551243125797,-2.0964560508728027,8.7751617431640625,-2.0968170166015625
22.979990925639868,-0.75113773345947266,731.33819580078125,-0.751377284526825,-0.21481981873512268,-47.311084747314453,-0.21490629017353058,0.7850000262260437,0,0.97584682703018188,0,268.4551243125797,-2.0886373519897461,8.68484115600586,-2.0889945030212402
22.999990917742252,-0.75997292995452881,730.39959716796875,-0.7602154016494751,-0.2682776153087616,-47.290073394775391,-0.26837319135665894,0.7850000262260437,0,0.957294225692749,0,268.4551243125797,-2.0982191562652588,8.5255289077758789,-2.098576545715332
23.019990909844637,-0.77136766910552979,729.4639892578125,-0.771613359451294,-0.32234156131744385,-47.2747917175293,-0.32244628667831421,0.7850000262260437,0,0.93219494819641113,0,268.4551243125797,-2.1220107078552246,8.3005971908569336,-2.1223700046539307
23.039990901947021,-0.78542816638946533,728.53094482421875,-0.78567755222320557,-0.377252459526062,-47.266811370849609,-0.37736645340919495,0.7850000262260437,0,0.90074080228805542,0,268.4551243125797,-2.1552543640136719,8.0140323638916016,-2.1556177139282227
23.059990894049406,-0.80227625370025635,727.5999755859375,-0.80252969264984131,-0.43309751152992249,-47.267581939697266,-0.43322089314460754,0.7850000262260437,0,0.86316823959350586,0,268.4551243125797,-2.1919198036193848,7.6706342697143555,-2.1922874450683594
23.079990886151791,-0.82203680276870728,726.670654296875,-0.82229495048522949,-0.48978555202484131,-47.278400421142578,-0.48991844058036804,0.7850000262260437,0,0.81975609064102173,0,268.4551243125797,-2.2250070571899414,7.2761774063110352,-2.2253797054290771
23.099990878254175,-0.84482389688491821,725.7423095703125,-0.845086932182312,-0.54703134298324585,-47.300392150878906,-0.547173798084259,0.7850000262260437,0,0.77082312107086182,0,268.4551243125797,-2.2468986511230469,6.8376116752624512,-2.2472729682922363
23.11999087035656,-0.87072527408599854,724.814208984375,-0.87099385261535645,-0.60435104370117188,-47.334468841552734,-0.60450303554534912,0.7850000262260437,0,0.71672737598419189,0,268.4551243125797,-2.2497990131378174,6.3633027076721191,-2.2501740455627441
23.139990862458944,-0.89978873729705811,723.88568115234375,-0.900063157081604,-0.66106665134429932,-47.381290435791016,-0.66122806072235107,0.7850000262260437,0,0.657862663269043,0,268.4551243125797,-2.226088285446167,5.8630771636962891,-2.2264595031738281
23.159990854561329,-0.9320075511932373,722.9559326171875,-0.932288408279419,-0.71632260084152222,-47.441226959228516,-0.71649324893951416,0.7850000262260437,0,0.59465658664703369,0,268.4551243125797,-2.1687963008880615,5.3483157157897949,-2.1691584587097168
23.179990846663713,-0.967309296131134,722.02423095703125,-0.96759694814682007,-0.76911324262619019,-47.514320373535156,-0.76929271221160889,0.7850000262260437,0,0.52756863832473755,0,268.4551243125797,-2.0720343589782715,4.8318815231323242,-2.0723810195922852
23.199990838766098,-1.0055460929870605,721.08978271484375,-1.0058408975601196,-0.81831955909729,-47.600257873535156,-0.81850737333297729,0.7850000262260437,0,0.45708540081977844,0,268.4551243125797,-1.9313490390777588,4.3278641700744629,-1.9316754341125488
23.219990830868483,-1.0464893579483032,720.15179443359375,-1.046791672706604,-0.86275559663772583,-47.698337554931641,-0.86295104026794434,0.7850000262260437,0,0.38371789455413818,0,268.4551243125797,-1.7441155910491943,3.8512585163116455,-1.7444144487380981
23.239990822970867,-1.0898281335830688,719.2095947265625,-1.0901381969451904,-0.90122437477111816,-47.807468414306641,-0.90142661333084106,0.7850000262260437,0,0.30799868702888489,0,268.4551243125797,-1.5099009275436401,3.4175276756286621,-1.5101659297943115
23.259990815073252,-1.1351720094680786,718.26263427734375,-1.1354899406433105,-0.93257778882980347,-47.926166534423828,-0.9327857494354248,0.7850000262260437,0,0.23047757148742676,0,268.4551243125797,-1.230621337890625,3.0419058799743652,-1.2308471202850342
23.279990807175636,-1.1820583343505859,717.310302734375,-1.1823846101760864,-0.95577847957611084,-48.052593231201172,-0.95599102973937988,0.7850000262260437,0,0.15171806514263153,0,268.4551243125797,-0.91062748432159424,2.7386629581451416,-0.91080844402313232
23.299990799278021,-1.2299655675888062,716.352294921875,-1.2303003072738647,-0.96996045112609863,-48.1845817565918,-0.9701763391494751,0.7850000262260437,0,0.072291262447834015,0,268.4551243125797,-0.55664288997650146,2.5202932357788086,-0.55677485466003418
23.319990791380405,-1.2783290147781372,715.388427734375,-1.2786720991134644,-0.97448426485061646,-48.319721221923828,-0.97470217943191528,0.7850000262260437,0,0.0072259185835719109,0,268.4551243125797,-0.17755922675132751,2.3966777324676514,-0.17763882875442505
23.33999078348279,-1.3265606164932251,714.4185791015625,-1.3269119262695313,-0.96898180246353149,-48.455429077148438,-0.96920037269592285,0.7850000262260437,0,0.086252279579639435,0,268.4551243125797,0.21597288548946381,2.3743016719818115,0.21594715118408203
23.359990775585175,-1.3740698099136353,713.44281005859375,-1.3744293451309204,-0.953384280204773,-48.589065551757813,-0.953602135181427,0.7850000262260437,0,0.16421861946582794,0,268.4551243125797,0.61220312118530273,2.4556179046630859,0.61223101615905762
23.379990767687559,-1.4202862977981567,712.4615478515625,-1.4206535816192627,-0.92793256044387817,-48.718036651611328,-0.92814832925796509,0.7850000262260437,0,0.24055954813957214,0,268.4551243125797,0.9989815354347229,2.6386580467224121,0.99906140565872192
23.399990759789944,-1.464679479598999,711.47509765625,-1.4650545120239258,-0.89316731691360474,-48.839920043945313,-0.893379807472229,0.7850000262260437,0,0.31472250819206238,0,268.4551243125797,1.3645366430282593,2.9169573783874512,1.3646649122238159
23.419990751892328,-1.5067775249481201,710.48406982421875,-1.5071598291397095,-0.84989780187606812,-48.952560424804688,-0.850105881690979,0.7850000262260437,0,0.386173814535141,0,268.4551243125797,1.6983290910720825,3.2797775268554688,1.6985018253326416
23.439990743994713,-1.5461803674697876,709.4891357421875,-1.5465695858001709,-0.79915165901184082,-49.054168701171875,-0.79935437440872192,0.7850000262260437,0,0.45440018177032471,0,268.4551243125797,1.9917869567871094,3.7127285003662109,1.9919974803924561
23.459990736097097,-1.5825693607330322,708.49102783203125,-1.5829651355743408,-0.74211037158966064,-49.143398284912109,-0.74230688810348511,0.7850000262260437,0,0.51891273260116577,0,268.4551243125797,2.2388706207275391,4.1986207962036133,2.2391140460968018
23.479990728199482,-1.6157107353210449,707.490478515625,-1.6161124706268311,-0.680037260055542,-49.219379425048828,-0.68022698163986206,0.7850000262260437,0,0.57925266027450562,0,268.4551243125797,2.4363698959350586,4.7185235023498535,2.4366385936737061
23.499990720301867,-1.6454538106918335,706.48834228515625,-1.6458612680435181,-0.61420178413391113,-49.281745910644531,-0.61438417434692383,0.7850000262260437,0,0.63499194383621216,0,268.4551243125797,2.5840442180633545,5.2529191970825195,2.5843324661254883
23.519990712404251,-1.6717244386672974,705.48541259765625,-1.6721372604370117,-0.54580885171890259,-49.330612182617188,-0.54598355293273926,0.7850000262260437,0,0.6857374906539917,0,268.4551243125797,2.6844236850738525,5.7828025817871094,2.6847248077392578
23.539990704506636,-1.6945143938064575,704.48248291015625,-1.6949319839477539,-0.47593766450881958,-49.366539001464844,-0.47610455751419067,0.7850000262260437,0,0.73113304376602173,0,268.4551243125797,2.742445707321167,6.2906584739685059,2.7427525520324707
23.55999069660902,-1.7138679027557373,703.480224609375,-1.7142897844314575,-0.40549862384796143,-49.390483856201172,-0.40565761923789978,0.7850000262260437,0,0.7708631157875061,0,268.4551243125797,2.7647337913513184,6.7610082626342773,2.7650439739227295
23.579990688711405,-1.7298667430877686,702.47918701171875,-1.7302925586700439,-0.33520227670669556,-49.403728485107422,-0.33535337448120117,0.7850000262260437,0,0.80465340614318848,0,268.4551243125797,2.7591331005096436,7.1810665130615234,2.7594430446624756
23.599990680813789,-1.7426145076751709,701.48004150390625,-1.7430438995361328,-0.26554960012435913,-49.407806396484375,-0.26569285988807678,0.7850000262260437,0,0.83227521181106567,0,268.4551243125797,2.7338685989379883,7.5407462120056152,2.7341761589050293
23.619990672916174,-1.7522217035293579,700.4830322265625,-1.7526540756225586,-0.19683659076690674,-49.404445648193359,-0.19697213172912598,0.7850000262260437,0,0.8535429835319519,0,268.4551243125797,2.6969869136810303,7.8327531814575195,2.6972897052764893
23.639990665018559,-1.7587931156158447,699.4886474609375,-1.7592284679412842,-0.12917686998844147,-49.3954963684082,-0.12930482625961304,0.7850000262260437,0,0.86832034587860107,0,268.4551243125797,2.6556453704833984,8.0521163940429688,2.6559431552886963
23.659990657120943,-1.7624175548553467,698.4969482421875,-1.7628554105758667,-0.062531188130378723,-49.382877349853516,-0.062651708722114563,0.7850000262260437,0,0.87651795148849487,0,268.4551243125797,2.6158442497253418,8.1961956024169922,2.6161360740661621
23.679990649223328,-1.7631595134735107,697.50823974609375,-1.7635995149612427,0.0032506212592124939,-49.368526458740234,0.0031374096870422363,0.7850000262260437,0,0.87809664011001587,0,268.4551243125797,2.581937313079834,8.2640542984008789,2.5822241306304932
23.699990641325712,-1.761054515838623,696.52239990234375,-1.7614965438842773,0.068385571241378784,-49.354373931884766,0.068279564380645752,0.7850000262260437,0,0.8730652928352356,0,268.4551243125797,2.5565481185913086,8.256342887878418,2.556830883026123
23.719990633428097,-1.7561087608337402,695.5394287109375,-1.7565524578094482,0.13310970366001129,-49.3422966003418,0.13301081955432892,0.7850000262260437,0,0.86148250102996826,0,268.4551243125797,2.5404233932495117,8.1748847961425781,2.5407028198242188
23.739990625530481,-1.7483005523681641,694.55902099609375,-1.7487454414367676,0.19763238728046417,-49.334098815917969,0.19754055142402649,0.7850000262260437,0,0.84345537424087524,0,268.4551243125797,2.5325164794921875,8.0226116180419922,2.5327935218811035
23.759990617632866,-1.7375853061676025,693.58099365234375,-1.738031268119812,0.26209354400634766,-49.331485748291016,0.26200872659683228,0.7850000262260437,0,0.81914019584655762,0,268.4551243125797,2.5301022529602051,7.8034658432006836,2.5303773880004883
23.77999060973525,-1.7239037752151489,692.60498046875,-1.7243505716323853,0.326526403427124,-49.336032867431641,0.32644861936569214,0.7850000262260437,0,0.78874009847640991,0,268.4551243125797,2.5289912223815918,7.5224008560180664,2.529266357421875
23.799990601837635,-1.7071912288665771,691.63043212890625,-1.7076386213302612,0.39082753658294678,-49.349163055419922,0.39075672626495361,0.7850000262260437,0,0.75250363349914551,0,268.4551243125797,2.5238213539123535,7.1854753494262695,2.5240945816040039
23.81999059394002,-1.6873897314071655,690.656982421875,-1.6878372430801392,0.45473548769950867,-49.372116088867188,0.45467159152030945,0.7850000262260437,0,0.71072351932525635,0,268.4551243125797,2.5083882808685303,6.7999382019042969,2.5086596012115479
23.839990586042404,-1.6644600629806519,689.68389892578125,-1.6649074554443359,0.51781928539276123,-49.405910491943359,0.51776218414306641,0.7850000262260437,0,0.66373485326766968,0,268.4551243125797,2.4760396480560303,6.3743700981140137,2.4763069152832031
23.859990578144789,-1.6383953094482422,688.71051025390625,-1.6388423442840576,0.57947731018066406,-49.451313018798828,0.57942694425582886,0.7850000262260437,0,0.61191266775131226,0,268.4551243125797,2.420079231262207,5.9187326431274414,2.4203424453735352
23.879990570247173,-1.6092329025268555,687.73626708984375,-1.6096793413162231,0.63894742727279663,-49.508804321289063,0.63890361785888672,0.7850000262260437,0,0.5556684136390686,0,268.4551243125797,2.3342037200927734,5.4443817138671875,2.3344593048095703
23.899990562349558,-1.5770652294158936,686.76031494140625,-1.5775109529495239,0.69532757997512817,-49.578533172607422,0.69529002904891968,0.7850000262260437,0,0.49544864892959595,0,268.4551243125797,2.2129216194152832,4.9639887809753418,2.2131667137145996
23.919990554451942,-1.5420491695404053,685.78204345703125,-1.5424939393997192,0.74760782718658447,-49.660305023193359,0.74757617712020874,0.7850000262260437,0,0.4317297637462616,0,268.4551243125797,2.051999568939209,4.4913640022277832,2.0522325038909912
23.939990546554327,-1.5044113397598267,684.80072021484375,-1.5048549175262451,0.79471099376678467,-49.753547668457031,0.794684886932373,0.7850000262260437,0,0.36501556634902954,0,268.4551243125797,1.8488000631332397,4.0410866737365723,1.8490177392959595
23.959990538656712,-1.4644505977630615,683.81573486328125,-1.4648928642272949,0.83554321527481079,-49.8573112487793,0.83552217483520508,0.7850000262260437,0,0.29583451151847839,0,268.4551243125797,1.6026647090911865,3.628122091293335,1.6028648614883423
23.979990530759096,-1.4225362539291382,682.82647705078125,-1.4229772090911865,0.86904710531234741,-49.970272064208984,0.86903059482574463,0.7850000262260437,0,0.22473356127738953,0,268.4551243125797,1.3150277137756348,3.2671358585357666,1.31520676612854
23.999990522861481,-1.3791019916534424,681.83245849609375,-1.3795413970947266,0.8942599892616272,-50.090755462646484,0.89424747228622437,0.7850000262260437,0,0.15227587521076202,0,268.4551243125797,0.98960721492767334,2.9718842506408691,0.98976379632949829
24.019990514963865,-1.3346353769302368,680.83343505859375,-1.3350733518600464,0.91037166118621826,-50.216777801513672,0.91036248207092285,0.7850000262260437,0,0.079033918678760529,0,268.4551243125797,0.63238382339477539,2.7544248104095459,0.63251489400863647
24.03999050706625,-1.2896642684936523,679.8291015625,-1.2901005744934082,0.91677200794219971,-50.346115112304688,0.91676551103591919,0.7850000262260437,0,0.00558864139020443,0,268.4551243125797,0.25121361017227173,2.6243107318878174,0.25131833553314209
24.059990499168634,-1.2447395324707031,678.8193359375,-1.2451740503311157,0.91309624910354614,-50.47637939453125,0.91309171915054321,0.7850000262260437,0,0.067478708922863,0,268.4551243125797,-0.14427411556243896,2.5879483222961426,-0.14419636130332947
24.079990491271019,-1.2004165649414063,677.80438232421875,-1.2008494138717651,0.89925205707550049,-50.6051139831543,0.89924877882003784,0.7850000262260437,0,0.1395917683839798,0,268.4551243125797,-0.543385922908783,2.6479532718658447,-0.54333513975143433
24.099990483373404,-1.1572363376617432,676.7843017578125,-1.1576675176620483,0.87542873620986938,-50.729904174804688,0.87542611360549927,0.7850000262260437,0,0.21018089354038239,0,268.4551243125797,-0.93506509065628052,2.802821159362793,-0.93504053354263306
24.119990475475788,-1.1157065629959106,675.75946044921875,-1.1161363124847412,0.84209215641021729,-50.848476409912109,0.84208953380584717,0.7850000262260437,0,0.27869078516960144,0,268.4551243125797,-1.3084615468978882,3.0468204021453857,-1.3084613084793091
24.139990467578173,-1.076285719871521,674.73046875,-1.0767142772674561,0.79995793104171753,-50.958812713623047,0.79995471239089966,0.7850000262260437,0,0.34458190202713013,0,268.4551243125797,-1.6537694931030273,3.3702132701873779,-1.6537920236587524
24.159990459680557,-1.0393707752227783,673.69781494140625,-1.039798378944397,0.74994546175003052,-51.059219360351563,0.74994111061096191,0.7850000262260437,0,0.40733844041824341,0,268.4551243125797,-1.9629909992218018,3.7598185539245605,-1.9630336761474609
24.179990451782942,-1.0052882432937622,672.6622314453125,-1.0057147741317749,0.69312512874603271,-51.148422241210938,0.6931192278862,0.7850000262260437,0,0.46647027134895325,0,268.4551243125797,-2.2302002906799316,4.1996951103210449,-2.2302589416503906
24.199990443885326,-0.97429025173187256,671.624267578125,-0.9747161865234375,0.630651593208313,-51.2255859375,0.63064384460449219,0.7850000262260437,0,0.52151745557785034,0,268.4551243125797,-2.4520883560180664,4.6721925735473633,-2.452160120010376
24.219990435987711,-0.9465562105178833,670.5848388671875,-0.94698148965835571,0.563697874546051,-51.290348052978516,0.56368803977966309,0.7850000262260437,0,0.57205414772033691,0,268.4551243125797,-2.6279349327087402,5.1589326858520508,-2.6280176639556885
24.239990428090096,-0.92219734191894531,669.54449462890625,-0.92262202501297,0.49339127540588379,-51.342807769775391,0.49337911605834961,0.7850000262260437,0,0.61769086122512817,0,268.4551243125797,-2.7595350742340088,5.6418652534484863,-2.7596263885498047
24.25999042019248,-0.901265025138855,668.50408935546875,-0.90168941020965576,0.42076161503791809,-51.383491516113281,0.42074698209762573,0.7850000262260437,0,0.65807944536209106,0,268.4551243125797,-2.8507153987884521,6.1040420532226563,-2.8508119583129883
24.279990412294865,-0.88376361131668091,667.464111328125,-0.88418799638748169,0.34669700264930725,-51.413311004638672,0.34667983651161194,0.7850000262260437,0,0.69291281700134277,0,268.4551243125797,-2.9070372581481934,6.5305056571960449,-2.9071366786956787
24.299990404397249,-0.86966198682785034,666.42510986328125,-0.87008631229400635,0.271921843290329,-51.433498382568359,0.27190208435058594,0.7850000262260437,0,0.72193062305450439,0,268.4551243125797,-2.9349265098571777,6.90847110748291,-2.935028076171875
24.319990396499634,-0.858906626701355,665.38763427734375,-0.85933125019073486,0.19698500633239746,-51.445549011230469,0.19696265459060669,0.7850000262260437,0,0.74491900205612183,0,268.4551243125797,-2.9412722587585449,7.2278037071228027,-2.9413743019104004
24.339990388602018,-0.85143423080444336,664.35198974609375,-0.85185909271240234,0.12226665019989014,-51.451152801513672,0.12224171310663223,0.7850000262260437,0,0.76171320676803589,0,268.4551243125797,-2.93269681930542,7.4808931350708008,-2.9327983856201172
24.359990380704403,-0.84718233346939087,663.31842041015625,-0.84760773181915283,0.047997079789638519,-51.452125549316406,0.047969579696655273,0.7850000262260437,0,0.77219831943511963,0,268.4551243125797,-2.9150819778442383,7.6626057624816895,-2.9151825904846191
24.379990372806787,-0.84609770774841309,662.2872314453125,-0.846523642539978,-0.025712728500366211,-51.450363159179688,-0.025742754340171814,0.7850000262260437,0,0.77631163597106934,0,268.4551243125797,-2.8931112289428711,7.76998233795166,-2.8932104110717773
24.399990364909172,-0.84814184904098511,661.2584228515625,-0.84856849908828735,-0.098834536969661713,-51.447784423828125,-0.098867066204547882,0.7850000262260437,0,0.77404171228408813,0,268.4551243125797,-2.87003231048584,7.8021116256713867,-2.8701305389404297
24.419990357011557,-0.8532940149307251,660.23187255859375,-0.8537214994430542,-0.171380877494812,-51.446281433105469,-0.17141586542129517,0.7850000262260437,0,0.76542866230010986,0,268.4551243125797,-2.8474452495574951,7.75977897644043,-2.8475418090820313
24.439990349113941,-0.86155045032501221,659.20751953125,-0.86197894811630249,-0.24336239695549011,-51.447696685791016,-0.24339979887008667,0.7850000262260437,0,0.75056427717208862,0,268.4551243125797,-2.8252756595611572,7.6453227996826172,-2.8253705501556396
24.459990341216326,-0.87292146682739258,658.18511962890625,-0.87335091829299927,-0.31474730372428894,-51.453769683837891,-0.3147871196269989,0.7850000262260437,0,0.7295917272567749,0,268.4551243125797,-2.8018593788146973,7.4625077247619629,-2.8019533157348633
24.47999033331871,-0.88742506504058838,657.16436767578125,-0.88785570859909058,-0.38542497158050537,-51.466110229492188,-0.38546714186668396,0.7850000262260437,0,0.702704131603241,0,268.4551243125797,-2.7740998268127441,7.2164640426635742,-2.7741920948028564
24.499990325421095,-0.905079185962677,656.144775390625,-0.90551090240478516,-0.45517611503601074,-51.486164093017578,-0.4552205502986908,0.7850000262260437,0,0.670143723487854,0,268.4551243125797,-2.7377328872680664,6.9136695861816406,-2.7378227710723877
24.519990317523479,-0.925891637802124,655.1259765625,-0.926324725151062,-0.52365082502365112,-51.515178680419922,-0.52369749546051025,0.7850000262260437,0,0.63219881057739258,0,268.4551243125797,-2.6876330375671387,6.5619668960571289,-2.6877212524414063
24.539990309625864,-0.94984978437423706,654.1072998046875,-0.95028436183929443,-0.59035706520080566,-51.554164886474609,-0.59040594100952148,0.7850000262260437,0,0.58920198678970337,0,268.4551243125797,-2.6182222366333008,6.1705875396728516,-2.6183085441589355
24.559990301728249,-0.97690904140472412,653.08819580078125,-0.9773450493812561,-0.65465939044952393,-51.603862762451172,-0.65471035242080688,0.7850000262260437,0,0.54152846336364746,0,268.4551243125797,-2.523867130279541,5.750147819519043,-2.5239500999450684
24.579990293830633,-1.0069819688796997,652.068115234375,-1.0074195861816406,-0.71578830480575562,-51.664710998535156,-0.71584129333496094,0.7850000262260437,0,0.48959231376647949,0,268.4551243125797,-2.3993115425109863,5.3125705718994141,-2.39939022064209
24.599990285933018,-1.0399302244186401,651.04632568359375,-1.0403697490692139,-0.77286064624786377,-51.736812591552734,-0.77291548252105713,0.7850000262260437,0,0.43384307622909546,0,268.4551243125797,-2.2400898933410645,4.8709201812744141,-2.2401633262634277
24.619990278035402,-1.075556755065918,650.02227783203125,-1.075998067855835,-0.82491099834442139,-51.819911956787109,-0.82496756315231323,0.7850000262260437,0,0.37476238608360291,0,268.4551243125797,-2.0429773330688477,4.4391756057739258,-2.0430455207824707
24.639990270137787,-1.1136016845703125,648.99517822265625,-1.1140447854995728,-0.87093096971511841,-51.91339111328125,-0.87098908424377441,0.7850000262260437,0,0.312859445810318,0,268.4551243125797,-1.8062846660614014,4.0318002700805664,-1.8063445091247559
24.659990262240171,-1.1537414789199829,647.964599609375,-1.1541863679885864,-0.90991801023483276,-52.016258239746094,-0.90997743606567383,0.7850000262260437,0,0.24866834282875061,0,268.4551243125797,-1.5302422046661377,3.6633052825927734,-1.5302939414978027
24.679990254342556,-1.1955918073654175,646.9300537109375,-1.1960386037826538,-0.94092577695846558,-52.127170562744141,-0.9409862756729126,0.7850000262260437,0,0.18274173140525818,0,268.4551243125797,-1.2170553207397461,3.3475744724273682,-1.2170982360839844
24.699990246444941,-1.238714337348938,645.89117431640625,-1.2391630411148071,-0.96311801671981812,-52.244461059570313,-0.963179349899292,0.7850000262260437,0,0.11564846336841583,0,268.4551243125797,-0.87104672193527222,3.0972132682800293,-0.87107884883880615
24.719990238547325,-1.2826272249221802,644.84759521484375,-1.2830777168273926,-0.97581809759140015,-52.366195678710938,-0.975879967212677,0.7850000262260437,0,0.047965649515390396,0,268.4551243125797,-0.49847888946533203,2.9228112697601318,-0.49850004911422729
24.73999023064971,-1.3268183469772339,643.79925537109375,-1.3272707462310791,-0.97855478525161743,-52.490234375,-0.97861695289611816,0.7850000262260437,0,0.019722893834114075,0,268.4551243125797,-0.10741616785526276,2.8322584629058838,-0.10742585361003876
24.759990222752094,-1.3707611560821533,642.7459716796875,-1.3712157011032104,-0.97109240293502808,-52.614330291748047,-0.97115457057952881,0.7850000262260437,0,0.08683360368013382,0,268.4551243125797,0.29289782047271729,2.8301155567169189,0.29289969801902771
24.779990214854479,-1.4139319658279419,641.68804931640625,-1.4143886566162109,-0.95345556735992432,-52.7362060546875,-0.9535173773765564,0.7850000262260437,0,0.15279251337051392,0,268.4551243125797,0.69224727153778076,2.9171850681304932,0.6922607421875
24.799990206956863,-1.4558265209197998,640.6256103515625,-1.4562848806381226,-0.9259263277053833,-52.853672027587891,-0.92598748207092285,0.7850000262260437,0,0.21703058481216431,0,268.4551243125797,1.0805237293243408,3.0903072357177734,1.0805480480194092
24.819990199059248,-1.495975136756897,639.55914306640625,-1.496435284614563,-0.88903558254241943,-52.964717864990234,-0.88909584283828735,0.7850000262260437,0,0.27899959683418274,0,268.4551243125797,1.4479626417160034,3.3423705101013184,1.4479973316192627
24.839990191161633,-1.5339570045471191,638.48907470703125,-1.5344189405441284,-0.84352719783782959,-53.067600250244141,-0.84358638525009155,0.7850000262260437,0,0.33816945552825928,0,268.4551243125797,1.7862038612365723,3.6627230644226074,1.786247730255127
24.859990183264017,-1.5694087743759155,637.4158935546875,-1.5698723793029785,-0.790316641330719,-53.160926818847656,-0.79037445783615112,0.7850000262260437,0,0.39403602480888367,0,268.4551243125797,2.0885157585144043,4.037712574005127,2.0885682106018066
24.8799901753664,-1.6020317077636719,636.3402099609375,-1.602496862411499,-0.73043805360794067,-53.24371337890625,-0.73049437999725342,0.7850000262260437,0,0.44612443447113037,0,268.4551243125797,2.3502366542816162,4.4514594078063965,2.3502945899963379
24.899990167468786,-1.6315925121307373,635.26275634765625,-1.6320590972900391,-0.6649816632270813,-53.315406799316406,-0.66503638029098511,0.7850000262260437,0,0.49399641156196594,0,268.4551243125797,2.5691652297973633,4.8869013786315918,2.5692281723022461
24.919990159571171,-1.6579214334487915,634.18414306640625,-1.6583893299102783,-0.59503638744354248,-53.375896453857422,-0.5950893759727478,0.7850000262260437,0,0.53724861145019531,0,268.4551243125797,2.7453544139862061,5.32668399810791,2.7454206943511963
24.939990151673555,-1.6809066534042358,633.10498046875,-1.6813759803771973,-0.52163898944854736,-53.425498962402344,-0.5216902494430542,0.7850000262260437,0,0.57552123069763184,0,268.4551243125797,2.8808493614196777,5.7539863586425781,2.8809182643890381
24.95999014377594,-1.7004854679107666,632.02587890625,-1.7009557485580444,-0.44572886824607849,-53.464923858642578,-0.44577831029891968,0.7850000262260437,0,0.60849720239639282,0,268.4551243125797,2.979473352432251,6.1534442901611328,2.9795444011688232
24.979990135878325,-1.7166340351104736,630.947265625,-1.7171053886413574,-0.36812117695808411,-53.495223999023438,-0.36816880106925964,0.7850000262260437,0,0.63590627908706665,0,268.4551243125797,3.0461032390594482,6.5115447044372559,3.0461745262145996
24.999990127980709,-1.7293579578399658,629.86962890625,-1.729830265045166,-0.28949123620986938,-53.517742156982422,-0.28953707218170166,0.7850000262260437,0,0.65752971172332764,0,268.4551243125797,3.0862269401550293,6.8170685768127441,3.0862967967987061
25.019990120083094,-1.7386797666549683,628.7933349609375,-1.7391529083251953,-0.21037225425243378,-53.534034729003906,-0.21041631698608398,0.7850000262260437,0,0.67319810390472412,0,268.4551243125797,3.1054213047027588,7.0613622665405273,3.1054909229278564
25.039990112185478,-1.7446309328079224,627.71868896484375,-1.7451047897338867,-0.13117024302482605,-53.545822143554688,-0.13121256232261658,0.7850000262260437,0,0.68279564380645752,0,268.4551243125797,3.1086807250976563,7.2381525039672852,3.1087489128112793
25.059990104287863,-1.7472436428070068,626.645751953125,-1.7477184534072876,-0.052186086773872375,-53.554924011230469,-0.0522267147898674,0.7850000262260437,0,0.6862604022026062,0,268.4551243125797,3.1001296043395996,7.3435983657836914,3.1001961231231689
25.079990096390247,-1.746546745300293,625.57464599609375,-1.747022271156311,0.026352867484092712,-53.563198089599609,0.026313908398151398,0.7850000262260437,0,0.683584451675415,0,268.4551243125797,3.0826554298400879,7.3760919570922852,3.0827209949493408
25.099990088492632,-1.7425621747970581,624.50537109375,-1.743038535118103,0.10425684601068497,-53.572490692138672,0.10421952605247498,0.7850000262260437,0,0.67481505870819092,0,268.4551243125797,3.0577325820922852,7.3360590934753418,3.0577969551086426
25.119990080595016,-1.7353057861328125,623.437744140625,-1.7357827425003052,0.18133613467216492,-53.5845947265625,0.18130041658878326,0.7850000262260437,0,0.66005265712738037,0,268.4551243125797,3.0253634452819824,7.2258081436157227,3.0254263877868652
25.1399900726974,-1.7247898578643799,622.37152099609375,-1.7252674102783203,0.257364958524704,-53.601192474365234,0.25733077526092529,0.7850000262260437,0,0.63945084810256958,0,268.4551243125797,2.9841330051422119,7.04937744140625,2.9841933250427246
25.159990064799786,-1.7110295295715332,621.3065185546875,-1.7115077972412109,0.3320501446723938,-53.623825073242188,0.33201748132705688,0.7850000262260437,0,0.6132161021232605,0,268.4551243125797,2.9313945770263672,6.812474250793457,2.9314541816711426
25.17999005690217,-1.6940488815307617,620.2421875,-1.6945277452468872,0.40500539541244507,-53.653850555419922,0.40497419238090515,0.7850000262260437,0,0.581604540348053,0,268.4551243125797,2.8634943962097168,6.5223784446716309,2.8635525703430176
25.199990049004555,-1.673890233039856,619.17803955078125,-1.6743695735931396,0.47573491930961609,-53.692398071289063,0.47570517659187317,0.7850000262260437,0,0.544920802116394,0,268.4551243125797,2.7761354446411133,6.187896728515625,2.7761926651000977
25.219990041106939,-1.6506228446960449,618.11370849609375,-1.6511026620864868,0.543626606464386,-53.740337371826172,0.54359835386276245,0.7850000262260437,0,0.50351542234420776,0,268.4551243125797,2.6647505760192871,5.8193016052246094,2.6648075580596924
25.239990033209324,-1.6243522167205811,617.0484619140625,-1.6248323917388916,0.60795444250106812,-53.798240661621094,0.60792762041091919,0.7850000262260437,0,0.45778071880340576,0,268.4551243125797,2.524869441986084,5.4281606674194336,2.524925708770752
25.259990025311708,-1.5952281951904297,615.98193359375,-1.5957088470458984,0.66789484024047852,-53.866359710693359,0.6678694486618042,0.7850000262260437,0,0.40814816951751709,0,268.4551243125797,2.3526611328125,5.027247428894043,2.3527169227600098
25.279990017414093,-1.563451886177063,614.913330078125,-1.5639331340789795,0.72254908084869385,-53.944595336914063,0.72252506017684937,0.7850000262260437,0,0.35508567094802856,0,268.4551243125797,2.1451790332794189,4.6301541328430176,2.1452341079711914
25.299990009516478,-1.5292800664901733,613.84228515625,-1.5297615528106689,0.77097946405410767,-54.032489776611328,0.77095687389373779,0.7850000262260437,0,0.29909077286720276,0,268.4551243125797,1.9008928537368774,4.2510251998901367,1.9009482860565186
25.319990001618862,-1.4930253028869629,612.7681884765625,-1.4935071468353271,0.81224906444549561,-54.129226684570313,0.81222790479660034,0.7850000262260437,0,0.24068886041641235,0,268.4551243125797,1.6198321580886841,3.9039807319641113,1.6198881864547729
25.339989993721247,-1.4550554752349854,611.6905517578125,-1.4555375576019287,0.84547001123428345,-54.233638763427734,0.84545034170150757,0.7850000262260437,0,0.18042702972888947,0,268.4551243125797,1.3039238452911377,3.602607250213623,1.3039810657501221
25.359989985823631,-1.4157874584197998,610.6090087890625,-1.4162700176239014,0.86985206604003906,-54.344253540039063,0.86983388662338257,0.7850000262260437,0,0.11887042224407196,0,268.4551243125797,0.95699608325958252,3.3592658042907715,0.9570542573928833
25.379989977926016,-1.3756786584854126,609.52337646484375,-1.3761616945266724,0.88474684953689575,-54.459323883056641,0.88473021984100342,0.7850000262260437,0,0.056594483554363251,0,268.4551243125797,0.58462053537368774,3.184403657913208,0.58468031883239746
25.3999899700284,-1.3352153301239014,608.43341064453125,-1.3356987237930298,0.88969314098358154,-54.576900482177734,0.88967806100845337,0.7850000262260437,0,0.0058287857100367546,0,268.4551243125797,0.1941419392824173,3.0859434604644775,0.1942029744386673
25.419989962130785,-1.2948989868164063,607.33905029296875,-1.2953826189041138,0.88444668054580688,-54.694919586181641,0.88443320989608765,0.7850000262260437,0,0.067784763872623444,0,268.4551243125797,-0.20592322945594788,3.0686595439910889,-0.20586074888706207
25.43998995423317,-1.2552309036254883,606.24041748046875,-1.2557146549224854,0.86900109052658081,-54.811279296875,0.86898928880691528,0.7850000262260437,0,0.12872757017612457,0,268.4551243125797,-0.6062389612197876,3.1337778568267822,-0.60617518424987793
25.459989946335554,-1.2166973352432251,605.13775634765625,-1.2171814441680908,0.84359097480773926,-54.923942565917969,0.84358084201812744,0.7850000262260437,0,0.18807820975780487,0,268.4551243125797,-0.99734759330749512,3.2787721157073975,-0.99728274345397949
25.479989938437939,-1.1797554492950439,604.03131103515625,-1.1802399158477783,0.80868315696716309,-55.031036376953125,0.808674693107605,0.7850000262260437,0,0.24528402090072632,0,268.4551243125797,-1.3701328039169312,3.4973735809326172,-1.3700671195983887
25.499989930540323,-1.1448209285736084,602.92156982421875,-1.1453056335449219,0.76495051383972168,-55.130931854248047,0.76494377851486206,0.7850000262260437,0,0.29981613159179688,0,268.4551243125797,-1.7165067195892334,3.7798891067504883,-1.7164397239685059
25.519989922642708,-1.1122585535049438,601.80889892578125,-1.1127434968948364,0.71323150396347046,-55.222324371337891,0.71322649717330933,0.7850000262260437,0,0.35116934776306152,0,268.4551243125797,-2.029973030090332,4.1137504577636719,-2.0299053192138672
25.539989914745092,-1.0823764801025391,600.6939697265625,-1.0828614234924316,0.65448600053787231,-55.304279327392578,0.65448272228240967,0.7850000262260437,0,0.39887109398841858,0,268.4551243125797,-2.30576229095459,4.4841766357421875,-2.3056941032409668
25.559989906847477,-1.0554237365722656,599.5772705078125,-1.0559086799621582,0.58973753452301025,-55.376270294189453,0.58973598480224609,0.7850000262260437,0,0.44248420000076294,0,268.4551243125797,-2.5413777828216553,4.8751859664916992,-2.5413095951080322
25.579989898949862,-1.0315918922424316,598.4593505859375,-1.0320768356323242,0.52002578973770142,-55.438194274902344,0.52002596855163574,0.7850000262260437,0,0.48161152005195618,0,268.4551243125797,-2.7361879348754883,5.2703065872192383,-2.7361202239990234
25.599989891052246,-1.0110189914703369,597.3408203125,-1.01150381565094,0.4463576078414917,-55.4903564453125,0.44635945558547974,0.7850000262260437,0,0.5158998966217041,0,268.4551243125797,-2.8914775848388672,5.65353536605835,-2.8914117813110352
25.619989883154631,-0.99379664659500122,596.22222900390625,-0.99428129196166992,0.3696671724319458,-55.533432006835938,0.36967068910598755,0.7850000262260437,0,0.54504305124282837,0,268.4551243125797,-3.010101318359375,6.0101213455200195,-3.010035514831543
25.639989875257015,-0.97997844219207764,595.10394287109375,-0.98046308755874634,0.29079070687294006,-55.568431854248047,0.29079583287239075,0.7850000262260437,0,0.5687829852104187,0,268.4551243125797,-3.0959024429321289,6.3270549774169922,-3.0958395004272461
25.6599898673594,-0.96958869695663452,593.98638916015625,-0.97007310390472412,0.21045389771461487,-55.596645355224609,0.21046057343482971,0.7850000262260437,0,0.58691495656967163,0,268.4551243125797,-3.1532213687896729,6.5934371948242188,-3.1531600952148438
25.679989859461784,-0.9626305103302002,592.869873046875,-0.96311461925506592,0.12926983833312988,-55.619575500488281,0.12927797436714172,0.7850000262260437,0,0.59928816556930542,0,268.4551243125797,-3.1864757537841797,6.8008337020874023,-3.1864180564880371
25.699989851564169,-0.95909368991851807,591.75457763671875,-0.95957738161087036,0.047750838100910187,-55.638877868652344,0.047760404646396637,0.7850000262260437,0,0.60580754280090332,0,268.4551243125797,-3.19962215423584,6.9432544708251953,-3.199566125869751
25.719989843666553,-0.95896035432815552,590.64068603515625,-0.95944362878799438,-0.033671021461486816,-55.656295776367188,-0.033660098910331726,0.7850000262260437,0,0.6064339280128479,0,268.4551243125797,-3.1958096027374268,7.01716423034668,-3.1957564353942871
25.739989835768938,-0.96220850944519043,589.52813720703125,-0.96269130706787109,-0.11461582034826279,-55.673606872558594,-0.1146036684513092,0.7850000262260437,0,0.60118579864501953,0,268.4551243125797,-3.1770849227905273,7.0213518142700195,-3.1770365238189697
25.759989827871323,-0.96881318092346191,588.41693115234375,-0.96929556131362915,-0.19472494721412659,-55.692562103271484,-0.19471165537834167,0.7850000262260437,0,0.59013789892196655,0,268.4551243125797,-3.144284725189209,6.9568376541137695,-3.1442396640777588
25.779989819973707,-0.97874587774276733,587.30682373046875,-0.97922772169113159,-0.27362874150276184,-55.7148323059082,-0.27361440658569336,0.7850000262260437,0,0.57342010736465454,0,268.4551243125797,-3.0969750881195068,6.8266844749450684,-3.0969338417053223
25.799989812076092,-0.991970419883728,586.19757080078125,-0.99245166778564453,-0.35091716051101685,-55.741966247558594,-0.35090184211730957,0.7850000262260437,0,0.55121713876724243,0,268.4551243125797,-3.0335712432861328,6.6358890533447266,-3.0335338115692139
25.819989804178476,-1.0084372758865356,585.0889892578125,-1.0089179277420044,-0.426115483045578,-55.77532958984375,-0.42609935998916626,0.7850000262260437,0,0.52376723289489746,0,268.4551243125797,-2.951535701751709,6.391268253326416,-2.9515032768249512
25.839989796280861,-1.0280779600143433,583.98046875,-1.0285578966140747,-0.49866688251495361,-55.816082000732422,-0.49865013360977173,0.7850000262260437,0,0.49135848879814148,0,268.4551243125797,-2.8476443290710449,6.1013150215148926,-2.847618579864502
25.859989788383245,-1.0507966279983521,582.87164306640625,-1.0512757301330566,-0.5679246187210083,-55.865119934082031,-0.56790739297866821,0.7850000262260437,0,0.45432806015014648,0,268.4551243125797,-2.7183670997619629,5.776092529296875,-2.718348503112793
25.87998978048563,-1.0764628648757935,581.76202392578125,-1.0769412517547607,-0.63315331935882568,-55.923053741455078,-0.63313579559326172,0.7850000262260437,0,0.41305825114250183,0,268.4551243125797,-2.5602264404296875,5.4270191192626953,-2.5602157115936279
25.899989772588015,-1.1049050092697144,580.651123046875,-1.1053825616836548,-0.69354087114334106,-55.990165710449219,-0.69352328777313232,0.7850000262260437,0,0.367971807718277,0,268.4551243125797,-2.3702125549316406,5.0666513442993164,-2.370211124420166
25.9199897646904,-1.1359044313430786,579.538330078125,-1.1363812685012817,-0.748220682144165,-56.06640625,-0.7482033371925354,0.7850000262260437,0,0.31952986121177673,0,268.4551243125797,-2.1461832523345947,4.7083516120910645,-2.1461935043334961
25.939989756792784,-1.1691926717758179,578.42327880859375,-1.169668436050415,-0.7963026762008667,-56.151374816894531,-0.79628586769104,0.7850000262260437,0,0.26822617650032043,0,268.4551243125797,-1.8872185945510864,4.3658862113952637,-1.8872404098510742
25.959989748895168,-1.2044503688812256,577.305419921875,-1.2049251794815063,-0.83690965175628662,-56.244316101074219,-0.83689373731613159,0.7850000262260437,0,0.21458165347576141,0,268.4551243125797,-1.5938241481781006,4.052886962890625,-1.5938589572906494
25.979989740997553,-1.2413100004196167,576.184326171875,-1.2417837381362915,-0.86922264099121094,-56.344150543212891,-0.86920797824859619,0.7850000262260437,0,0.15914110839366913,0,268.4551243125797,-1.268285870552063,3.7823359966278076,-1.2683343887329102
25.999989733099937,-1.2793606519699097,575.05975341796875,-1.2798333168029785,-0.89252388477325439,-56.449501037597656,-0.89251083135604858,0.7850000262260437,0,0.10246697813272476,0,268.4551243125797,-0.91457480192184448,3.5658669471740723,-0.91463768482208252
26.019989725202322,-1.318156361579895,573.931396484375,-1.318628191947937,-0.90623795986175537,-56.558742523193359,-0.90622687339782715,0.7850000262260437,0,0.045133542269468307,0,268.4551243125797,-0.538278341293335,3.4131331443786621,-0.53835546970367432
26.039989717304707,-1.3572275638580322,572.79913330078125,-1.3576983213424683,-0.909970760345459,-56.670070648193359,-0.90996205806732178,0.7850000262260437,0,0.012280132621526718,0,268.4551243125797,-0.14651349186897278,3.331221342086792,-0.14660507440567017
26.059989709407091,-1.3960926532745361,571.66302490234375,-1.3965625762939453,-0.90353482961654663,-56.781578063964844,-0.90352880954742432,0.7850000262260437,0,0.069193966686725616,0,268.4551243125797,0.25260993838310242,3.3241274356842041,0.25250419974327087
26.079989701509476,-1.4342724084854126,570.52301025390625,-1.4347416162490845,-0.88696622848510742,-56.8913459777832,-0.88696324825286865,0.7850000262260437,0,0.12503373622894287,0,268.4551243125797,0.65031814575195313,3.3924069404602051,0.65019911527633667
26.09998969361186,-1.4713032245635986,569.37939453125,-1.4717718362808228,-0.86052858829498291,-56.997531890869141,-0.86052894592285156,0.7850000262260437,0,0.17923736572265625,0,268.4551243125797,1.037677526473999,3.5330295562744141,1.0375462770462036
26.119989685714245,-1.5067496299743652,568.232421875,-1.5072177648544312,-0.824697732925415,-57.098457336425781,-0.824701726436615,0.7850000262260437,0,0.23125900328159332,0,268.4551243125797,1.4063624143600464,3.7394804954528809,1.4062199592590332
26.139989677816629,-1.5402151346206665,567.08245849609375,-1.5406830310821533,-0.78013861179351807,-57.192691802978516,-0.78014647960662842,0.7850000262260437,0,0.28057974576950073,0,268.4551243125797,1.7489472627639771,4.0020809173583984,1.7487951517105103
26.159989669919014,-1.5713502168655396,565.9300537109375,-1.5718177556991577,-0.72766691446304321,-57.279117584228516,-0.72767889499664307,0.7850000262260437,0,0.32670795917510986,0,268.4551243125797,2.0595149993896484,4.3085622787475586,2.059354305267334
26.1799896620214,-1.5998563766479492,564.7755126953125,-1.6003239154815674,-0.6682056188583374,-57.356979370117188,-0.66822189092636108,0.7850000262260437,0,0.369184285402298,0,268.4551243125797,2.3338570594787598,4.6447758674621582,2.3336894512176514
26.199989654123783,-1.6254894733428955,563.6195068359375,-1.6259568929672241,-0.60273981094360352,-57.425907135009766,-0.60276049375534058,0.7850000262260437,0,0.40759009122848511,0,268.4551243125797,2.5695338249206543,4.995476245880127,2.5693604946136475
26.219989646226168,-1.6480568647384644,562.46246337890625,-1.6485244035720825,-0.53226786851882935,-57.485923767089844,-0.53229302167892456,0.7850000262260437,0,0.4415486752986908,0,268.4551243125797,2.7660257816314697,5.3452568054199219,2.7658491134643555
26.239989638328552,-1.6674141883850098,561.30487060546875,-1.6678820848464966,-0.45776337385177612,-57.537429809570313,-0.45779308676719666,0.7850000262260437,0,0.47072988748550415,0,268.4551243125797,2.9243030548095703,5.6792268753051758,2.9241242408752441
26.259989630430937,-1.6834603548049927,560.14715576171875,-1.6839287281036377,-0.38014280796051025,-57.5811767578125,-0.38017711043357849,0.7850000262260437,0,0.49485445022583008,0,268.4551243125797,3.0466089248657227,5.9837713241577148,3.0464286804199219
26.279989622533321,-1.6961295604705811,558.98968505859375,-1.6965985298156738,-0.30024391412734985,-57.618213653564453,-0.30028277635574341,0.7850000262260437,0,0.5136948823928833,0,268.4551243125797,3.1360330581665039,6.2470998764038086,3.1358542442321777
26.299989614635706,-1.7053849697113037,557.832763671875,-1.7058548927307129,-0.21881844103336334,-57.64984130859375,-0.21886181831359863,0.7850000262260437,0,0.52708005905151367,0,268.4551243125797,3.1959514617919922,6.4595298767089844,3.1957738399505615
26.319989606738091,-1.7112119197845459,556.67669677734375,-1.711682915687561,-0.13653260469436646,-57.677536010742188,-0.13658043742179871,0.7850000262260437,0,0.53489530086517334,0,268.4551243125797,3.2297205924987793,6.6138453483581543,3.2295453548431396
26.339989598840475,-1.7136121988296509,555.521484375,-1.7140843868255615,-0.053980492055416107,-57.702899932861328,-0.054032698273658752,0.7850000262260437,0,0.53708368539810181,0,268.4551243125797,3.2401721477508545,6.705256462097168,3.2400002479553223
26.35998959094286,-1.7126011848449707,554.36737060546875,-1.7130746841430664,0.028296083211898804,-57.727596282958984,0.028239615261554718,0.7850000262260437,0,0.53364717960357666,0,268.4551243125797,3.2293572425842285,6.7314543724060059,3.2291901111602783
26.379989583045244,-1.7082048654556274,553.214111328125,-1.7086799144744873,0.10978347808122635,-57.7532844543457,0.10972286015748978,0.7850000262260437,0,0.52464509010314941,0,268.4551243125797,3.1983816623687744,6.692530632019043,3.198218822479248
26.399989575147629,-1.7004612684249878,552.0616455078125,-1.7009379863739014,0.1899695098400116,-57.781566619873047,0.1899048388004303,0.7850000262260437,0,0.51019608974456787,0,268.4551243125797,3.1473026275634766,6.5908479690551758,3.1471443176269531
26.419989567250013,-1.6894227266311646,550.90985107421875,-1.6899011135101318,0.268318772315979,-57.813922882080078,0.26825028657913208,0.7850000262260437,0,0.49047538638114929,0,268.4551243125797,3.0752105712890625,6.4309196472167969,3.0750598907470703
26.439989559352398,-1.6751589775085449,549.75830078125,-1.6756393909454346,0.34425151348114014,-57.851669311523438,0.3441794216632843,0.7850000262260437,0,0.46571338176727295,0,268.4551243125797,2.9803619384765625,6.2192549705505371,2.9802200794219971
26.459989551454782,-1.6577633619308472,548.60675048828125,-1.6582460403442383,0.4171290397644043,-57.895915985107422,0.41705358028411865,0.7850000262260437,0,0.43619287014007568,0,268.4551243125797,2.8604447841644287,5.9641647338867188,2.8603124618530273
26.479989543557167,-1.6373580694198608,547.45477294921875,-1.6378432512283325,0.48624682426452637,-57.947513580322266,0.4861682653427124,0.7850000262260437,0,0.40224575996398926,0,268.4551243125797,2.7128739356994629,5.6755809783935547,2.7127523422241211
26.499989535659552,-1.6141005754470825,546.30181884765625,-1.6145883798599243,0.55083739757537842,-58.007030487060547,0.55075609683990479,0.7850000262260437,0,0.36425119638442993,0,268.4551243125797,2.5351805686950684,5.3648109436035156,2.5350730419158936
26.519989527761936,-1.5881880521774292,545.1475830078125,-1.5886785984039307,0.61008238792419434,-58.074714660644531,0.60999876260757446,0.7850000262260437,0,0.32263052463531494,0,268.4551243125797,2.3253664970397949,5.0442204475402832,2.3252754211425781
26.539989519864321,-1.5598621368408203,543.99151611328125,-1.5603553056716919,0.66313326358795166,-58.150485992431641,0.66304779052734375,0.7850000262260437,0,0.27784278988838196,0,268.4551243125797,2.0822470188140869,4.7268471717834473,2.0821752548217773
26.559989511966705,-1.5294098854064941,542.83319091796875,-1.5299060344696045,0.70914185047149658,-58.233921051025391,0.70905506610870361,0.7850000262260437,0,0.23038047552108765,0,268.4551243125797,1.805837869644165,4.4259662628173828,1.8057870864868164
26.57998950406909,-1.4971641302108765,541.6722412109375,-1.497663140296936,0.74729472398757935,-58.324272155761719,0.74720722436904907,0.7850000262260437,0,0.1807638555765152,0,268.4551243125797,1.497499942779541,4.1545205116271973,1.4974727630615234
26.599989496171474,-1.4634996652603149,540.50836181640625,-1.4640017747879028,0.77685326337814331,-58.420482635498047,0.776765763759613,0.7850000262260437,0,0.12953712046146393,0,268.4551243125797,1.1601743698120117,3.9245457649230957,1.1601735353469849
26.619989488273859,-1.4288277626037598,539.3411865234375,-1.429332971572876,0.79719191789627075,-58.5212287902832,0.79710513353347778,0.7850000262260437,0,0.077258765697479248,0,268.4551243125797,0.79829347133636475,3.7465436458587646,0.79832077026367188
26.639989480376244,-1.3935877084732056,538.170654296875,-1.3940961360931396,0.80783683061599731,-58.624973297119141,0.80775153636932373,0.7850000262260437,0,0.024499975144863129,0,268.4551243125797,0.41781389713287354,3.6288847923278809,0.41787058115005493
26.659989472478628,-1.3582363128662109,536.9964599609375,-1.3587478399276733,0.8084949254989624,-58.730033874511719,0.80841183662414551,0.7850000262260437,0,0.028169300407171249,0,268.4551243125797,0.025829754769802094,3.5772595405578613,0.0259164497256279
26.679989464581013,-1.3232361078262329,535.81884765625,-1.3237506151199341,0.79907673597335815,-58.834659576416016,0.79899662733078,0.7850000262260437,0,0.080169528722763062,0,268.4551243125797,-0.36966359615325928,3.5942645072937012,-0.36954674124717712
26.699989456683397,-1.2890430688858032,534.6378173828125,-1.2895605564117432,0.77970391511917114,-58.9371223449707,0.77962756156921387,0.7850000262260437,0,0.13094013929367065,0,268.4551243125797,-0.7603837251663208,3.679161548614502,-0.76023727655410767
26.719989448785782,-1.2560946941375732,533.45355224609375,-1.256615161895752,0.75070786476135254,-59.035797119140625,0.75063592195510864,0.7850000262260437,0,0.17993178963661194,0,268.4551243125797,-1.1380966901779175,3.8278343677520752,-1.1379215717315674
26.739989440888166,-1.2247991561889648,532.2664794921875,-1.2253222465515137,0.71261435747146606,-59.129245758056641,0.71254754066467285,0.7850000262260437,0,0.22661654651165009,0,268.4551243125797,-1.4951709508895874,4.0329756736755371,-1.494969367980957
26.759989432990551,-1.1955260038375854,531.07684326171875,-1.1960515975952148,0.66611552238464355,-59.216285705566406,0.66605442762374878,0.7850000262260437,0,0.27049174904823303,0,268.4551243125797,-1.8250809907913208,4.2845025062561035,-1.824854850769043
26.779989425092936,-1.1686006784439087,529.88507080078125,-1.16912841796875,0.61203420162200928,-59.296047210693359,0.61197942495346069,0.7850000262260437,0,0.31108823418617249,0,268.4551243125797,-2.1226928234100342,4.5701460838317871,-2.1224453449249268
26.79998941719532,-1.1442999839782715,528.6915283203125,-1.1448297500610352,0.55128300189971924,-59.368011474609375,0.551235020160675,0.7850000262260437,0,0.34797275066375732,0,268.4551243125797,-2.3844845294952393,4.8761897087097168,-2.384218692779541
26.819989409297705,-1.1228517293930054,527.49676513671875,-1.1233832836151123,0.4848247766494751,-59.432029724121094,0.48478397727012634,0.7850000262260437,0,0.38075762987136841,0,268.4551243125797,-2.6084864139556885,5.1881904602050781,-2.6082050800323486
26.839989401400089,-1.1044360399246216,526.30120849609375,-1.1049690246582031,0.41362977027893066,-59.488307952880859,0.41359642148017883,0.7850000262260437,0,0.409098744392395,0,268.4551243125797,-2.7944049835205078,5.49189567565918,-2.7941126823425293
26.859989393502474,-1.0891896486282349,525.105224609375,-1.0897237062454224,0.33864486217498779,-59.537403106689453,0.338619202375412,0.7850000262260437,0,0.43270277976989746,0,268.4551243125797,-2.9431588649749756,5.7738590240478516,-2.9428572654724121
26.879989385604858,-1.0772099494934082,523.90924072265625,-1.077744722366333,0.260769784450531,-59.580173492431641,0.26075193285942078,0.7850000262260437,0,0.45132994651794434,0,268.4551243125797,-3.056598424911499,6.0220623016357422,-3.0562915802001953
26.899989377707243,-1.0685611963272095,522.71337890625,-1.0690963268280029,0.18084254860877991,-59.61773681640625,0.18083256483078003,0.7850000262260437,0,0.46479666233062744,0,268.4551243125797,-3.1371452808380127,6.2264223098754883,-3.1368365287780762
26.919989369809628,-1.0632791519165039,521.5179443359375,-1.0638142824172974,0.099635988473892212,-59.651412963867188,0.099633872509002686,0.7850000262260437,0,0.47297775745391846,0,268.4551243125797,-3.1873588562011719,6.3790731430053711,-3.1870498657226563
26.939989361912012,-1.0613764524459839,520.32318115234375,-1.0619112253189087,0.017863176763057709,-59.682655334472656,0.017868824303150177,0.7850000262260437,0,0.47580650448799133,0,268.4551243125797,-3.2095842361450195,6.4745979309082031,-3.2092795372009277
26.959989354014397,-1.0628457069396973,519.1290283203125,-1.0633800029754639,-0.063809029757976532,-59.712993621826172,-0.063795745372772217,0.7850000262260437,0,0.47327637672424316,0,268.4551243125797,-3.2056355476379395,6.5100498199462891,-3.2053358554840088
26.979989346116781,-1.0676610469818115,517.935546875,-1.0681945085525513,-0.14474152028560638,-59.743972778320313,-0.14472076296806335,0.7850000262260437,0,0.46544143557548523,0,268.4551243125797,-3.1766018867492676,6.4849495887756348,-3.1763086318969727
26.999989338219166,-1.0757787227630615,516.7425537109375,-1.0763109922409058,-0.22430288791656494,-59.777084350585938,-0.22427493333816528,0.7850000262260437,0,0.45241418480873108,0,268.4551243125797,-3.1227853298187256,6.4012269973754883,-3.122502326965332
27.01998933032155,-1.0871350765228271,515.5499267578125,-1.0876659154891968,-0.30184906721115112,-59.813716888427734,-0.30181419849395752,0.7850000262260437,0,0.4343661367893219,0,268.4551243125797,-3.0436887741088867,6.2630434036254883,-3.0434174537658691
27.039989322423935,-1.1016438007354736,514.35736083984375,-1.1021728515625,-0.37670689821243286,-59.855098724365234,-0.37666547298431396,0.7850000262260437,0,0.41152346134185791,0,268.4551243125797,-2.9381716251373291,6.0766506195068359,-2.9379143714904785
27.05998931452632,-1.1191916465759277,513.16455078125,-1.1197186708450317,-0.44816303253173828,-59.902248382568359,-0.44811552762985229,0.7850000262260437,0,0.38416758179664612,0,268.4551243125797,-2.8046543598175049,5.8501815795898438,-2.8044166564941406
27.079989306628704,-1.1396340131759644,511.97113037109375,-1.1401587724685669,-0.5154603123664856,-59.955940246582031,-0.5154072642326355,0.7850000262260437,0,0.35262954235076904,0,268.4551243125797,-2.6414198875427246,5.593386173248291,-2.6412029266357422
27.099989298731089,-1.1627905368804932,510.7767333984375,-1.1633126735687256,-0.577802300453186,-60.016666412353516,-0.57774436473846436,0.7850000262260437,0,0.31728890538215637,0,268.4551243125797,-2.4469244480133057,5.3173480033874512,-2.4467313289642334
27.119989290833473,-1.1884416341781616,509.58096313476563,-1.1889612674713135,-0.63436615467071533,-60.084609985351563,-0.6343039870262146,0.7850000262260437,0,0.27856552600860596,0,268.4551243125797,-2.2201333045959473,5.0340914726257324,-2.2199671268463135
27.139989282935858,-1.2163262367248535,508.38339233398438,-1.2168428897857666,-0.68432497978210449,-60.159633636474609,-0.68425935506820679,0.7850000262260437,0,0.23691865801811218,0,268.4551243125797,-1.9608845710754395,4.7561764717102051,-1.9607484340667725
27.159989275038242,-1.246140718460083,507.18365478515625,-1.2466543912887573,-0.72687506675720215,-60.241283416748047,-0.72680681943893433,0.7850000262260437,0,0.19284096360206604,0,268.4551243125797,-1.6700916290283203,4.4961647987365723,-1.6699889898300171
27.179989267140627,-1.2775413990020752,505.98141479492188,-1.2780519723892212,-0.76126945018768311,-60.328792572021484,-0.7611994743347168,0.7850000262260437,0,0.14684925973415375,0,268.4551243125797,-1.3499802350997925,4.2660741806030273,-1.3499128818511963
27.199989259243011,-1.3101482391357422,504.7763671875,-1.3106554746627808,-0.78685420751571655,-60.421123504638672,-0.78678351640701294,0.7850000262260437,0,0.099484503269195557,0,268.4551243125797,-1.0042026042938232,4.0767946243286133,-1.0041733980178833
27.219989251345396,-1.3435515165328979,503.568359375,-1.3440555334091187,-0.80310231447219849,-60.517005920410156,-0.803031861782074,0.7850000262260437,0,0.0512995645403862,0,268.4551243125797,-0.63773775100708008,3.9374749660491943,-0.6377483606338501
27.239989243447781,-1.3773200511932373,502.35720825195313,-1.3778208494186401,-0.80964481830596924,-60.614990234375,-0.80957567691802979,0.7850000262260437,0,0.002868003910407424,0,268.4551243125797,-0.256793737411499,3.8549811840057373,-0.2568449079990387
27.259989235550165,-1.4110115766525269,501.14288330078125,-1.4115092754364014,-0.80629539489746094,-60.713523864746094,-0.8062286376953125,0.7850000262260437,0,0.045268088579177856,0,268.4551243125797,0.13146416842937469,3.8334474563598633,0.13137222826480865
27.27998922765255,-1.4441835880279541,499.9254150390625,-1.4446781873703003,-0.79306495189666748,-60.8110237121582,-0.79300159215927124,0.7850000262260437,0,0.0925278291106224,0,268.4551243125797,0.51929420232772827,3.8739509582519531,0.51916229724884033
27.299989219754934,-1.4764045476913452,498.70498657226563,-1.4768961668014526,-0.77016526460647583,-60.905963897705078,-0.77010625600814819,0.7850000262260437,0,0.13837070763111115,0,268.4551243125797,0.898813009262085,3.9743888378143311,0.89864271879196167
27.319989211857319,-1.5072646141052246,497.48178100585938,-1.5077534914016724,-0.73799991607666016,-60.996952056884766,-0.73794615268707275,0.7850000262260437,0,0.18226619064807892,0,268.4551243125797,1.2624902725219727,4.1295509338378906,1.2622840404510498
27.339989203959703,-1.5363843441009521,496.25607299804688,-1.5368705987930298,-0.69714707136154175,-61.082798004150391,-0.69709944725036621,0.7850000262260437,0,0.22370819747447968,0,268.4551243125797,1.6034742593765259,4.3313884735107422,1.6032347679138184
27.359989196062088,-1.5634224414825439,495.02822875976563,-1.5639064311981201,-0.64833104610443115,-61.162578582763672,-0.64829027652740479,0.7850000262260437,0,0.26222100853919983,0,268.4551243125797,1.9160302877426147,4.5695123672485352,1.91576087474823
27.379989188164473,-1.5880802869796753,493.79861450195313,-1.5885623693466187,-0.592386782169342,-61.235675811767578,-0.5923534631729126,0.7850000262260437,0,0.29736608266830444,0,268.4551243125797,2.1958141326904297,4.8318066596984863,2.1955199241638184
27.399989180266857,-1.6101047992706299,492.56756591796875,-1.6105854511260986,-0.53022438287734985,-61.301807403564453,-0.53019911050796509,0.7850000262260437,0,0.32874500751495361,0,268.4551243125797,2.4398746490478516,5.1051387786865234,2.439558744430542
27.419989172369242,-1.6292883157730103,491.33551025390625,-1.6297676563262939,-0.46279135346412659,-61.361034393310547,-0.46277457475662231,0.7850000262260437,0,0.35600483417510986,0,268.4551243125797,2.6467480659484863,5.37613582611084,2.6464149951934814
27.439989164471626,-1.6454668045043945,490.10281372070313,-1.6459451913833618,-0.39104121923446655,-61.413745880126953,-0.39103326201438904,0.7850000262260437,0,0.37884345650672913,0,268.4551243125797,2.8161945343017578,5.6318831443786621,2.8158483505249023
27.459989156574011,-1.6585168838500977,488.86981201171875,-1.6589949131011963,-0.31590726971626282,-61.46063232421875,-0.31590837240219116,0.7850000262260437,0,0.39701244235038757,0,268.4551243125797,2.9490089416503906,5.8605923652648926,2.9486536979675293
27.479989148676395,-1.6683518886566162,487.63674926757813,-1.6688297986984253,-0.23828527331352234,-61.502639770507813,-0.23829555511474609,0.7850000262260437,0,0.41031855344772339,0,268.4551243125797,3.0466647148132324,6.0521144866943359,3.0463042259216309
27.49998914077878,-1.6749173402786255,486.40386962890625,-1.6753954887390137,-0.1590256541967392,-61.540920257568359,-0.15904513001441956,0.7850000262260437,0,0.41862857341766357,0,268.4551243125797,3.1109416484832764,6.1983318328857422,3.1105804443359375
27.519989132881165,-1.6781872510910034,485.1712646484375,-1.6786661148071289,-0.078933030366897583,-61.576778411865234,-0.078961640596389771,0.7850000262260437,0,0.42186808586120605,0,268.4551243125797,3.1436371803283691,6.2934451103210449,3.1432785987854004
27.539989124983549,-1.6781615018844604,483.93902587890625,-1.6786414384841919,0.0012257024645805359,-61.611602783203125,0.0011880993843078613,0.7850000262260437,0,0.42002388834953308,0,268.4551243125797,3.1462318897247314,6.3340668678283691,3.1458790302276611
27.559989117085934,-1.6748636960983276,482.7071533203125,-1.6753451824188232,0.080709606409072876,-61.646800994873047,0.0806632786989212,0.7850000262260437,0,0.41314423084259033,0,268.4551243125797,3.1197447776794434,6.3193035125732422,3.1194024085998535
27.579989109188318,-1.6683415174484253,481.47552490234375,-1.6688246726989746,0.1587885320186615,-61.683750152587891,0.1587337851524353,0.7850000262260437,0,0.40133628249168396,0,268.4551243125797,3.06459903717041,6.2506670951843262,3.0642690658569336
27.599989101290703,-1.658666729927063,480.2440185546875,-1.6591520309448242,0.23472857475280762,-61.723720550537109,0.23466579616069794,0.7850000262260437,0,0.38476735353469849,0,268.4551243125797,2.9806482791900635,6.1319723129272461,2.9803328514099121
27.619989093393087,-1.6459386348724365,479.01239013671875,-1.6464264392852783,0.30777996778488159,-61.767841339111328,0.30770963430404663,0.7850000262260437,0,0.36366197466850281,0,268.4551243125797,2.8672678470611572,5.9691510200500488,2.8669717311859131
27.639989085495472,-1.6302857398986816,477.78036499023438,-1.6307762861251831,0.37716984748840332,-61.817035675048828,0.37709251046180725,0.7850000262260437,0,0.33829754590988159,0,268.4551243125797,2.7235536575317383,5.7700252532958984,2.7232789993286133
27.659989077597857,-1.6118698120117188,476.54763793945313,-1.6123634576797485,0.44210153818130493,-61.871986389160156,0.44201785326004028,0.7850000262260437,0,0.30900374054908752,0,268.4551243125797,2.5485696792602539,5.5440082550048828,2.5483202934265137
27.679989069700241,-1.5908886194229126,475.31381225585938,-1.5913853645324707,0.50176084041595459,-61.933109283447266,0.50167149305343628,0.7850000262260437,0,0.27615559101104736,0,268.4551243125797,2.3416285514831543,5.3017578125,2.34140682220459
27.699989061802626,-1.5675780773162842,474.07858276367188,-1.5680781602859497,0.55533111095428467,-62.000526428222656,0.55523693561553955,0.7850000262260437,0,0.24017195403575897,0,268.4551243125797,2.1026351451873779,5.054774284362793,2.1024436950683594
27.71998905390501,-1.5422132015228271,472.84158325195313,-1.5427168607711792,0.60201317071914673,-62.074054718017578,0.60191494226455688,0.7850000262260437,0,0.20150880515575409,0,268.4551243125797,1.8322718143463135,4.8149099349975586,1.8321133852005005
27.739989046007395,-1.5151077508926392,471.60250854492188,-1.5156151056289673,0.64105325937271118,-62.153213500976563,0.640951931476593,0.7850000262260437,0,0.16065315902233124,0,268.4551243125797,1.5323250293731689,4.5938558578491211,1.532201886177063
27.759989038109779,-1.4866108894348145,470.361083984375,-1.4871220588684082,0.67177331447601318,-62.237247467041016,0.67166978120803833,0.7850000262260437,0,0.11811663955450058,0,268.4551243125797,1.2057621479034424,4.4025683403015137,1.2056750059127808
27.779989030212164,-1.4571025371551514,469.1170654296875,-1.4576175212860107,0.69360220432281494,-62.325149536132813,0.6934974193572998,0.7850000262260437,0,0.074434839189052582,0,268.4551243125797,0.8567841649055481,4.2506871223449707,0.85673439502716064
27.799989022314548,-1.4269868135452271,467.87030029296875,-1.4275054931640625,0.70610618591308594,-62.415718078613281,0.70600110292434692,0.7850000262260437,0,0.030154241248965263,0,268.4551243125797,0.490780770778656,4.1459903717041016,0.49076926708221436
27.819989014416933,-1.3966828584671021,466.62066650390625,-1.397205114364624,0.70901376008987427,-62.507614135742188,0.70890933275222778,0.7850000262260437,0,0.014181305654346943,0,268.4551243125797,0.11412122845649719,4.0938997268676758,0.11414763331413269
27.839989006519318,-1.3666157722473145,465.36825561523438,-1.3671416044235229,0.70223426818847656,-62.599430084228516,0.702131450176239,0.7850000262260437,0,0.058012988418340683,0,268.4551243125797,-0.26609510183334351,4.0971341133117676,-0.26603150367736816
27.859988998621702,-1.3372063636779785,464.113037109375,-1.337735652923584,0.68586593866348267,-62.68975830078125,0.68576562404632568,0.7850000262260437,0,0.10080208629369736,0,268.4551243125797,-0.64245742559432983,4.1554670333862305,-0.64235842227935791
27.879988990724087,-1.3088608980178833,462.85519409179688,-1.3093935251235962,0.66019636392593384,-62.777278900146484,0.66009938716888428,0.7850000262260437,0,0.14201775193214417,0,268.4551243125797,-1.0075323581695557,4.2657060623168945,-1.0074001550674438
27.899988982826471,-1.2819623947143555,461.59500122070313,-1.2824980020523071,0.62568855285644531,-62.860820770263672,0.62559568881988525,0.7850000262260437,0,0.18115565180778503,0,268.4551243125797,-1.3544325828552246,4.4218683242797852,-1.3542702198028564
27.919988974928856,-1.2568621635437012,460.33261108398438,-1.2574007511138916,0.58296161890029907,-62.939426422119141,0.58287358283996582,0.7850000262260437,0,0.21773502230644226,0,268.4551243125797,-1.6770327091217041,4.6155166625976563,-1.6768432855606079
27.93998896703124,-1.2338744401931763,459.06842041015625,-1.2344156503677368,0.53276395797729492,-63.012409210205078,0.53268134593963623,0.7850000262260437,0,0.251311331987381,0,268.4551243125797,-1.9702587127685547,4.8362784385681152,-1.9700462818145752
27.959988959133625,-1.2132722139358521,457.802734375,-1.2138158082962036,0.47593891620635986,-63.079372406005859,0.47586220502853394,0.7850000262260437,0,0.28147849440574646,0,268.4551243125797,-2.230384349822998,5.072502613067627,-2.2301528453826904
27.97998895123601,-1.1952857971191406,456.53591918945313,-1.1958314180374146,0.41339340806007385,-63.140235900878906,0.41332298517227173,0.7850000262260437,0,0.30787456035614014,0,268.4551243125797,-2.4549121856689453,5.31192684173584,-2.4546661376953125
27.999988943338394,-1.1801025867462158,455.26824951171875,-1.1806501150131226,0.34606581926345825,-63.195228576660156,0.34600198268890381,0.7850000262260437,0,0.33018696308135986,0,268.4551243125797,-2.6426091194152832,5.5424036979675293,-2.6423511505126953
28.019988935440779,-1.1678688526153564,454.00006103515625,-1.1684179306030273,0.27490037679672241,-63.244865417480469,0.27484330534935,0.7850000262260437,0,0.34815555810928345,0,268.4551243125797,-2.7932443618774414,5.7525405883789063,-2.7929797172546387
28.039988927543163,-1.1586928367614746,452.73159790039063,-1.1592428684234619,0.20082637667655945,-63.289924621582031,0.20077612996101379,0.7850000262260437,0,0.3615763783454895,0,268.4551243125797,-2.9074056148529053,5.9322891235351563,-2.9071381092071533
28.059988919645548,-1.1526466608047485,451.46307373046875,-1.1531975269317627,0.12474652379751205,-63.331390380859375,0.12470310181379318,0.7850000262260437,0,0.3703036904335022,0,268.4551243125797,-2.986135721206665,6.0733747482299805,-2.9858677387237549
28.079988911747932,-1.1497704982757568,450.19461059570313,-1.1503217220306396,0.047531686723232269,-63.370403289794922,0.047495007514953613,0.7850000262260437,0,0.37425157427787781,0,268.4551243125797,-3.0306837558746338,6.169647216796875,-3.0304191112518311
28.099988903850317,-1.1500740051269531,448.92630004882813,-1.1506255865097046,-0.029976993799209595,-63.408203125,-0.030007079243659973,0.7850000262260437,0,0.37339583039283752,0,268.4551243125797,-3.0422172546386719,6.2172622680664063,-3.0419583320617676
28.1199888959527,-1.1535389423370361,447.65811157226563,-1.1540905237197876,-0.10696151852607727,-63.446063995361328,-0.10698522627353668,0.7850000262260437,0,0.36777308583259583,0,268.4551243125797,-3.021644115447998,6.214785099029541,-3.0213937759399414
28.139988888055086,-1.1601190567016602,446.38998413085938,-1.1606703996658325,-0.18261760473251343,-63.4852409362793,-0.18263523280620575,0.7850000262260437,0,0.35748088359832764,0,268.4551243125797,-2.9695029258728027,6.1631669998168945,-2.969264030456543
28.159988880157471,-1.1697396039962769,445.12179565429688,-1.170290470123291,-0.25614461302757263,-63.526901245117188,-0.25615650415420532,0.7850000262260437,0,0.34267598390579224,0,268.4551243125797,-2.8859367370605469,6.0656509399414063,-2.8857111930847168
28.179988872259855,-1.1822960376739502,443.85333251953125,-1.1828463077545166,-0.32673770189285278,-63.572078704833984,-0.32674422860145569,0.7850000262260437,0,0.32357287406921387,0,268.4551243125797,-2.7707793712615967,5.9275960922241211,-2.7705693244934082
28.19998886436224,-1.1976523399353027,442.58441162109375,-1.1982017755508423,-0.39358371496200562,-63.621623992919922,-0.39358538389205933,0.7850000262260437,0,0.30044090747833252,0,268.4551243125797,-2.6237077713012695,5.7562408447265625,-2.62351655960083
28.219988856464624,-1.2156388759613037,441.31472778320313,-1.2161872386932373,-0.45586246252059937,-63.6761589050293,-0.45585978031158447,0.7850000262260437,0,0.27360016107559204,0,268.4551243125797,-2.4444413185119629,5.56038761138916,-2.4442710876464844
28.239988848567009,-1.236050009727478,440.04397583007813,-1.2365971803665161,-0.51275426149368286,-63.736053466796875,-0.51274782419204712,0.7850000262260437,0,0.24341675639152527,0,268.4551243125797,-2.2330033779144287,5.3500251770019531,-2.2328577041625977
28.259988840669394,-1.2586433887481689,438.77182006835938,-1.2591891288757324,-0.56345486640930176,-63.8014030456543,-0.56344538927078247,0.7850000262260437,0,0.21029971539974213,0,268.4551243125797,-1.989999532699585,5.1359081268310547,-1.9898796081542969
28.279988832771778,-1.283139705657959,437.498046875,-1.2836840152740479,-0.60719496011734009,-63.872020721435547,-0.60718315839767456,0.7850000262260437,0,0.17469602823257446,0,268.4551243125797,-1.716800332069397,4.92905330657959,-1.7167083024978638
28.299988824874163,-1.3092252016067505,436.2222900390625,-1.3097678422927856,-0.6432647705078125,-63.947452545166016,-0.643251359462738,0.7850000262260437,0,0.13708172738552094,0,268.4551243125797,-1.4157407283782959,4.7402138710021973,-1.4156785011291504
28.319988816976547,-1.336553692817688,434.9443359375,-1.3370945453643799,-0.67104256153106689,-64.026985168457031,-0.67102837562561035,0.7850000262260437,0,0.097959339618682861,0,268.4551243125797,-1.0902799367904663,4.5793290138244629,-1.0902494192123413
28.339988809078932,-1.3647526502609253,433.66403198242188,-1.365291953086853,-0.69002169370651245,-64.10968017578125,-0.69000756740570068,0.7850000262260437,0,0.057849302887916565,0,268.4551243125797,-0.74493193626403809,4.4549627304077148,-0.74493420124053955
28.359988801181316,-1.3934301137924194,432.38128662109375,-1.393967866897583,-0.6998363733291626,-64.194442749023438,-0.69982320070266724,0.7850000262260437,0,0.017277369275689125,0,268.4551243125797,-0.38522738218307495,4.3737955093383789,-0.38526317477226257
28.3799887932837,-1.4221823215484619,431.095947265625,-1.4227186441421509,-0.70028269290924072,-64.280067443847656,-0.70027130842208862,0.7850000262260437,0,0.023202871903777122,0,268.4551243125797,-0.017519094049930573,4.340214729309082,-0.017588093876838684
28.399988785386086,-1.4506031274795532,429.80807495117188,-1.4511381387710571,-0.69133138656616211,-64.365287780761719,-0.69132256507873535,0.7850000262260437,0,0.063083849847316742,0,268.4551243125797,0.35133892297744751,4.3560004234313965,0.35123723745346069
28.41998877748847,-1.4782931804656982,428.51776123046875,-1.4788268804550171,-0.67313468456268311,-64.4488754272461,-0.67312926054000854,0.7850000262260437,0,0.10182397812604904,0,268.4551243125797,0.71422022581100464,4.4201784133911133,0.71408700942993164
28.439988769590855,-1.5048691034317017,427.22509765625,-1.5054017305374146,-0.64602088928222656,-64.5296859741211,-0.64601963758468628,0.7850000262260437,0,0.13892060518264771,0,268.4551243125797,1.0642158985137939,4.5290646553039551,1.0640532970428467
28.459988761693239,-1.5299715995788574,425.93035888671875,-1.5305032730102539,-0.61048310995101929,-64.606742858886719,-0.61048668622970581,0.7850000262260437,0,0.17389379441738129,0,268.4551243125797,1.3948585987091064,4.676476001739502,1.3946688175201416
28.479988753795624,-1.553272008895874,424.63372802734375,-1.5538029670715332,-0.56715613603591919,-64.679267883300781,-0.56716513633728027,0.7850000262260437,0,0.20629096031188965,0,268.4551243125797,1.7005851268768311,4.8541059494018555,1.7003710269927979
28.499988745898008,-1.5744779109954834,423.33554077148438,-1.5750083923339844,-0.51679313182830811,-64.746749877929688,-0.5168081521987915,0.7850000262260437,0,0.23569276928901672,0,268.4551243125797,1.9767485857009888,5.0520501136779785,1.9765135049819946
28.519988738000393,-1.5933362245559692,422.03607177734375,-1.5938663482666016,-0.46023458242416382,-64.808952331542969,-0.46025606989860535,0.7850000262260437,0,0.26172572374343872,0,268.4551243125797,2.2199234962463379,5.2594475746154785,2.219670295715332
28.539988730102777,-1.6096339225769043,420.73556518554688,-1.6101641654968262,-0.398379921913147,-64.865913391113281,-0.3984082043170929,0.7850000262260437,0,0.28406122326850891,0,268.4551243125797,2.4277968406677246,5.4651031494140625,2.4275302886962891
28.559988722205162,-1.623199462890625,419.434326171875,-1.623729944229126,-0.332160085439682,-64.917953491210938,-0.3321954607963562,0.7850000262260437,0,0.30242148041725159,0,268.4551243125797,2.5991296768188477,5.6581630706787109,2.5988514423370361
28.579988714307547,-1.63390052318573,418.13259887695313,-1.6344316005706787,-0.26251611113548279,-64.965652465820313,-0.26255875825881958,0.7850000262260437,0,0.31658282876014709,0,268.4551243125797,2.7335274219512939,5.8287014961242676,2.7332425117492676
28.599988706409931,-1.641642689704895,416.83056640625,-1.6421744823455811,-0.19038201868534088,-65.009796142578125,-0.19043204188346863,0.7850000262260437,0,0.32637909054756165,0,268.4551243125797,2.8312644958496094,5.9682340621948242,2.8309752941131592
28.619988698512316,-1.6463668346405029,415.52841186523438,-1.6468998193740845,-0.11667511612176895,-65.051345825195313,-0.11673250049352646,0.7850000262260437,0,0.33170285820961,0,268.4551243125797,2.8929972648620605,6.0701150894165039,2.8927083015441895
28.6399886906147,-1.6480475664138794,414.22616577148438,-1.648581862449646,-0.042292051017284393,-65.09136962890625,-0.042356736958026886,0.7850000262260437,0,0.33250927925109863,0,268.4551243125797,2.9195365905761719,6.1298003196716309,2.9192500114440918
28.659988682717085,-1.6466913223266602,412.92391967773438,-1.6472272872924805,0.03188999742269516,-65.131011962890625,0.031818173825740814,0.7850000262260437,0,0.32881298661231995,0,268.4551243125797,2.911646842956543,6.1450057029724121,2.9113664627075195
28.679988674819469,-1.6423356533050537,411.62155151367188,-1.6428737640380859,0.10500951111316681,-65.171394348144531,0.10493078082799911,0.7850000262260437,0,0.32068875432014465,0,268.4551243125797,2.8699421882629395,6.1157722473144531,2.869671106338501
28.699988666921854,-1.6350494623184204,410.31903076171875,-1.6355898380279541,0.17621493339538574,-65.2136001586914,0.17612960934638977,0.7850000262260437,0,0.30827319622039795,0,268.4551243125797,2.7948136329650879,6.0443811416625977,2.7945554256439209
28.719988659024239,-1.6249333620071411,409.01617431640625,-1.6254763603210449,0.24466036260128021,-65.258583068847656,0.24456882476806641,0.7850000262260437,0,0.29175937175750732,0,268.4551243125797,2.6864843368530273,5.935215950012207,2.6862406730651855
28.739988651126623,-1.6121206283569336,407.71279907226563,-1.6126663684844971,0.30950367450714111,-65.3071517944336,0.30940639972686768,0.7850000262260437,0,0.27139526605606079,0,268.4551243125797,2.5451009273529053,5.7945461273193359,2.5448765754699707
28.759988643229008,-1.5967786312103271,406.40869140625,-1.5973274707794189,0.36990916728973389,-65.359909057617188,0.36980676651000977,0.7850000262260437,0,0.24748055636882782,0,268.4551243125797,2.3709168434143066,5.6302032470703125,2.3707151412963867
28.779988635331392,-1.5791099071502686,405.10354614257813,-1.5796619653701782,0.42505535483360291,-65.417221069335938,0.42494845390319824,0.7850000262260437,0,0.22036278247833252,0,268.4551243125797,2.1644885540008545,5.4512367248535156,2.1643128395080566
28.799988627433777,-1.5593520402908325,403.79714965820313,-1.5599076747894287,0.47414800524711609,-65.479217529296875,0.47403740882873535,0.7850000262260437,0,0.19043099880218506,0,268.4551243125797,1.9268878698349,5.267458438873291,1.9267418384552002
28.819988619536161,-1.5377776622772217,402.48919677734375,-1.5383368730545044,0.516438364982605,-65.545761108398438,0.51632487773895264,0.7850000262260437,0,0.15811288356781006,0,268.4551243125797,1.6598985195159912,5.0889768600463867,1.6597850322723389
28.839988611638546,-1.514691948890686,401.17950439453125,-1.5152549743652344,0.55124568939208984,-65.616462707519531,0.55113023519515991,0.7850000262260437,0,0.12386689335107803,0,268.4551243125797,1.3661885261535645,4.9256682395935059,1.3661108016967773
28.859988603740931,-1.4904290437698364,399.86782836914063,-1.4909958839416504,0.57798099517822266,-65.690711975097656,0.57786452770233154,0.7850000262260437,0,0.088175840675830841,0,268.4551243125797,1.0493606328964233,4.7866334915161133,1.0493210554122925
28.879988595843315,-1.4653472900390625,398.55404663085938,-1.4659180641174316,0.59617173671722412,-65.767684936523438,0.596055269241333,0.7850000262260437,0,0.051543090492486954,0,268.4551243125797,0.71398723125457764,4.6796894073486328,0.71398794651031494
28.8999885879457,-1.4398220777511597,397.23797607421875,-1.4403969049453735,0.6054842472076416,-65.8464126586914,0.60536885261535645,0.7850000262260437,0,0.014480773359537125,0,268.4551243125797,0.3655160665512085,4.6108889579772949,0.36555829644203186
28.919988580048084,-1.4142390489578247,395.91964721679688,-1.4148176908493042,0.60574167966842651,-65.925819396972656,0.60562843084335327,0.7850000262260437,0,0.022498533129692078,0,268.4551243125797,0.010103091597557068,4.5841431617736816,0.010187737643718719
28.939988572150469,-1.3889851570129395,394.59902954101563,-1.389567494392395,0.5969347357749939,-66.004798889160156,0.5968247652053833,0.7850000262260437,0,0.058871205896139145,0,268.4551243125797,-0.34567210078239441,4.6009349822998047,-0.34554511308670044
28.959988564252853,-1.3644402027130127,393.27618408203125,-1.3650261163711548,0.57922643423080444,-66.082267761230469,0.57912075519561768,0.7850000262260437,0,0.094138219952583313,0,268.4551243125797,-0.69505107402801514,4.6602282524108887,-0.69488281011581421
28.979988556355238,-1.3409684896469116,391.9512939453125,-1.3415577411651611,0.55294716358184814,-66.157234191894531,0.55284678936004639,0.7850000262260437,0,0.12781570851802826,0,268.4551243125797,-1.0314618349075317,4.7584996223449707,-1.0312540531158447
28.999988548457623,-1.3189111948013306,390.62451171875,-1.3195039033889771,0.51858276128768921,-66.228851318359375,0.51848858594894409,0.7850000262260437,0,0.15944060683250427,0,268.4551243125797,-1.3488044738769531,4.8899679183959961,-1.3485598564147949
29.019988540560007,-1.2985810041427612,389.29608154296875,-1.2991765737533569,0.47675538063049316,-66.296463012695313,0.47666829824447632,0.7850000262260437,0,0.18858091533184052,0,268.4551243125797,-1.6417258977890015,5.0469555854797363,-1.6414468288421631
29.039988532662392,-1.2802560329437256,387.96621704101563,-1.280854344367981,0.42819994688034058,-66.359657287597656,0.42812076210975647,0.7850000262260437,0,0.2148418128490448,0,268.4551243125797,-1.9058020114898682,5.22039794921875,-1.9054921865463257
29.059988524764776,-1.2641774415969849,386.6351318359375,-1.2647782564163208,0.37373849749565125,-66.418266296386719,0.37366789579391479,0.7850000262260437,0,0.23787213861942291,0,268.4551243125797,-2.1376125812530518,5.4004044532775879,-2.1372764110565186
29.079988516867161,-1.2505472898483276,385.30316162109375,-1.2511501312255859,0.31425386667251587,-66.472381591796875,0.31419238448143005,0.7850000262260437,0,0.25736573338508606,0,268.4551243125797,-2.3347728252410889,5.5768966674804688,-2.3344147205352783
29.099988508969545,-1.2395285367965698,383.970458984375,-1.2401330471038818,0.25066518783569336,-66.522331237792969,0.250613272190094,0.7850000262260437,0,0.2730693519115448,0,268.4551243125797,-2.4958562850952148,5.7401914596557617,-2.4954814910888672
29.11998850107193,-1.2312452793121338,382.63726806640625,-1.2318509817123413,0.18390858173370361,-66.568679809570313,0.18386651575565338,0.7850000262260437,0,0.28478407859802246,0,268.4551243125797,-2.6201982498168945,5.8815622329711914,-2.6198115348815918
29.139988493174314,-1.2257840633392334,381.3037109375,-1.2263907194137573,0.11492161452770233,-66.612174987792969,0.11488958448171616,0.7850000262260437,0,0.29236778616905212,0,268.4551243125797,-2.70773983001709,5.9937019348144531,-2.707345724105835
29.1599884852767,-1.2231956720352173,379.96994018554688,-1.2238028049468994,0.044633820652961731,-66.653694152832031,0.044611901044845581,0.7850000262260437,0,0.29573822021484375,0,268.4551243125797,-2.7587971687316895,6.0710783004760742,-2.7584004402160645
29.179988477379084,-1.2234959602355957,378.63592529296875,-1.2241032123565674,-0.02603825181722641,-66.694221496582031,-0.026050128042697906,0.7850000262260437,0,0.29487168788909912,0,268.4551243125797,-2.7738802433013916,6.1101784706115723,-2.7734858989715576
29.199988469481468,-1.2266671657562256,377.30178833007813,-1.2272742986679077,-0.096192151308059692,-66.7347640991211,-0.096194155514240265,0.7850000262260437,0,0.28980764746665955,0,268.4551243125797,-2.7535419464111328,6.1096405982971191,-2.7531545162200928
29.219988461583853,-1.2326583862304688,375.96737670898438,-1.233264684677124,-0.16493901610374451,-66.77630615234375,-0.16493144631385803,0.7850000262260437,0,0.2806428074836731,0,268.4551243125797,-2.6983153820037842,6.0702757835388184,-2.6979401111602783
29.239988453686237,-1.2413853406906128,374.63262939453125,-1.2419905662536621,-0.23140192031860352,-66.819770812988281,-0.2313852459192276,0.7850000262260437,0,0.26753324270248413,0,268.4551243125797,-2.6086699962615967,5.9949808120727539,-2.6083128452301025
29.259988445788622,-1.2527304887771606,373.29742431640625,-1.2533344030380249,-0.29471611976623535,-66.8659439086914,-0.29469093680381775,0.7850000262260437,0,0.25069049000740051,0,268.4551243125797,-2.485084056854248,5.8885607719421387,-2.4847493171691895
29.279988437891006,-1.2665420770645142,371.96148681640625,-1.2671440839767456,-0.35403186082839966,-66.915458679199219,-0.3539988100528717,0.7850000262260437,0,0.23037943243980408,0,268.4551243125797,-2.3281433582305908,5.7574620246887207,-2.3278353214263916
29.299988429993391,-1.282633900642395,370.62469482421875,-1.2832337617874146,-0.40852123498916626,-66.968742370605469,-0.40848112106323242,0.7850000262260437,0,0.20691189169883728,0,268.4551243125797,-2.1387083530426025,5.6094484329223633,-2.1384317874908447
29.319988422095776,-1.3007855415344238,369.28680419921875,-1.3013830184936523,-0.45738908648490906,-67.026008605957031,-0.45734289288520813,0.7850000262260437,0,0.1806471198797226,0,268.4551243125797,-1.9180643558502197,5.4531869888305664,-1.9178252220153809
29.33998841419816,-1.3207434415817261,367.94757080078125,-1.3213381767272949,-0.4998888373374939,-67.087234497070313,-0.49983757734298706,0.7850000262260437,0,0.15197892487049103,0,268.4551243125797,-1.668115496635437,5.2978034019470215,-1.667917013168335
29.359988406300545,-1.3422222137451172,366.60678100585938,-1.3428142070770264,-0.53534162044525146,-67.15216064453125,-0.53528648614883423,0.7850000262260437,0,0.12133836001157761,0,268.4551243125797,-1.3915233612060547,5.1523842811584473,-1.3913701772689819
29.379988398402929,-1.3649086952209473,365.2642822265625,-1.3654978275299072,-0.56315737962722778,-67.220321655273438,-0.56309956312179565,0.7850000262260437,0,0.089182004332542419,0,268.4551243125797,-1.0917682647705078,5.0254559516906738,-1.0916644334793091
29.399988390505314,-1.3884663581848145,363.91989135742188,-1.3890522718429565,-0.58285623788833618,-67.291053771972656,-0.582797110080719,0.7850000262260437,0,0.055985301733016968,0,268.4551243125797,-0.77318072319030762,4.9245057106018066,-0.77312910556793213
29.4199883826077,-1.4125409126281738,362.57351684570313,-1.4131233692169189,-0.59408921003341675,-67.3635482788086,-0.59403014183044434,0.7850000262260437,0,0.022232005372643471,0,268.4551243125797,-0.44089418649673462,4.8555197715759277,-0.44089663028717041
29.439988374710083,-1.4367671012878418,361.22512817382813,-1.4373464584350586,-0.59665465354919434,-67.436882019042969,-0.59659701585769653,0.7850000262260437,0,0.011565220542252064,0,268.4551243125797,-0.10069266706705093,4.8225851058959961,-0.10075023770332336
29.459988366812468,-1.4607770442962646,359.87466430664063,-1.4613534212112427,-0.59050947427749634,-67.510086059570313,-0.59045469760894775,0.7850000262260437,0,0.044925648719072342,0,268.4551243125797,0.24119921028614044,4.827639102935791,0.2410861998796463
29.479988358914852,-1.4842076301574707,358.52218627929688,-1.4847811460494995,-0.57577502727508545,-67.582199096679688,-0.57572448253631592,0.7850000262260437,0,0.077362179756164551,0,268.4551243125797,0.578328013420105,4.8703203201293945,0.57816058397293091
29.499988351017237,-1.5067085027694702,357.16778564453125,-1.5072791576385498,-0.55273294448852539,-67.652336120605469,-0.55268800258636475,0.7850000262260437,0,0.10840366035699844,0,268.4551243125797,0.90440189838409424,4.9479851722717285,0.904181718826294
29.519988343119621,-1.5279488563537598,355.81167602539063,-1.5285170078277588,-0.52181756496429443,-67.7197265625,-0.521779477596283,0.7850000262260437,0,0.13759893178939819,0,268.4551243125797,1.2134299278259277,5.0558829307556152,1.2131597995758057
29.539988335222006,-1.5476241111755371,354.45401000976563,-1.5481901168823242,-0.48359864950180054,-67.783760070800781,-0.48356863856315613,0.7850000262260437,0,0.164533331990242,0,268.4551243125797,1.5000925064086914,5.187467098236084,1.4997764825820923
29.55998832732439,-1.5654606819152832,353.094970703125,-1.5660248994827271,-0.43876248598098755,-67.844039916992188,-0.43874156475067139,0.7850000262260437,0,0.18882271647453308,0,268.4551243125797,1.7598202228546143,5.3348278999328613,1.759462833404541
29.579988319426775,-1.5812194347381592,351.73477172851563,-1.581782341003418,-0.38808798789978027,-67.900390625,-0.38807708024978638,0.7850000262260437,0,0.21012517809867859,0,268.4551243125797,1.9889755249023438,5.489222526550293,1.988581657409668
29.59998831152916,-1.5946983098983765,350.37362670898438,-1.5952601432800293,-0.33242356777191162,-67.9528579711914,-0.33242341876029968,0.7850000262260437,0,0.22814404964447021,0,268.4551243125797,2.1848301887512207,5.6416349411010742,2.1844069957733154
29.619988303631544,-1.6057329177856445,349.01174926757813,-1.6062942743301392,-0.27266430854797363,-68.001708984375,-0.27267557382583618,0.7850000262260437,0,0.24263353645801544,0,268.4551243125797,2.3455522060394287,5.783327579498291,2.3451042175292969
29.639988295733929,-1.6141971349716187,347.6492919921875,-1.6147583723068237,-0.20973280072212219,-68.04742431640625,-0.20975594222545624,0.7850000262260437,0,0.253400593996048,0,268.4551243125797,2.4700627326965332,5.9063858985900879,2.4695968627929688
29.659988287836313,-1.6200021505355835,346.28640747070313,-1.6205638647079468,-0.14456358551979065,-68.090652465820313,-0.14459893107414246,0.7850000262260437,0,0.26030874252319336,0,268.4551243125797,2.5578927993774414,6.0041422843933105,2.5574140548706055
29.679988279938698,-1.6230959892272949,344.92318725585938,-1.6236585378646851,-0.078092098236083984,-68.132164001464844,-0.0781397894024849,0.7850000262260437,0,0.26327958703041077,0,268.4551243125797,2.6090068817138672,6.071537971496582,2.6085224151611328
29.699988272041082,-1.623462438583374,343.55966186523438,-1.6240262985229492,-0.011246830224990845,-68.172813415527344,-0.011306829750537872,0.7850000262260437,0,0.26229435205459595,0,268.4551243125797,2.6236782073974609,6.1053881645202637,2.6231949329376221
29.719988264143467,-1.6211200952529907,342.19589233398438,-1.6216857433319092,0.055054746568202972,-68.213485717773438,0.054982639849185944,0.7850000262260437,0,0.25739288330078125,0,268.4551243125797,2.6023380756378174,6.1044950485229492,2.601862907409668
29.739988256245852,-1.6161222457885742,340.83172607421875,-1.6166901588439941,0.11990854889154434,-68.255043029785156,0.11982470750808716,0.7850000262260437,0,0.24867390096187592,0,268.4551243125797,2.5455129146575928,6.0696616172790527,2.5450522899627686
29.759988248348236,-1.6085562705993652,339.4671630859375,-1.6091268062591553,0.1824260950088501,-68.298286437988281,0.18233102560043335,0.7850000262260437,0,0.23629185557365417,0,268.4551243125797,2.45381498336792,6.0036306381225586,2.4533743858337402
29.779988240450621,-1.598543643951416,338.10198974609375,-1.5991175174713135,0.24173766374588013,-68.343887329101563,0.24163207411766052,0.7850000262260437,0,0.22045546770095825,0,268.4551243125797,2.3279800415039063,5.9109139442443848,2.3275675773620605
29.799988232553005,-1.5862404108047485,336.73611450195313,-1.5868178606033325,0.29699814319610596,-68.392379760742188,0.29688292741775513,0.7850000262260437,0,0.20142687857151031,0,268.4551243125797,2.1689743995666504,5.7974977493286133,2.1685965061187744
29.81998822465539,-1.5718361139297485,335.36932373046875,-1.5724176168441772,0.34739559888839722,-68.444107055664063,0.34727177023887634,0.7850000262260437,0,0.17951197922229767,0,268.4551243125797,1.9781012535095215,5.6705379486083984,1.9777634143829346
29.839988216757774,-1.5555533170700073,334.00143432617188,-1.5561392307281494,0.39216351509094238,-68.499214172363281,0.392032265663147,0.7850000262260437,0,0.15506131947040558,0,268.4551243125797,1.7571417093276978,5.5379395484924316,1.7568503618240356
29.859988208860159,-1.5376459360122681,332.63229370117188,-1.5382363796234131,0.43059664964675903,-68.557632446289063,0.43045932054519653,0.7850000262260437,0,0.12846077978610992,0,268.4551243125797,1.5085018873214722,5.4079303741455078,1.5082628726959229
29.879988200962543,-1.5183961391448975,331.26165771484375,-1.5189915895462036,0.4620685875415802,-68.619094848632813,0.46192663908004761,0.7850000262260437,0,0.1001269742846489,0,268.4551243125797,1.2352738380432129,5.2885527610778809,1.2350926399230957
29.899988193064928,-1.4981108903884888,329.88943481445313,-1.4987115859985352,0.48605155944824219,-68.683135986328125,0.48590657114982605,0.7850000262260437,0,0.070503205060958862,0,268.4551243125797,0.94133162498474121,5.187220573425293,0.94121325016021729
29.919988185167313,-1.4771171808242798,328.51547241210938,-1.4777231216430664,0.50213414430618286,-68.749137878417969,0.50198781490325928,0.7850000262260437,0,0.040049180388450623,0,268.4551243125797,0.6312410831451416,5.110236644744873,0.63118910789489746
29.939988177269697,-1.4557555913925171,327.13970947265625,-1.4563668966293335,0.51003944873809814,-68.816360473632813,0.509893536567688,0.7850000262260437,0,0.0092258350923657417,0,268.4551243125797,0.31028288602828979,5.0624194145202637,0.310299813747406
29.959988169372082,-1.4343737363815308,325.7620849609375,-1.434990406036377,0.50963675975799561,-68.883979797363281,0.50949305295944214,0.7850000262260437,0,0.021470911800861359,0,268.4551243125797,-0.015806108713150024,5.0467615127563477,-0.015718769282102585
29.979988161474466,-1.4133192300796509,324.38265991210938,-1.4139411449432373,0.5009494423866272,-68.951156616210938,0.50080972909927368,0.7850000262260437,0,0.051596283912658691,0,268.4551243125797,-0.34097757935523987,5.0642447471618652,-0.34081974625587463
29.999988153576851,-1.3929319381713867,323.00146484375,-1.3935588598251343,0.48415663838386536,-69.0170669555664,0.48402270674705505,0.7850000262260437,0,0.080683670938014984,0,268.4551243125797,-0.65911781787872314,5.1137714385986328,-0.65889060497283936
30.019988145679235,-1.3735370635986328,321.61862182617188,-1.374168872833252,0.45958852767944336,-69.080978393554688,0.45946210622787476,0.7850000262260437,0,0.10828735679388046,0,268.4551243125797,-0.96429818868637085,5.1922149658203125,-0.96400421857833862
30.03998813778162,-1.3554390668869019,320.2342529296875,-1.3560755252838135,0.42771539092063904,-69.142280578613281,0.42759805917739868,0.7850000262260437,0,0.13399794697761536,0,268.4551243125797,-1.2510210275650024,5.2946720123291016,-1.250664234161377
30.059988129884005,-1.3389161825180054,318.84854125976563,-1.3395566940307617,0.38913151621818542,-69.200523376464844,0.3890247642993927,0.7850000262260437,0,0.1574292778968811,0,268.4551243125797,-1.5144176483154297,5.4147639274597168,-1.5140029191970825
30.079988121986389,-1.3242155313491821,317.461669921875,-1.324859619140625,0.34453624486923218,-69.255447387695313,0.34444135427474976,0.7850000262260437,0,0.17823560535907745,0,268.4551243125797,-1.7503653764724731,5.5450959205627441,-1.7498995065689087
30.099988114088774,-1.3115506172180176,316.07379150390625,-1.3121979236602783,0.29471254348754883,-69.306991577148438,0.29463064670562744,0.7850000262260437,0,0.19611215591430664,0,268.4551243125797,-1.9555817842483521,5.677736759185791,-1.955070972442627
30.119988106191158,-1.3010990619659424,314.68505859375,-1.3017491102218628,0.24050593376159668,-69.355300903320313,0.24043801426887512,0.7850000262260437,0,0.21080106496810913,0,268.4551243125797,-2.1276102066040039,5.8047513961791992,-2.1270616054534912
30.139988098293543,-1.293001651763916,313.29571533203125,-1.2936536073684692,0.18280470371246338,-69.400703430175781,0.18275150656700134,0.7850000262260437,0,0.22209715843200684,0,268.4551243125797,-2.2647743225097656,5.9186902046203613,-2.2641966342926025
30.159988090395927,-1.2873619794845581,311.90579223632813,-1.2880153656005859,0.12252257764339447,-69.4437026977539,0.12248463928699493,0.7850000262260437,0,0.22984632849693298,0,268.4551243125797,-2.3660745620727539,6.0130720138549805,-2.3654756546020508
30.179988082498312,-1.2842469215393066,310.51547241210938,-1.2849012613296509,0.0605856329202652,-69.484931945800781,0.060563251376152039,0.7850000262260437,0,0.23395152390003204,0,268.4551243125797,-2.4310262203216553,6.0827064514160156,-2.4304156303405762
30.199988074600697,-1.2836871147155762,309.124755859375,-1.2843416929244995,-0.0020787864923477173,-69.525108337402344,-0.0020855218172073364,0.7850000262260437,0,0.23437410593032837,0,268.4551243125797,-2.4595794677734375,6.1240358352661133,-2.458965539932251
30.219988066703081,-1.2856771945953369,307.73370361328125,-1.2863312959671021,-0.064549118280410767,-69.564994812011719,-0.064540334045887,0.7850000262260437,0,0.23113180696964264,0,268.4551243125797,-2.4519617557525635,6.1352677345275879,-2.451352596282959
30.239988058805466,-1.2901768684387207,306.34222412109375,-1.2908298969268799,-0.12591575086116791,-69.605361938476563,-0.12589180469512939,0.7850000262260437,0,0.22429877519607544,0,268.4551243125797,-2.4086413383483887,6.1164579391479492,-2.4080464839935303
30.25998805090785,-1.297110915184021,304.9503173828125,-1.2977621555328369,-0.1852855384349823,-69.646926879882813,-0.185247004032135,0.7850000262260437,0,0.21400706470012665,0,268.4551243125797,-2.3302655220031738,6.0694808959960938,-2.3296928405761719
30.279988043010235,-1.3063697814941406,303.557861328125,-1.3070187568664551,-0.24178731441497803,-69.690315246582031,-0.24173499643802643,0.7850000262260437,0,0.20044194161891937,0,268.4551243125797,-2.2176957130432129,5.9978775978088379,-2.2171547412872314
30.299988035112619,-1.3178101778030396,302.16470336914063,-1.3184564113616943,-0.29457870125770569,-69.736030578613281,-0.29451361298561096,0.7850000262260437,0,0.18383660912513733,0,268.4551243125797,-2.0720624923706055,5.9066343307495117,-2.071561336517334
30.319988027215004,-1.3312554359436035,300.77072143554688,-1.3318984508514404,-0.34285512566566467,-69.784408569335938,-0.34277850389480591,0.7850000262260437,0,0.16447436809539795,0,268.4551243125797,-1.8948509693145752,5.8018951416015625,-1.8943983316421509
30.339988019317389,-1.3464970588684082,299.37576293945313,-1.34713613986969,-0.38586175441741943,-69.835624694824219,-0.38577502965927124,0.7850000262260437,0,0.14267821609973907,0,268.4551243125797,-1.688010573387146,5.6905779838562012,-1.687614917755127
30.359988011419773,-1.3632965087890625,297.9796142578125,-1.36393141746521,-0.42290756106376648,-69.889663696289063,-0.42281240224838257,0.7850000262260437,0,0.11880908161401749,0,268.4551243125797,-1.4540489912033081,5.5799665451049805,-1.4537179470062256
30.379988003522158,-1.3813879489898682,296.5821533203125,-1.3820183277130127,-0.45338195562362671,-69.9463119506836,-0.45328018069267273,0.7850000262260437,0,0.093259073793888092,0,268.4551243125797,-1.196120023727417,5.4772772789001465,-1.1958603858947754
30.399987995624542,-1.4004822969436646,295.18325805664063,-1.4011077880859375,-0.47677132487297058,-70.005210876464844,-0.47666490077972412,0.7850000262260437,0,0.066443599760532379,0,268.4551243125797,-0.91803371906280518,5.3891916275024414,-0.91785109043121338
30.419987987726927,-1.4202713966369629,293.78280639648438,-1.4208920001983643,-0.49267622828483582,-70.065834045410156,-0.492567241191864,0.7850000262260437,0,0.038796983659267426,0,268.4551243125797,-0.624267578125,5.3214654922485352,-0.62416672706604
30.439987979829311,-1.4404343366622925,292.38076782226563,-1.4410499334335327,-0.50082629919052124,-70.127548217773438,-0.5007169246673584,0.7850000262260437,0,0.010769947431981564,0,268.4551243125797,-0.31989014148712158,5.2785229682922363,-0.31987482309341431
30.459987971931696,-1.4606431722640991,290.97708129882813,-1.4612537622451782,-0.50109022855758667,-70.189651489257813,-0.50098270177841187,0.7850000262260437,0,0.017208229750394821,0,268.4551243125797,-0.010359898209571838,5.2631807327270508,-0.010431729257106781
30.479987964034081,-1.4805699586868286,289.57174682617188,-1.4811755418777466,-0.49348470568656921,-70.251419067382813,-0.49338120222091675,0.7850000262260437,0,0.044660761952400208,0,268.4551243125797,0.29851746559143066,5.2764692306518555,0.29835844039916992
30.499987956136465,-1.4998933076858521,288.16485595703125,-1.5004942417144775,-0.47817420959472656,-70.312141418457031,-0.47807693481445313,0.7850000262260437,0,0.071175210177898407,0,268.4551243125797,0.60093748569488525,5.3175477981567383,0.600692868232727
30.51998794823885,-1.5183053016662598,286.75643920898438,-1.5189018249511719,-0.45546701550483704,-70.371177673339844,-0.45537808537483215,0.7850000262260437,0,0.096322782337665558,0,268.4551243125797,0.89125734567642212,5.3837594985961914,0.89093005657196045
30.539987940341234,-1.5355174541473389,285.34664916992188,-1.5361098051071167,-0.42580693960189819,-70.427993774414063,-0.42572832107543945,0.7850000262260437,0,0.11971482634544373,0,268.4551243125797,1.1641587018966675,5.4708452224731445,1.1637535095214844
30.559987932443619,-1.5512653589248657,283.93563842773438,-1.551854133605957,-0.38975760340690613,-70.4822006225586,-0.38969114422798157,0.7850000262260437,0,0.14098566770553589,0,268.4551243125797,1.4149370193481445,5.5732254981994629,1.4144599437713623
30.579987924546003,-1.5653140544891357,282.52352905273438,-1.5658997297286987,-0.34798598289489746,-70.533576965332031,-0.3479333221912384,0.7850000262260437,0,0.15980735421180725,0,268.4551243125797,1.6395374536514282,5.6844077110290527,1.6389954090118408
30.599987916648388,-1.5774601697921753,281.1104736328125,-1.5780432224273682,-0.30124327540397644,-70.582069396972656,-0.3012058436870575,0.7850000262260437,0,0.17589393258094788,0,268.4551243125797,1.8346520662307739,5.7974128723144531,1.8340539932250977
30.619987908750772,-1.5875345468521118,279.69662475585938,-1.5881155729293823,-0.25034534931182861,-70.627815246582031,-0.25032436847686768,0.7850000262260437,0,0.18900585174560547,0,268.4551243125797,1.9977447986602783,5.9052772521972656,1.9970992803573608
30.639987900853157,-1.5954035520553589,278.28213500976563,-1.5959833860397339,-0.19615459442138672,-70.671112060546875,-0.19615097343921661,0.7850000262260437,0,0.19894981384277344,0,268.4551243125797,2.1269881725311279,6.0014748573303223,2.1263067722320557
30.659987892955542,-1.6009699106216431,276.86709594726563,-1.6015491485595703,-0.13956302404403687,-70.712394714355469,-0.13957743346691132,0.7850000262260437,0,0.20558845996856689,0,268.4551243125797,2.2212204933166504,6.0803718566894531,2.2205123901367188
30.679987885057926,-1.6041724681854248,275.45159912109375,-1.6047517061233521,-0.081478811800479889,-70.752227783203125,-0.081511668860912323,0.7850000262260437,0,0.20883737504482269,0,268.4551243125797,2.27980637550354,6.13751220703125,2.2790822982788086
30.699987877160311,-1.6049857139587402,274.03564453125,-1.6055660247802734,-0.022814802825450897,-70.791229248046875,-0.022866219282150269,0.7850000262260437,0,0.20866625010967255,0,268.4551243125797,2.3025634288787842,6.1699304580688477,2.3018350601196289
30.719987869262695,-1.6034204959869385,272.61929321289063,-1.6040023565292358,0.035520598292350769,-70.830070495605469,0.035450790077447891,0.7850000262260437,0,0.20510292053222656,0,268.4551243125797,2.2896654605865479,6.17626428604126,2.2889437675476074
30.73998786136508,-1.5995219945907593,271.2025146484375,-1.6001064777374268,0.0926312804222107,-70.8694076538086,0.092543542385101318,0.7850000262260437,0,0.19822955131530762,0,268.4551243125797,2.2415955066680908,6.1568460464477539,2.2408914566040039
30.759987853467464,-1.5933703184127808,269.78521728515625,-1.5939580202102661,0.14764028787612915,-70.909843444824219,0.14753535389900208,0.7850000262260437,0,0.1881798654794693,0,268.4551243125797,2.1591043472290039,6.1136031150817871,2.1584296226501465
30.779987845569849,-1.5850793123245239,268.36734008789063,-1.5856709480285645,0.19969749450683594,-70.951904296875,0.19957637786865234,0.7850000262260437,0,0.17514127492904663,0,268.4551243125797,2.0432462692260742,6.049957275390625,2.0426111221313477
30.799987837672234,-1.5747958421707153,266.94869995117188,-1.5753922462463379,0.24798832833766937,-70.995986938476563,0.24785231053829193,0.7850000262260437,0,0.15934784710407257,0,268.4551243125797,1.895416259765625,5.9705748558044434,1.8948311805725098
30.819987829774618,-1.5626989603042603,265.52926635742188,-1.5633003711700439,0.2917446494102478,-71.042350769042969,0.29159525036811829,0.7850000262260437,0,0.14107641577720642,0,268.4551243125797,1.7174360752105713,5.8810949325561523,1.7169113159179688
30.839987821877003,-1.5489972829818726,264.10882568359375,-1.5496042966842651,0.33025673031806946,-71.091094970703125,0.33009573817253113,0.7850000262260437,0,0.12064550817012787,0,268.4551243125797,1.5115994215011597,5.7877411842346191,1.5111448764801025
30.859987813979387,-1.5339272022247314,262.687255859375,-1.534540057182312,0.36288800835609436,-71.14215087890625,0.36271741986274719,0.7850000262260437,0,0.09840625524520874,0,268.4551243125797,1.2807784080505371,5.6969542503356934,1.2804019451141357
30.879987806081772,-1.5177493095397949,261.26446533203125,-1.5183682441711426,0.38908988237380981,-71.195297241210938,0.38891187310218811,0.7850000262260437,0,0.074734792113304138,0,268.4551243125797,1.028423547744751,5.6149592399597168,1.0281329154968262
30.899987798184156,-1.500744104385376,259.84036254882813,-1.5013697147369385,0.408417284488678,-71.250160217285156,0.408234179019928,0.7850000262260437,0,0.050035588443279266,0,268.4551243125797,0.75860035419464111,5.54737663269043,0.75840091705322266
30.919987790286541,-1.4832078218460083,258.41482543945313,-1.4838403463363647,0.4205423891544342,-71.306259155273438,0.4203566312789917,0.7850000262260437,0,0.024717984721064568,0,268.4551243125797,0.47591063380241394,5.4988517761230469,0.47580695152282715
30.939987782388926,-1.4654459953308105,256.98785400390625,-1.4660853147506714,0.42526701092720032,-71.363029479980469,0.42508113384246826,0.7850000262260437,0,0.00069053395418450236,0,268.4551243125797,0.18544192612171173,5.4727497100830078,0.18543706834316254
30.95998777449131,-1.4477677345275879,255.55940246582031,-1.4484139680862427,0.42252960801124573,-71.419845581054688,0.42234614491462708,0.7850000262260437,0,0.026060963049530983,0,268.4551243125797,-0.10744351893663406,5.4709024429321289,-0.10734865069389343
30.979987766593695,-1.4304795265197754,254.12950134277344,-1.4311323165893555,0.4124101996421814,-71.476081848144531,0.41223165392875671,0.7850000262260437,0,0.050690338015556335,0,268.4551243125797,-0.39718747138977051,5.4935159683227539,-0.39699369668960571
30.999987758696079,-1.413878321647644,252.69821166992188,-1.4145374298095703,0.395128458738327,-71.531158447265625,0.39495730400085449,0.7850000262260437,0,0.074259094893932343,0,268.4551243125797,-0.67830866575241089,5.539151668548584,-0.67801898717880249
31.019987750798464,-1.3982462882995605,251.26560974121094,-1.3989114761352539,0.37103766202926636,-71.584564208984375,0.37087622284889221,0.7850000262260437,0,0.096390925347805023,0,268.4551243125797,-0.94556409120559692,5.6048183441162109,-0.9451831579208374
31.039987742900848,-1.3838450908660889,249.83181762695313,-1.3845157623291016,0.34061446785926819,-71.635894775390625,0.34046489000320435,0.7850000262260437,0,0.1167256236076355,0,268.4551243125797,-1.1941114664077759,5.6862330436706543,-1.193645715713501
31.059987735003233,-1.3709114789962769,248.39695739746094,-1.3715871572494507,0.30444401502609253,-71.684883117675781,0.30430826544761658,0.7850000262260437,0,0.13493561744689941,0,268.4551243125797,-1.4196913242340088,5.7780780792236328,-1.4191480875015259
31.079987727105618,-1.3596532344818115,246.96115112304688,-1.3603334426879883,0.26320412755012512,-71.731414794921875,0.26308393478393555,0.7850000262260437,0,0.15073172748088837,0,268.4551243125797,-1.6186661720275879,5.8744344711303711,-1.6180551052093506
31.099987719208002,-1.3502469062805176,245.5245361328125,-1.3509310483932495,0.21764709055423737,-71.7755355834961,0.21754394471645355,0.7850000262260437,0,0.16386935114860535,0,268.4551243125797,-1.7881143093109131,5.9691600799560547,-1.7874455451965332
31.119987711310387,-1.3428356647491455,244.08723449707031,-1.3435229063034058,0.16858209669589996,-71.817436218261719,0.16849718987941742,0.7850000262260437,0,0.17414441704750061,0,268.4551243125797,-1.9258019924163818,6.0563259124755859,-1.9250862598419189
31.139987703412771,-1.3375277519226074,242.64933776855469,-1.3382173776626587,0.11685847491025925,-71.8574447631836,0.116792693734169,0.7850000262260437,0,0.18140791356563568,0,268.4551243125797,-2.0301530361175537,6.1306209564208984,-2.0294022560119629
31.159987695515156,-1.3343964815139771,241.2109375,-1.3350876569747925,0.063350923359394073,-71.89599609375,0.0633048564195633,0.7850000262260437,0,0.18555870652198792,0,268.4551243125797,-2.1001722812652588,6.1876621246337891,-2.0993988513946533
31.17998768761754,-1.3334800004959106,239.77207946777344,-1.3341718912124634,0.0089464858174324036,-71.9336166381836,0.0089203938841819763,0.7850000262260437,0,0.18654920160770416,0,268.4551243125797,-2.1353752613067627,6.224306583404541,-2.1345911026000977
31.199987679719925,-1.3347811698913574,238.33274841308594,-1.3354728221893311,-0.04546656459569931,-71.970863342285156,-0.045472722500562668,0.7850000262260437,0,0.1843855232000351,0,268.4551243125797,-2.1357131004333496,6.2388052940368652,-2.1349308490753174
31.219987671822309,-1.3382681608200073,236.89297485351563,-1.338958740234375,-0.099008269608020782,-72.008316040039063,-0.0989948958158493,0.7850000262260437,0,0.17912733554840088,0,268.4551243125797,-2.1015129089355469,6.2308778762817383,-2.1007461547851563
31.239987663924694,-1.3438749313354492,235.45269775390625,-1.3445636034011841,-0.15081612765789032,-72.0465087890625,-0.15078391134738922,0.7850000262260437,0,0.17088676989078522,0,268.4551243125797,-2.0334594249725342,6.2017550468444824,-2.032719612121582
31.259987656027079,-1.3515019416809082,234.01187133789063,-1.3521883487701416,-0.2000538557767868,-72.085922241210938,-0.20000380277633667,0.7850000262260437,0,0.15982383489608765,0,268.4551243125797,-1.9325816631317139,6.1540098190307617,-1.9318816661834717
31.279987648129463,-1.3610177040100098,232.57035827636719,-1.3617010116577148,-0.24592101573944092,-72.126922607421875,-0.24585443735122681,0.7850000262260437,0,0.14614653587341309,0,268.4551243125797,-1.8002870082855225,6.0914425849914551,-1.7996379137039185
31.299987640231848,-1.3722593784332275,231.12809753417969,-1.3729389905929565,-0.28766384720802307,-72.1697769165039,-0.28758233785629272,0.7850000262260437,0,0.13010665774345398,0,268.4551243125797,-1.6384072303771973,6.0187549591064453,-1.637820839881897
31.319987632334232,-1.3850351572036743,229.6849365234375,-1.385710597038269,-0.3245871365070343,-72.214607238769531,-0.32449254393577576,0.7850000262260437,0,0.11199373751878738,0,268.4551243125797,-1.4492393732070923,5.9413032531738281,-1.4487261772155762
31.339987624436617,-1.3991265296936035,228.24078369140625,-1.3997970819473267,-0.35606759786605835,-72.261390686035156,-0.35596203804016113,0.7850000262260437,0,0.092130891978740692,0,268.4551243125797,-1.2356084585189819,5.8646998405456543,-1.2351779937744141
31.359987616539,-1.4142917394638062,226.79554748535156,-1.4149571657180786,-0.38156783580780029,-72.3099594116211,-0.38145360350608826,0.7850000262260437,0,0.070871151983737946,0,268.4551243125797,-1.0008845329284668,5.7944550514221191,-1.0005449056625366
31.379987608641386,-1.4302694797515869,225.34909057617188,-1.4309295415878296,-0.4006497859954834,-72.360031127929688,-0.40052938461303711,0.7850000262260437,0,0.048586923629045486,0,268.4551243125797,-0.748966634273529,5.7356061935424805,-0.74872493743896484
31.399987600743771,-1.4467836618423462,223.90139770507813,-1.4474380016326904,-0.41298794746398926,-72.411201477050781,-0.41286399960517883,0.7850000262260437,0,0.025666840374469757,0,268.4551243125797,-0.48427259922027588,5.692387580871582,-0.48413363099098206
31.419987592846155,-1.4635485410690308,222.452392578125,-1.4641971588134766,-0.41837948560714722,-72.462997436523438,-0.41825473308563232,0.7850000262260437,0,0.0025135823525488377,0,268.4551243125797,-0.21161837875843048,5.6679220199584961,-0.21158581972122192
31.43998758494854,-1.4802746772766113,221.0020751953125,-1.4809175729751587,-0.416751891374588,-72.514892578125,-0.41662907600402832,0.7850000262260437,0,0.020499451085925102,0,268.4551243125797,0.063882648944854736,5.664024829864502,0.06380753219127655
31.459987577050924,-1.4966745376586914,219.55047607421875,-1.4973118305206299,-0.40816640853881836,-72.566352844238281,-0.40804824233055115,0.7850000262260437,0,0.04294290766119957,0,268.4551243125797,0.33698052167892456,5.6810731887817383,0.33679831027984619
31.479987569153309,-1.5124684572219849,218.09764099121094,-1.513100266456604,-0.39281734824180603,-72.616874694824219,-0.3927064836025238,0.7850000262260437,0,0.064455032348632813,0,268.4551243125797,0.60245037078857422,5.7179927825927734,0.60216379165649414
31.499987561255693,-1.5273901224136353,216.64360046386719,-1.5280170440673828,-0.37102669477462769,-72.666007995605469,-0.3709256649017334,0.7850000262260437,0,0.084668532013893127,0,268.4551243125797,0.85528385639190674,5.7723431587219238,0.85489761829376221
31.519987553358078,-1.5411921739578247,215.1884765625,-1.5418145656585693,-0.34323519468307495,-72.713409423828125,-0.34314638376235962,0.7850000262260437,0,0.10324256867170334,0,268.4551243125797,1.0908162593841553,5.84049129486084,1.090336799621582
31.539987545460463,-1.5536501407623291,213.73237609863281,-1.5542687177658081,-0.30998960137367249,-72.758834838867188,-0.30991518497467041,0.7850000262260437,0,0.11987043917179108,0,268.4551243125797,1.3048896789550781,5.917910099029541,1.3043253421783447
31.559987537562847,-1.5645663738250732,212.275390625,-1.5651814937591553,-0.27192789316177368,-72.80218505859375,-0.27186977863311768,0.7850000262260437,0,0.13427828252315521,0,268.4551243125797,1.4939224720001221,5.999474048614502,1.4932835102081299
31.579987529665232,-1.5737727880477905,210.817626953125,-1.5743851661682129,-0.22976288199424744,-72.8434829711914,-0.22972266376018524,0.7850000262260437,0,0.1462336927652359,0,268.4551243125797,1.6549776792526245,6.0798830986022949,1.6542751789093018
31.599987521767616,-1.5811330080032349,209.35920715332031,-1.5817434787750244,-0.18426583707332611,-72.882896423339844,-0.18424484133720398,0.7850000262260437,0,0.15554802119731903,0,268.4551243125797,1.7857596874237061,6.15397310256958,1.7850050926208496
31.61998751387,-1.5865437984466553,207.90019226074219,-1.5871531963348389,-0.13625037670135498,-72.920700073242188,-0.1362496018409729,0.7850000262260437,0,0.162078857421875,0,268.4551243125797,1.8846073150634766,6.217130184173584,1.8838139772415161
31.639987505972385,-1.5899356603622437,206.44065856933594,-1.5905448198318481,-0.086558043956756592,-72.957267761230469,-0.0865781381726265,0.7850000262260437,0,0.16573388874530792,0,268.4551243125797,1.9504249095916748,6.2655515670776367,1.9496058225631714
31.65998749807477,-1.5912734270095825,204.98065185546875,-1.5918831825256348,-0.036044787615537643,-72.993049621582031,-0.036086052656173706,0.7850000262260437,0,0.1664721816778183,0,268.4551243125797,1.9826462268829346,6.2965235710144043,1.9818153381347656
31.679987490177155,-1.5905561447143555,203.52018737792969,-1.5911673307418823,0.01443086564540863,-73.028518676757813,0.014368485659360886,0.7850000262260437,0,0.16430100798606873,0,268.4551243125797,1.9811704158782959,6.3085794448852539,1.9803416728973389
31.699987482279539,-1.5878163576126099,202.05923461914063,-1.5884300470352173,0.0640186071395874,-73.064170837402344,0.063935518264770508,0.7850000262260437,0,0.15928210318088531,0,268.4551243125797,1.9463198184967041,6.3015532493591309,1.9455070495605469
31.719987474381924,-1.5831203460693359,200.5977783203125,-1.5837370157241821,0.11188651621341705,-73.100456237792969,0.11178350448608398,0.7850000262260437,0,0.15152312815189362,0,268.4551243125797,1.8788161277770996,6.2765841484069824,1.8780341148376465
31.739987466484308,-1.5765658617019653,199.13575744628906,-1.5771863460540771,0.15723121166229248,-73.137779235839844,0.15710937976837158,0.7850000262260437,0,0.14118064939975739,0,268.4551243125797,1.7797801494598389,6.2360458374023438,1.7790412902832031
31.759987458586693,-1.5682820081710815,197.67306518554688,-1.5689071416854858,0.19928830862045288,-73.176445007324219,0.19914910197257996,0.7850000262260437,0,0.12845566868782043,0,268.4551243125797,1.6507420539855957,6.183314323425293,1.6500598192214966
31.779987450689077,-1.5584274530410767,196.20965576171875,-1.5590579509735107,0.237343892455101,-73.2166519165039,0.23718905448913574,0.7850000262260437,0,0.11358986049890518,0,268.4551243125797,1.4936823844909668,6.1225805282592773,1.4930689334869385
31.799987442791462,-1.5471880435943604,194.74539184570313,-1.547824501991272,0.27074640989303589,-73.258491516113281,0.27057796716690063,0.7850000262260437,0,0.096859857439994812,0,268.4551243125797,1.3110489845275879,6.0585284233093262,1.3105159997940063
31.819987434893847,-1.5347740650177002,193.28021240234375,-1.5354170799255371,0.29891952872276306,-73.301925659179688,0.29873982071876526,0.7850000262260437,0,0.0785728171467781,0,268.4551243125797,1.1057957410812378,5.9960389137268066,1.1053534746170044
31.839987426996231,-1.5214167833328247,191.81401062011719,-1.5220667123794556,0.32137501239776611,-73.346794128417969,0.32118654251098633,0.7850000262260437,0,0.059065390378236771,0,268.4551243125797,0.88137757778167725,5.9398236274719238,0.88103431463241577
31.859987419098616,-1.5073647499084473,190.34674072265625,-1.5080219507217407,0.33772483468055725,-73.392822265625,0.33753034472465515,0.7850000262260437,0,0.0386892668902874,0,268.4551243125797,0.64173102378845215,5.8941283226013184,0.641494870185852
31.879987411201,-1.4928791522979736,188.87831115722656,-1.4935437440872192,0.34769207239151,-73.439659118652344,0.34749439358711243,0.7850000262260437,0,0.017807444557547569,0,268.4551243125797,0.39121377468109131,5.8624000549316406,0.391089528799057
31.899987403303385,-1.4782282114028931,187.40872192382813,-1.4789003133773804,0.35111942887306213,-73.486885070800781,0.35092151165008545,0.7850000262260437,0,0.0031832056120038033,0,268.4551243125797,0.13452330231666565,5.8470973968505859,0.13451465964317322
31.919987395405769,-1.4636825323104858,185.93795776367188,-1.4643617868423462,0.34797483682632446,-73.5340576171875,0.34777969121932983,0.7850000262260437,0,0.023958718404173851,0,268.4551243125797,-0.12342488765716553,5.8494625091552734,-0.12331673502922058
31.939987387508154,-1.4495087862014771,184.46604919433594,-1.4501953125,0.33835303783416748,-73.580718994140625,0.3381635844707489,0.7850000262260437,0,0.044116754084825516,0,268.4551243125797,-0.37765616178512573,5.8694953918457031,-0.37743237614631653
31.959987379610538,-1.4359650611877441,182.9930419921875,-1.436658501625061,0.3224736750125885,-73.626449584960938,0.32229277491569519,0.7850000262260437,0,0.063304707407951355,0,268.4551243125797,-0.62326538562774658,5.9059104919433594,-0.62292933464050293
31.979987371712923,-1.423295259475708,181.51899719238281,-1.4239952564239502,0.30067536234855652,-73.6708984375,0.30050572752952576,0.7850000262260437,0,0.081197500228881836,0,268.4551243125797,-0.85558462142944336,5.9562926292419434,-0.85514193773269653
31.999987363815308,-1.4117244482040405,180.04400634765625,-1.4124304056167603,0.27340617775917053,-73.713790893554688,0.27325034141540527,0.7850000262260437,0,0.097485274076461792,0,268.4551243125797,-1.0703164339065552,6.0172405242919922,-1.0697746276855469
32.019987355917692,-1.4014551639556885,178.56813049316406,-1.4021666049957275,0.2412116676568985,-73.754966735839844,0.2410719096660614,0.7850000262260437,0,0.111888088285923,0,268.4551243125797,-1.2636351585388184,6.0846490859985352,-1.2630038261413574
32.039987348020077,-1.392663836479187,177.09147644042969,-1.3933799266815186,0.20472075045108795,-73.79437255859375,0.20459908246994019,0.7850000262260437,0,0.12416564673185349,0,268.4551243125797,-1.4322690963745117,6.1540327072143555,-1.4315593242645264
32.059987340122461,-1.385498046875,175.61415100097656,-1.3862179517745972,0.16463032364845276,-73.832077026367188,0.16452841460704803,0.7850000262260437,0,0.13411478698253632,0,268.4551243125797,-1.573549747467041,6.2208046913146973,-1.5727742910385132
32.079987332224846,-1.3800746202468872,174.13619995117188,-1.3807975053787231,0.12169012427330017,-73.8682632446289,0.12160930037498474,0.7850000262260437,0,0.14157405495643616,0,268.4551243125797,-1.6854038238525391,6.2806720733642578,-1.6845760345458984
32.09998732432723,-1.3764787912368774,172.65773010253906,-1.3772037029266357,0.076687678694725037,-73.903190612792969,0.076628893613815308,0.7850000262260437,0,0.14643071591854095,0,268.4551243125797,-1.7663466930389404,6.3298840522766113,-1.7654815912246704
32.119987316429615,-1.3747628927230835,171.17875671386719,-1.3754892349243164,0.030434250831604004,-73.937210083007813,0.03039807453751564,0.7850000262260437,0,0.14861761033535004,0,268.4551243125797,-1.8154480457305908,6.3655099868774414,-1.8145605325698853
32.139987308532,-1.37494695186615,169.69931030273438,-1.3756735324859619,-0.016248136758804321,-73.970718383789063,-0.016261518001556396,0.7850000262260437,0,0.14811639487743378,0,268.4551243125797,-1.8322845697402954,6.3856449127197266,-1.8313899040222168
32.159987300634384,-1.3770174980163574,168.21939086914063,-1.3777436017990112,-0.06253853440284729,-74.0041275024414,-0.062529347836971283,0.7850000262260437,0,0.1449568122625351,0,268.4551243125797,-1.8168991804122925,6.3894767761230469,-1.8160130977630615
32.179987292736769,-1.3809292316436768,166.73899841308594,-1.3816540241241455,-0.10762853920459747,-74.037849426269531,-0.10759739577770233,0.7850000262260437,0,0.13921643793582916,0,268.4551243125797,-1.7697837352752686,6.3773999214172363,-1.7689216136932373
32.199987284839153,-1.3866052627563477,165.25807189941406,-1.3873276710510254,-0.15073311328887939,-74.0722427368164,-0.1506810188293457,0.7850000262260437,0,0.13101863861083984,0,268.4551243125797,-1.6918554306030273,6.3508753776550293,-1.691032886505127
32.219987276941538,-1.3939383029937744,163.77656555175781,-1.3946572542190552,-0.19110152125358582,-74.107620239257813,-0.19102984666824341,0.7850000262260437,0,0.12053006142377853,0,268.4551243125797,-1.5844607353210449,6.312401294708252,-1.5836918354034424
32.239987269043922,-1.4027918577194214,162.29440307617188,-1.4035069942474365,-0.22802862524986267,-74.144195556640625,-0.22793909907341003,0.7850000262260437,0,0.1079598143696785,0,268.4551243125797,-1.4493894577026367,6.2652702331542969,-1.4486886262893677
32.259987261146307,-1.4130032062530518,160.81150817871094,-1.4137135744094849,-0.26086646318435669,-74.182090759277344,-0.26076114177703857,0.7850000262260437,0,0.093548573553562164,0,268.4551243125797,-1.2888855934143066,6.2133393287658691,-1.2882659435272217
32.279987253248692,-1.4243849515914917,159.32781982421875,-1.4250901937484741,-0.28903630375862122,-74.221328735351563,-0.28891757130622864,0.7850000262260437,0,0.0775739774107933,0,268.4551243125797,-1.1056669950485229,6.1607837677001953,-1.1051403284072876
32.299987245351076,-1.4367289543151855,157.84323120117188,-1.43742835521698,-0.31204062700271606,-74.2618179321289,-0.31191110610961914,0.7850000262260437,0,0.060337085276842117,0,268.4551243125797,-0.90291988849639893,6.1117515563964844,-0.902496337890625
32.319987237453461,-1.4498090744018555,156.35768127441406,-1.4505025148391724,-0.32947465777397156,-74.3033676147461,-0.32933717966079712,0.7850000262260437,0,0.042159643024206161,0,268.4551243125797,-0.684285581111908,6.0701084136962891,-0.68397361040115356
32.339987229555845,-1.4633858203887939,154.87115478515625,-1.4640730619430542,-0.34103667736053467,-74.345703125,-0.34089425206184387,0.7850000262260437,0,0.02337946742773056,0,268.4551243125797,-0.45380926132202148,6.03913688659668,-0.45361536741256714
32.35998722165823,-1.477211594581604,153.38359069824219,-1.477892279624939,-0.34653609991073608,-74.388496398925781,-0.34639185667037964,0.7850000262260437,0,0.004339942242950201,0,268.4551243125797,-0.21585291624069214,6.0213303565979,-0.21578143537044525
32.379987213760614,-1.4910343885421753,151.89497375488281,-1.4917087554931641,-0.34589970111846924,-74.431365966796875,-0.34575679898262024,0.7850000262260437,0,0.014595573768019676,0,268.4551243125797,0.024979043751955032,6.0181727409362793,0.024926187470555305
32.399987205863,-1.5046043395996094,150.40533447265625,-1.505272388458252,-0.33917388319969177,-74.473930358886719,-0.33903548121452332,0.7850000262260437,0,0.03309674933552742,0,268.4551243125797,0.26398861408233643,6.0300765037536621,0.263811856508255
32.419987197965384,-1.5176776647567749,148.91468811035156,-1.5183396339416504,-0.32652416825294495,-74.515830993652344,-0.32639333605766296,0.7850000262260437,0,0.050826612859964371,0,268.4551243125797,0.496501624584198,6.0563564300537109,0.49620392918586731
32.439987190067768,-1.530022144317627,147.423095703125,-1.5306785106658936,-0.30823084712028503,-74.5567398071289,-0.30811053514480591,0.7850000262260437,0,0.06746722012758255,0,268.4551243125797,0.718013346195221,6.0952639579772949,0.71759986877441406
32.459987182170153,-1.5414217710494995,145.93060302734375,-1.5420728921890259,-0.28468120098114014,-74.596397399902344,-0.28457418084144592,0.7850000262260437,0,0.082719899713993073,0,268.4551243125797,0.92432379722595215,6.1441655158996582,0.92380213737487793
32.479987174272537,-1.5516800880432129,144.43730163574219,-1.5523267984390259,-0.25635954737663269,-74.6346435546875,-0.25626832246780396,0.7850000262260437,0,0.096317820250988,0,268.4551243125797,1.11162531375885,6.1997189521789551,1.1110051870346069
32.499987166374922,-1.5606248378753662,142.94325256347656,-1.561267614364624,-0.22383469343185425,-74.671401977539063,-0.22376148402690887,0.7850000262260437,0,0.10802396386861801,0,268.4551243125797,1.2766010761260986,6.258155345916748,1.2758939266204834
32.519987158477306,-1.5681095123291016,141.44854736328125,-1.5687491893768311,-0.18774613738059998,-74.706695556640625,-0.18769283592700958,0.7850000262260437,0,0.1176392138004303,0,268.4551243125797,1.4164762496948242,6.3155488967895508,1.4156950712203979
32.539987150579691,-1.5740160942077637,139.95323181152344,-1.5746536254882813,-0.14878970384597778,-74.740653991699219,-0.14875781536102295,0.7850000262260437,0,0.1250031441450119,0,268.4551243125797,1.5290408134460449,6.3681187629699707,1.5282001495361328
32.559987142682076,-1.5782567262649536,138.4573974609375,-1.5788929462432861,-0.10770322382450104,-74.773475646972656,-0.1076938807964325,0.7850000262260437,0,0.12999773025512695,0,268.4551243125797,1.612645149230957,6.4125103950500488,1.6117602586746216
32.57998713478446,-1.580774188041687,136.9610595703125,-1.5814098119735718,-0.065252423286437988,-74.8054428100586,-0.065266326069831848,0.7850000262260437,0,0.13255089521408081,0,268.4551243125797,1.6661946773529053,6.4459958076477051,1.6652822494506836
32.599987126886845,-1.5815424919128418,135.46426391601563,-1.5821787118911743,-0.022217810153961182,-74.836883544921875,-0.022255260497331619,0.7850000262260437,0,0.1326352059841156,0,268.4551243125797,1.6891093254089355,6.4667177200317383,1.6881852149963379
32.619987118989229,-1.5805673599243164,133.96701049804688,-1.5812050104141235,0.020617838948965073,-74.868148803710938,0.020556975156068802,0.7850000262260437,0,0.13026690483093262,0,268.4551243125797,1.6812999248504639,6.4737634658813477,1.6803809404373169
32.639987111091614,-1.5778851509094238,132.46929931640625,-1.5785253047943115,0.0624813511967659,-74.899581909179688,0.062397640198469162,0.7850000262260437,0,0.12551173567771912,0,268.4551243125797,1.6431436538696289,6.4672331809997559,1.6422469615936279
32.659987103194,-1.5735628604888916,130.9710693359375,-1.5742064714431763,0.10262060910463333,-74.9314956665039,0.10251502692699432,0.7850000262260437,0,0.11847572028636932,0,268.4551243125797,1.5754666328430176,6.4482059478759766,1.5746082067489624
32.679987095296383,-1.5676963329315186,129.4722900390625,-1.5683442354202271,0.14031586050987244,-74.964164733886719,0.14018978178501129,0.7850000262260437,0,0.10930727422237396,0,268.4551243125797,1.479539155960083,6.4186573028564453,1.4787347316741943
32.699987087398767,-1.5604091882705688,127.97290802001953,-1.5610620975494385,0.17489105463027954,-74.997787475585938,0.17474624514579773,0.7850000262260437,0,0.098194301128387451,0,268.4551243125797,1.35707688331604,6.3813047409057617,1.35634183883667
32.719987079501152,-1.5518505573272705,126.47286224365234,-1.5525091886520386,0.20572543144226074,-75.032470703125,0.20556400716304779,0.7850000262260437,0,0.085359260439872742,0,268.4551243125797,1.2102501392364502,6.3393912315368652,1.2095978260040283
32.739987071603537,-1.5421926975250244,124.97207641601563,-1.5428576469421387,0.232264906167984,-75.068252563476563,0.23208931088447571,0.7850000262260437,0,0.071052737534046173,0,268.4551243125797,1.0416748523712158,6.2964572906494141,1.0411183834075928
32.759987063705921,-1.5316280126571655,123.47050476074219,-1.5322998762130737,0.25403344631195068,-75.105064392089844,0.25384637713432312,0.7850000262260437,0,0.055557586252689362,0,268.4551243125797,0.8544151782989502,6.2560806274414063,0.85396534204483032
32.779987055808306,-1.5203655958175659,121.96808624267578,-1.5210446119308472,0.27064350247383118,-75.142753601074219,0.27044790983200073,0.7850000262260437,0,0.03916558250784874,0,268.4551243125797,0.65194511413574219,6.2215967178344727,0.65161037445068359
32.79998704791069,-1.5086269378662109,120.46477508544922,-1.5093135833740234,0.28180557489395142,-75.181098937988281,0.28160455822944641,0.7850000262260437,0,0.022194437682628632,0,268.4551243125797,0.43811154365539551,6.1958613395690918,0.43789869546890259
32.819987040013075,-1.4966418743133545,118.96054077148438,-1.4973362684249878,0.28733548521995544,-75.219818115234375,0.28713226318359375,0.7850000262260437,0,0.0049795163795351982,0,268.4551243125797,0.21704903244972229,6.1810750961303711,0.21696271002292633
32.839987032115459,-1.4846441745758057,117.45539093017578,-1.4853463172912598,0.28715977072715759,-75.25860595703125,0.28695762157440186,0.7850000262260437,0,0.012197337113320827,0,268.4551243125797,-0.0068966299295425415,6.17855978012085,-0.0068542696535587311
32.859987024217844,-1.4728660583496094,115.94931030273438,-1.4735758304595947,0.28131771087646484,-75.297134399414063,0.28111991286277771,0.7850000262260437,0,0.028976710513234138,0,268.4551243125797,-0.22930110991001129,6.1887297630310059,-0.22913056612014771
32.879987016320229,-1.4615340232849121,114.44234466552734,-1.46225106716156,0.26996082067489624,-75.335090637207031,0.26977056264877319,0.7850000262260437,0,0.045058175921440125,0,268.4551243125797,-0.44575786590576172,6.211036205291748,-0.445462167263031
32.899987008422613,-1.4508638381958008,112.93452453613281,-1.4515876770019531,0.25334873795509338,-75.372207641601563,0.25316905975341797,0.7850000262260437,0,0.060144029557704926,0,268.4551243125797,-0.652025043964386,6.2440242767333984,-0.65160971879959106
32.919987000525,-1.441056489944458,111.4259033203125,-1.4417867660522461,0.23184244334697723,-75.408271789550781,0.23167619109153748,0.7850000262260437,0,0.073960438370704651,0,268.4551243125797,-0.84412223100662231,6.285456657409668,-0.84359538555145264
32.939986992627382,-1.4322946071624756,109.91653442382813,-1.4330306053161621,0.20589496195316315,-75.443130493164063,0.20574472844600677,0.7850000262260437,0,0.086257122457027435,0,268.4551243125797,-1.0184389352798462,6.3324990272521973,-1.0178104639053345
32.959986984729767,-1.4247385263442993,108.406494140625,-1.425479531288147,0.17603990435600281,-75.476730346679688,0.17590796947479248,0.7850000262260437,0,0.096818551421165466,0,268.4551243125797,-1.1718113422393799,6.3819456100463867,-1.1710933446884155
32.979986976832151,-1.4185241460800171,106.89585113525391,-1.4192694425582886,0.14287874102592468,-75.50909423828125,0.1427670419216156,0.7850000262260437,0,0.10545598715543747,0,268.4551243125797,-1.3015761375427246,6.4304423332214355,-1.3007820844650269
32.999986968934536,-1.4137606620788574,105.38465118408203,-1.4145094156265259,0.10706736147403717,-75.540328979492188,0.10697744786739349,0.7850000262260437,0,0.11202359944581985,0,268.4551243125797,-1.40559720993042,6.4747815132141113,-1.4047421216964722
33.019986961036921,-1.4105290174484253,103.87294006347656,-1.4112802743911743,0.069302484393119812,-75.57061767578125,0.069235503673553467,0.7850000262260437,0,0.11641506850719452,0,268.4551243125797,-1.4822721481323242,6.51210355758667,-1.4813722372055054
33.039986953139305,-1.4088810682296753,102.36077117919922,-1.4096338748931885,0.030308052897453308,-75.600189208984375,0.030264709144830704,0.7850000262260437,0,0.11856444180011749,0,268.4551243125797,-1.5305321216583252,6.5401406288146973,-1.529604434967041
33.05998694524169,-1.4088389873504639,100.84814453125,-1.4095922708511353,-0.0091776661574840546,-75.629325866699219,-0.0091971084475517273,0.7850000262260437,0,0.11845050007104874,0,268.4551243125797,-1.5498151779174805,6.557340145111084,-1.5488770008087158
33.079986937344074,-1.4103950262069702,99.335075378417969,-1.4111477136611938,-0.048414573073387146,-75.658317565917969,-0.048410281538963318,0.7850000262260437,0,0.11609235405921936,0,268.4551243125797,-1.5400493144989014,6.5629849433898926,-1.5391178131103516
33.099986929446459,-1.4135118722915649,97.821548461914063,-1.4142633676528931,-0.08667270839214325,-75.687454223632813,-0.08664529025554657,0.7850000262260437,0,0.11155501753091812,0,268.4551243125797,-1.5016326904296875,6.5572414398193359,-1.5007249116897583
33.119986921548843,-1.4181241989135742,96.307540893554688,-1.4188733100891113,-0.12324397265911102,-75.717002868652344,-0.12319448590278625,0.7850000262260437,0,0.10494114458560944,0,268.4551243125797,-1.4354228973388672,6.5411028861999512,-1.4345564842224121
33.139986913651228,-1.4241387844085693,94.793014526367188,-1.4248849153518677,-0.1574535071849823,-75.747184753417969,-0.15738339722156525,0.7850000262260437,0,0.096395261585712433,0,268.4551243125797,-1.3427248001098633,6.5163459777832031,-1.341915488243103
33.159986905753613,-1.4314370155334473,93.277923583984375,-1.4321790933609009,-0.1886710524559021,-75.778152465820313,-0.188582181930542,0.7850000262260437,0,0.086094379425048828,0,268.4551243125797,-1.2252893447875977,6.4853525161743164,-1.2245526313781738
33.179986897856,-1.4398763179779053,91.762214660644531,-1.4406137466430664,-0.21632210910320282,-75.80999755859375,-0.21621666848659515,0.7850000262260437,0,0.074249453842639923,0,268.4551243125797,-1.0853044986724854,6.4509286880493164,-1.0846540927886963
33.199986889958382,-1.4492930173873901,90.245834350585938,-1.450025200843811,-0.23989890515804291,-75.842727661132813,-0.23977941274642944,0.7850000262260437,0,0.061100300401449203,0,268.4551243125797,-0.92538976669311523,6.4161229133605957,-0.92483818531036377
33.219986882060766,-1.4595053195953369,88.728729248046875,-1.4602317810058594,-0.25897085666656494,-75.87628173828125,-0.25884008407592773,0.7850000262260437,0,0.0469059944152832,0,268.4551243125797,-0.74857413768768311,6.3839397430419922,-0.74813163280487061
33.239986874163151,-1.4703167676925659,87.210853576660156,-1.4710371494293213,-0.27319398522377014,-75.910514831542969,-0.27305495738983154,0.7850000262260437,0,0.031947419047355652,0,268.4551243125797,-0.558258056640625,6.3571743965148926,-0.55793344974517822
33.259986866265535,-1.4815200567245483,85.692176818847656,-1.4822341203689575,-0.28231909871101379,-75.945236206054688,-0.2821749746799469,0.7850000262260437,0,0.016518967226147652,0,268.4551243125797,-0.35816115140914917,6.3381552696228027,-0.35796046257019043
33.27998685836792,-1.492901086807251,84.172691345214844,-1.493608832359314,-0.28619801998138428,-75.9802017211914,-0.28605204820632935,0.7850000262260437,0,0.00091349059948697686,0,268.4551243125797,-0.15224793553352356,6.3286023139953613,-0.15217530727386475
33.299986850470304,-1.5042437314987183,82.652374267578125,-1.5049450397491455,-0.28478744626045227,-76.015144348144531,-0.28464290499687195,0.7850000262260437,0,0.014550582505762577,0,268.4551243125797,0.055365394800901413,6.3294897079467773,0.0553087443113327
33.319986842572689,-1.515333890914917,81.1312484741211,-1.516028881072998,-0.27815020084381104,-76.049789428710938,-0.27801036834716797,0.7850000262260437,0,0.02960558608174324,0,268.4551243125797,0.26051205396652222,6.3409724235534668,0.26032721996307373
33.339986834675074,-1.5259640216827393,79.609336853027344,-1.5266530513763428,-0.26645371317863464,-76.083892822265625,-0.26632174849510193,0.7850000262260437,0,0.04394477978348732,0,268.4551243125797,0.45908787846565247,6.362398624420166,0.45877882838249207
33.359986826777458,-1.5359375476837158,78.086669921875,-1.53662109375,-0.24996559321880341,-76.117233276367188,-0.2498445063829422,0.7850000262260437,0,0.057306557893753052,0,268.4551243125797,0.647159218788147,6.3923616409301758,0.64673209190368652
33.379986818879843,-1.5450727939605713,76.563301086425781,-1.5457512140274048,-0.22904685139656067,-76.149642944335938,-0.22893942892551422,0.7850000262260437,0,0.069439232349395752,0,268.4551243125797,0.82106113433837891,6.4288244247436523,0.82052481174468994
33.399986810982227,-1.5532058477401733,75.039276123046875,-1.5538798570632935,-0.20414251089096069,-76.181022644042969,-0.20405125617980957,0.7850000262260437,0,0.080122627317905426,0,268.4551243125797,0.97749561071395874,6.4692783355712891,0.97686100006103516
33.419986803084612,-1.5601942539215088,73.5146484375,-1.5608646869659424,-0.17577101290225983,-76.211341857910156,-0.17569811642169952,0.7850000262260437,0,0.08916192501783371,0,268.4551243125797,1.113581657409668,6.5109357833862305,1.112861156463623
33.439986795187,-1.5659192800521851,71.9894790649414,-1.5665867328643799,-0.14451199769973755,-76.240638732910156,-0.14445927739143372,0.7850000262260437,0,0.0963934063911438,0,268.4551243125797,1.226917028427124,6.5509934425354,1.2261247634887695
33.459986787289381,-1.5702875852584839,70.463798522949219,-1.5709527730941772,-0.11099354922771454,-76.2690200805664,-0.11096243560314178,0.7850000262260437,0,0.10169606655836105,0,268.4551243125797,1.3155995607376099,6.5867938995361328,1.3147518634796143
33.479986779391766,-1.5732322931289673,68.937660217285156,-1.5738965272903442,-0.075879327952861786,-76.296661376953125,-0.0758708268404007,0.7850000262260437,0,0.10498324036598206,0,268.4551243125797,1.378233790397644,6.6160573959350586,1.377346396446228
33.49998677149415,-1.5747148990631104,67.411087036132813,-1.5753790140151978,-0.039855595678091049,-76.323760986328125,-0.039870269596576691,0.7850000262260437,0,0.10620813816785812,0,268.4551243125797,1.4139320850372314,6.6370453834533691,1.413022518157959
33.519986763596535,-1.574724555015564,65.884086608886719,-1.5753893852233887,-0.0036187358200550079,-76.350570678710938,-0.0036566890776157379,0.7850000262260437,0,0.10536308586597443,0,268.4551243125797,1.422297477722168,6.648681640625,1.4213837385177612
33.539986755698919,-1.5732783079147339,64.356658935546875,-1.5739450454711914,0.032137028872966766,-76.377326965332031,0.032076109200716019,0.7850000262260437,0,0.10248271375894547,0,268.4551243125797,1.4034143686294556,6.6506152153015137,1.4025130271911621
33.559986747801304,-1.5704209804534912,62.828792572021484,-1.5710903406143188,0.066731393337249756,-76.4042739868164,0.066648274660110474,0.7850000262260437,0,0.097641915082931519,0,268.4551243125797,1.3578296899795532,6.64326286315918,1.356958270072937
33.579986739903688,-1.5662236213684082,61.300457000732422,-1.5668966770172119,0.0995095819234848,-76.4316177368164,0.0994054526090622,0.7850000262260437,0,0.0909493938088417,0,268.4551243125797,1.2865444421768188,6.627716064453125,1.2857198715209961
33.599986732006073,-1.5607826709747314,59.771625518798828,-1.5614601373672485,0.12985354661941528,-76.459518432617188,0.12973000109195709,0.7850000262260437,0,0.082550913095474243,0,268.4551243125797,1.1910009384155273,6.6056966781616211,1.1902390718460083
33.619986724108458,-1.55421781539917,58.242252349853516,-1.5549004077911377,0.15719300508499146,-76.488090515136719,0.15705202519893646,0.7850000262260437,0,0.072625532746315,0,268.4551243125797,1.0730744600296021,6.5793929100036621,1.072390079498291
33.639986716210842,-1.5466699600219727,56.712295532226563,-1.5473583936691284,0.18101617693901062,-76.517379760742188,0.18086005747318268,0.7850000262260437,0,0.0613788403570652,0,268.4551243125797,0.935059666633606,6.5512833595275879,0.93446582555770874
33.659986708313227,-1.538298487663269,55.181709289550781,-1.538993239402771,0.2008797824382782,-76.54736328125,0.20071113109588623,0.7850000262260437,0,0.049041334539651871,0,268.4551243125797,0.7796471118927002,6.523951530456543,0.77915525436401367
33.679986700415611,-1.52927827835083,53.650459289550781,-1.5299798250198364,0.21641850471496582,-76.577964782714844,0.21624016761779785,0.7850000262260437,0,0.035863179713487625,0,268.4551243125797,0.60989534854888916,6.4998869895935059,0.60951519012451172
33.699986692517996,-1.5197962522506714,52.118507385253906,-1.5205048322677612,0.22735296189785004,-76.609039306640625,0.22716796398162842,0.7850000262260437,0,0.022108323872089386,0,268.4551243125797,0.42917758226394653,6.4813017845153809,0.42891651391983032
33.71998668462038,-1.5100471973419189,50.585842132568359,-1.5107628107070923,0.23349633812904358,-76.6404037475586,0.2333078533411026,0.7850000262260437,0,0.0080455569550395012,0,268.4551243125797,0.24112755060195923,6.4699201583862305,0.24099060893058777
33.739986676722765,-1.500230073928833,49.052444458007813,-1.5009529590606689,0.23475876450538635,-76.671844482421875,0.23457002639770508,0.7850000262260437,0,0.0060397149063646793,0,268.4551243125797,0.049550194293260574,6.4669218063354492,0.049540091305971146
33.75998666882515,-1.4905441999435425,47.5183219909668,-1.4912742376327515,0.23114965856075287,-76.703132629394531,0.23096390068531036,0.7850000262260437,0,0.019861433655023575,0,268.4551243125797,-0.14165742695331573,6.4727864265441895,-0.1415407657623291
33.779986660927534,-1.4811844825744629,45.983486175537109,-1.4819214344024658,0.22277739644050598,-76.734046936035156,0.22259777784347534,0.7850000262260437,0,0.033174116164445877,0,268.4551243125797,-0.3286115825176239,6.4873156547546387,-0.32837066054344177
33.799986653029919,-1.4723377227783203,44.447967529296875,-1.4730812311172485,0.20984642207622528,-76.764396667480469,0.20967598259449005,0.7850000262260437,0,0.045704599469900131,0,268.4551243125797,-0.50754070281982422,6.5096139907836914,-0.50718045234680176
33.8199866451323,-1.4641786813735962,42.911796569824219,-1.4649282693862915,0.19265203177928925,-76.794021606445313,0.19249361753463745,0.7850000262260437,0,0.05722220242023468,0,268.4551243125797,-0.67487990856170654,6.5382075309753418,-0.674407958984375
33.839986637234688,-1.4568668603897095,41.375015258789063,-1.4576219320297241,0.17157281935214996,-76.822807312011719,0.17142903804779053,0.7850000262260437,0,0.067505225539207458,0,268.4551243125797,-0.82735931873321533,6.5711507797241211,-0.82678532600402832
33.859986629337072,-1.4505432844161987,39.837669372558594,-1.4513031244277954,0.14706142246723175,-76.850700378417969,0.14693455398082733,0.7850000262260437,0,0.076359264552593231,0,268.4551243125797,-0.96207296848297119,6.6061768531799316,-0.96140885353088379
33.879986621439457,-1.4453279972076416,38.299808502197266,-1.4460917711257935,0.119633749127388,-76.8777084350586,0.11952576041221619,0.7850000262260437,0,0.083625331521034241,0,268.4551243125797,-1.0765365362167358,6.6409039497375488,-1.0757955312728882
33.899986613541842,-1.4413176774978638,36.7614631652832,-1.4420846700668335,0.089857392013072968,-76.903892517089844,0.0897698625922203,0.7850000262260437,0,0.089174643158912659,0,268.4551243125797,-1.1687225103378296,6.6730179786682129,-1.1679196357727051
33.919986605644226,-1.4385849237442017,35.222679138183594,-1.439354419708252,0.058339480310678482,-76.92938232421875,0.058273576200008392,0.7850000262260437,0,0.092910230159759521,0,268.4551243125797,-1.2370786666870117,6.7004251480102539,-1.2362297773361206
33.939986597746611,-1.4371765851974487,33.683475494384766,-1.4379475116729736,0.02571423351764679,-76.954338073730469,0.025670707225799561,0.7850000262260437,0,0.09477650374174118,0,268.4551243125797,-1.2805415391921997,6.7214508056640625,-1.2796632051467896
33.959986589848995,-1.4371129274368286,32.143871307373047,-1.4378845691680908,-0.0073691792786121368,-76.97894287109375,-0.0073900371789932251,0.7850000262260437,0,0.0947500467300415,0,268.4551243125797,-1.2985246181488037,6.734961986541748,-1.2976348400115967
33.97998658195138,-1.438388466835022,30.603866577148438,-1.4391597509384155,-0.0402587428689003,-77.003410339355469,-0.04025707021355629,0.7850000262260437,0,0.092849820852279663,0,268.4551243125797,-1.2909159660339355,6.740394115447998,-1.2900316715240479
33.999986574053764,-1.4409713745117188,29.063455581665039,-1.4417414665222168,-0.072311319410800934,-77.027946472167969,-0.072287701070308685,0.7850000262260437,0,0.089128449559211731,0,268.4551243125797,-1.2580642700195313,6.73784875869751,-1.2572028636932373
34.019986566156149,-1.4448045492172241,27.522624969482422,-1.4455726146697998,-0.10290411114692688,-77.052734375,-0.10285954922437668,0.7850000262260437,0,0.08367455005645752,0,268.4551243125797,-1.2007677555084229,6.7280411720275879,-1.1999456882476807
34.039986558258533,-1.4498071670532227,25.981344223022461,-1.4505722522735596,-0.13144576549530029,-77.077919006347656,-0.13138167560100555,0.7850000262260437,0,0.076614335179328918,0,268.4551243125797,-1.12026047706604,6.712244987487793,-1.1194941997528076
34.059986550360918,-1.4558756351470947,24.4395809173584,-1.456636905670166,-0.1573871374130249,-77.1036148071289,-0.15730533003807068,0.7850000262260437,0,0.068099945783615112,0,268.4551243125797,-1.0181995630264282,6.69216775894165,-1.0175039768218994
34.0799865424633,-1.462885856628418,22.897304534912109,-1.4636428356170654,-0.18023166060447693,-77.1298828125,-0.18013428151607513,0.7850000262260437,0,0.058312397450208664,0,268.4551243125797,-0.89664793014526367,6.66983699798584,-0.896036684513092
34.099986534565687,-1.470695972442627,21.354475021362305,-1.4714481830596924,-0.19954510033130646,-77.156723022460938,-0.19943460822105408,0.7850000262260437,0,0.047457002103328705,0,268.4551243125797,-0.75805294513702393,6.647425651550293,-0.7575380802154541
34.119986526668072,-1.4791487455368042,19.811061859130859,-1.4798958301544189,-0.21496449410915375,-77.18408203125,-0.21484358608722687,0.7850000262260437,0,0.035763304680585861,0,268.4551243125797,-0.60521125793457031,6.6270785331726074,-0.604802668094635
34.139986518770456,-1.4880751371383667,18.267032623291016,-1.488816499710083,-0.22620590031147003,-77.21185302734375,-0.22607749700546265,0.7850000262260437,0,0.023468535393476486,0,268.4551243125797,-0.44122558832168579,6.6107368469238281,-0.44093143939971924
34.159986510872841,-1.4972970485687256,16.722373962402344,-1.4980325698852539,-0.23307082056999207,-77.239898681640625,-0.23293797671794891,0.7850000262260437,0,0.010825149714946747,0,268.4551243125797,-0.26944810152053833,6.6000051498413086,-0.26927393674850464
34.179986502975225,-1.5066319704055786,15.177069664001465,-1.5073616504669189,-0.23545068502426147,-77.268051147460938,-0.23531652987003326,0.7850000262260437,0,0.0019223655108362436,0,268.4551243125797,-0.093409441411495209,6.5960140228271484,-0.093358322978019714
34.19998649507761,-1.515896201133728,13.631122589111328,-1.51662015914917,-0.23332935571670532,-77.296112060546875,-0.23319706320762634,0.7850000262260437,0,0.014501340687274933,0,268.4551243125797,0.083262041211128235,6.5993447303771973,0.083189353346824646
34.219986487179995,-1.5249090194702148,12.084542274475098,-1.5256272554397583,-0.22678340971469879,-77.323905944824219,-0.22665606439113617,0.7850000262260437,0,0.026673642918467522,0,268.4551243125797,0.25692874193191528,6.60999059677124,0.2567342221736908
34.239986479282379,-1.5334960222244263,10.537345886230469,-1.5342086553573608,-0.21597996354103088,-77.35125732421875,-0.21586057543754578,0.7850000262260437,0,0.038191407918930054,0,268.4551243125797,0.42403516173362732,6.6273512840271,0.42372295260429382
34.259986471384764,-1.5414930582046509,8.98956298828125,-1.5422008037567139,-0.20117244124412537,-77.378021240234375,-0.20106382668018341,0.7850000262260437,0,0.048836641013622284,0,268.4551243125797,0.581195592880249,6.6503133773803711,0.58077257871627808
34.279986463487148,-1.548749566078186,7.4412264823913574,-1.5494530200958252,-0.18269407749176025,-77.404098510742188,-0.18259882926940918,0.7850000262260437,0,0.058400284498929977,0,268.4551243125797,0.72527611255645752,6.6773247718811035,0.72475159168243408
34.299986455589533,-1.5551316738128662,5.8923726081848145,-1.5558313131332397,-0.16094973683357239,-77.429428100585938,-0.16087016463279724,0.7850000262260437,0,0.066699855029582977,0,268.4551243125797,0.85346591472625732,6.7065448760986328,0.85285079479217529
34.319986447691917,-1.5605239868164063,4.3430385589599609,-1.5612205266952515,-0.1364063024520874,-77.454010009765625,-0.13634437322616577,0.7850000262260437,0,0.073579534888267517,0,268.4551243125797,0.96333026885986328,6.7359709739685059,0.96263766288757324
34.3399864397943,-1.564832329750061,2.7932593822479248,-1.5655266046524048,-0.10958199203014374,-77.477890014648438,-0.10953933000564575,0.7850000262260437,0,0.078916817903518677,0,268.4551243125797,1.0528545379638672,6.7636404037475586,1.052098274230957
34.359986431896687,-1.5679850578308105,1.243065357208252,-1.5686780214309692,-0.0810350552201271,-77.501152038574219,-0.081012874841690063,0.7850000262260437,0,0.082614503800868988,0,268.4551243125797,1.1204677820205688,6.7877445220947266,1.1196638345718384
34.379986423999071,-1.5680563449859619,1.1864044666290283,-1.5687493085861206,-0.051352076232433319,-0.00084686279296875,-0.051351189613342285,0.7850000262260437,0,1.6403641700744629,0,268.4551243125797,1.1650574207305908,6.8067941665649414,1.1642216444015503
34.399986416101456,-1.5699186325073242,1.1860860586166382,-1.5706177949905396,-0.061330143362283707,-0.0071473177522420883,-0.061515942215919495,0.7850000262260437,0,1.5709927082061768,0,268.4551243125797,5.0766440836014226E-05,-5.9856929510715418E-06,5.0754930271068588E-05
34.41998640820384,-1.5723546743392944,1.1857345104217529,-1.5733686685562134,-0.069193482398986816,-0.0077252513729035854,-0.06981174647808075,0.7850000262260437,0,1.5783265829086304,0,268.4551243125797,6.8860346800647676E-05,-7.5349398684920743E-06,6.9065681600477546E-05
34.439986400306225,-1.5747939348220825,1.185477614402771,-1.5761284828186035,-0.077391199767589569,-0.009195980615913868,-0.0781463086605072,0.7850000262260437,0,1.575864315032959,0,268.4551243125797,8.7382046331185848E-05,-9.1981628429493867E-06,8.8140899606514722E-05
34.459986392408609,-1.5778180360794067,1.1851789951324463,-1.578916072845459,-0.085611417889595032,-0.010646766051650047,-0.087259277701377869,0.7850000262260437,0,1.5752907991409302,0,268.4551243125797,0.00010970575385726988,-1.1130339771625586E-05,0.00011077890667365864
34.479986384510994,-1.5811593532562256,1.1848297119140625,-1.5820102691650391,-0.094551846385002136,-0.01193070225417614,-0.095922164618968964,0.7850000262260437,0,1.5770714282989502,0,268.4551243125797,0.00013500642671715468,-1.3194281564210542E-05,0.00013757958367932588
34.499986376613379,-1.5848106145858765,1.184349536895752,-1.5857092142105103,-0.10355151444673538,-0.013056875206530094,-0.10494224727153778,0.7850000262260437,0,1.5814735889434814,0,268.4551243125797,0.00016436277655884624,-1.5289766452042386E-05,0.00016669317847117782
34.519986368715763,-1.5887972116470337,1.1837842464447021,-1.5897437334060669,-0.11305923014879227,-0.015259082429111004,-0.11444965004920959,0.7850000262260437,0,1.5800286531448364,0,268.4551243125797,0.00019649535533972085,-1.7127871615230106E-05,0.00019904143118765205
34.539986360818148,-1.593143105506897,1.1831414699554443,-1.5941306352615356,-0.12324660271406174,-0.017600832507014275,-0.12443172186613083,0.7850000262260437,0,1.5796517133712769,0,268.4551243125797,0.00023465346021112055,-1.8802758859237656E-05,0.00023744552163407207
34.559986352920532,-1.5981389284133911,1.1823254823684692,-1.5988811254501343,-0.13359485566616058,-0.0195844154804945,-0.13500487804412842,0.7850000262260437,0,1.5834628343582153,0,268.4551243125797,0.0002788629790302366,-2.0232739188941196E-05,0.00028147405828349292
34.579986345022917,-1.6029460430145264,1.1814877986907959,-1.6043111085891724,-0.14464485645294189,-0.022505732253193855,-0.1457468569278717,0.7850000262260437,0,1.5831773281097412,0,268.4551243125797,0.00032726881909184158,-2.0900683011859655E-05,0.0003305472491774708
34.5999863371253,-1.60845947265625,1.180638313293457,-1.6095740795135498,-0.15614493191242218,-0.026048183441162109,-0.157378152012825,0.7850000262260437,0,1.5812495946884155,0,268.4551243125797,0.00038400763878598809,-2.1133171685505658E-05,0.000386869563953951
34.619986329227686,-1.6144006252288818,1.1795667409896851,-1.6155458688735962,-0.16856478154659271,-0.029218446463346481,-0.16941237449645996,0.7850000262260437,0,1.58368718624115,0,268.4551243125797,0.00044900737702846527,-2.0879655494354665E-05,0.0004524948017206043
34.63998632133007,-1.6207910776138306,1.1783381700515747,-1.621975302696228,-0.18132355809211731,-0.033502142876386642,-0.18243402242660522,0.7850000262260437,0,1.5835081338882446,0,268.4551243125797,0.00052234751638025045,-1.9103288650512695E-05,0.00052499625599011779
34.659986313432455,-1.6276581287384033,1.176952600479126,-1.6288826465606689,-0.1947593092918396,-0.037750538438558578,-0.19591619074344635,0.7850000262260437,0,1.5854858160018921,0,268.4551243125797,0.00060609931824728847,-1.555564085720107E-05,0.00060976628446951509
34.67998630553484,-1.6353040933609009,1.1752396821975708,-1.6362787485122681,-0.20901875197887421,-0.042736012488603592,-0.21021382510662079,0.7850000262260437,0,1.5877476930618286,0,268.4551243125797,0.00070020934799686074,-9.9000317277386785E-06,0.00070431525819003582
34.699986297637224,-1.6431982517242432,1.1734145879745483,-1.6442248821258545,-0.22396890819072723,-0.049664851278066635,-0.22551235556602478,0.7850000262260437,0,1.5854518413543701,0,268.4551243125797,0.00080698181409388781,-5.8476871345192194E-07,0.00081140268594026566
34.719986289739609,-1.6516565084457397,1.171367883682251,-1.6527372598648071,-0.23995135724544525,-0.056038308888673782,-0.24160365760326385,0.7850000262260437,0,1.5875804424285889,0,268.4551243125797,0.0009317664080299437,1.2156393495388329E-05,0.00093767681391909719
34.739986281841993,-1.66070556640625,1.1690447330474854,-1.6618355512619019,-0.25682550668716431,-0.063230685889720917,-0.25835734605789185,0.7850000262260437,0,1.589785099029541,0,268.4551243125797,0.0010709937196224928,2.927592140622437E-05,0.00107761996332556
34.759986273944378,-1.6706488132476807,1.1662330627441406,-1.6715332269668579,-0.27462032437324524,-0.071437686681747437,-0.27601343393325806,0.7850000262260437,0,1.5926620960235596,0,268.4551243125797,0.0012282395036891103,5.2364164730533957E-05,0.0012347019510343671
34.779986266046762,-1.6809588670730591,1.1630167961120605,-1.6821691989898682,-0.2935638427734375,-0.082299686968326569,-0.2946992814540863,0.7850000262260437,0,1.5920865535736084,0,268.4551243125797,0.0014059088425710797,8.4365601651370525E-05,0.001411820063367486
34.799986258149147,-1.6919876337051392,1.1596038341522217,-1.6932326555252075,-0.31305736303329468,-0.092698067426681519,-0.31429430842399597,0.7850000262260437,0,1.5948543548583984,0,268.4551243125797,0.0016125055262818933,0.00012725548003800213,0.0016176694771274924
34.819986250251532,-1.7037441730499268,1.1556788682937622,-1.705018162727356,-0.333924263715744,-0.10675027221441269,-0.33497542142868042,0.7850000262260437,0,1.5932440757751465,0,268.4551243125797,0.0018402981804683805,0.00017985067097470164,0.0018459836719557643
34.839986242353916,-1.7162724733352661,1.1513116359710693,-1.717572808265686,-0.355709046125412,-0.11829531192779541,-0.35687604546546936,0.7850000262260437,0,1.5999811887741089,0,268.4551243125797,0.0021061701700091362,0.00024920993018895388,0.0021111620590090752
34.8599862344563,-1.7298390865325928,1.1460394859313965,-1.7308746576309204,-0.37874138355255127,-0.13559110462665558,-0.37986493110656738,0.7850000262260437,0,1.6001074314117432,0,268.4551243125797,0.0023906063288450241,0.00033351319143548608,0.0023957611992955208
34.879986226558685,-1.7439751625061035,1.1400878429412842,-1.7452983856201172,-0.4032571017742157,-0.15465858578681946,-0.40352714061737061,0.7850000262260437,0,1.6012063026428223,0,268.4551243125797,0.0027245341334491968,0.00044670811621472239,0.0027287604752928019
34.89998621866107,-1.7590441703796387,1.1336438655853271,-1.7603532075881958,-0.42844429612159729,-0.17500713467597961,-0.42829415202140808,0.7850000262260437,0,1.603421688079834,0,268.4551243125797,0.0031039116438478231,0.00058948463993147016,0.0031036159489303827
34.919986210763454,-1.7749762535095215,1.126042366027832,-1.7765411138534546,-0.45562955737113953,-0.19730383157730103,-0.45484969019889832,0.7850000262260437,0,1.6079399585723877,0,268.4551243125797,0.003524670610204339,0.00076340348459780216,0.003521535312756896
34.939986202865839,-1.7919117212295532,1.11770761013031,-1.7934478521347046,-0.48242762684822083,-0.22649405896663666,-0.48146730661392212,0.7850000262260437,0,1.6057709455490112,0,268.4551243125797,0.0039938329719007015,0.00098250992596149445,0.0039876219816505909
34.959986194968224,-1.8096266984939575,1.1086099147796631,-1.8114265203475952,-0.50989896059036255,-0.25811693072319031,-0.5095563530921936,0.7850000262260437,0,1.6047483682632446,0,268.4551243125797,0.0045348550193011761,0.0012577787274494767,0.0045278691686689854
34.979986187070608,-1.8285824060440063,1.0979984998703003,-1.8303713798522949,-0.53984528779983521,-0.28848406672477722,-0.54011207818984985,0.7850000262260437,0,1.611627459526062,0,268.4551243125797,0.0051358533091843128,0.0015923139872029424,0.0051327371038496494
34.999986179172993,-1.8485773801803589,1.0859699249267578,-1.8503490686416626,-0.57029861211776733,-0.32683753967285156,-0.57023227214813232,0.7850000262260437,0,1.6136014461517334,0,268.4551243125797,0.0057849832810461521,0.0019984515383839607,0.005784464068710804
35.019986171275377,-1.8696532249450684,1.0724180936813354,-1.8714033365249634,-0.6018415093421936,-0.36826589703559875,-0.60124927759170532,0.7850000262260437,0,1.6176133155822754,0,268.4551243125797,0.0065238713286817074,0.0025058011524379253,0.0065211146138608456
35.039986163377762,-1.8917956352233887,1.0570886135101318,-1.8935295343399048,-0.63345551490783691,-0.41651561856269836,-0.6327548623085022,0.7850000262260437,0,1.6200058460235596,0,268.4551243125797,0.0073341033421456814,0.0031218579970300198,0.0073291831649839878
35.059986155480146,-1.9150409698486328,1.0398595333099365,-1.9167684316635132,-0.66554218530654907,-0.46761307120323181,-0.665372908115387,0.7850000262260437,0,1.6254820823669434,0,268.4551243125797,0.0082339625805616379,0.003878108924254775,0.0082302819937467575
35.079986147582531,-1.9393740892410278,1.0213130712509155,-1.9411042928695679,-0.69019049406051636,-0.54532301425933838,-0.69039559364318848,0.7850000262260437,0,1.6090009212493896,0,268.4551243125797,0.0092042181640863419,0.0047860066406428814,0.0092044677585363388
35.099986139684916,-1.9647369384765625,0.999441385269165,-1.966452956199646,-0.729473352432251,-0.59125643968582153,-0.73063182830810547,0.7850000262260437,0,1.6336021423339844,0,268.4551243125797,0.010375242680311203,0.0059530646540224552,0.010377265512943268
35.1199861317873,-1.99114990234375,0.97488188743591309,-1.992824912071228,-0.75978344678878784,-0.66512852907180786,-0.76042020320892334,0.7850000262260437,0,1.6371686458587646,0,268.4551243125797,0.011440783739089966,0.0072016473859548569,0.011441661976277828
35.139986123889685,-2.0185301303863525,0.94733899831771851,-2.0201258659362793,-0.78982150554656982,-0.74642294645309448,-0.78998255729675293,0.7850000262260437,0,1.6421153545379639,0,268.4551243125797,0.012692393735051155,0.00880160741508007,0.012681525200605392
35.159986115992069,-2.0468006134033203,0.91645127534866333,-2.0482571125030518,-0.81631755828857422,-0.83760130405426025,-0.81599700450897217,0.7850000262260437,0,1.6458637714385986,0,268.4551243125797,0.014019404537975788,0.010706976056098938,0.013991245999932289
35.179986108094454,-2.0758488178253174,0.881890058517456,-2.0770785808563232,-0.840580940246582,-0.93812882900238037,-0.83908659219741821,0.7850000262260437,0,1.6501834392547607,0,268.4551243125797,0.015429305844008923,0.012988689355552197,0.015371864661574364
35.199986100196838,-2.1056008338928223,0.84385550022125244,-2.1067101955413818,-0.85667276382446289,-1.0589054822921753,-0.85378193855285645,0.7850000262260437,0,1.6468400955200195,0,268.4551243125797,0.016896307468414307,0.015691805630922318,0.01679123193025589
35.219986092299223,-2.1357502937316895,0.80091094970703125,-2.1363959312438965,-0.87811583280563354,-1.1697649955749512,-0.87193691730499268,0.7850000262260437,0,1.6594474315643311,0,268.4551243125797,0.018467281013727188,0.018955878913402557,0.018300162628293037
35.239986084401608,-2.166471004486084,0.75371062755584717,-2.166304349899292,-0.88031488656997681,-1.3124030828475952,-0.87017542123794556,0.7850000262260437,0,1.6555241346359253,0,268.4551243125797,0.019906757399439812,0.022611035034060478,0.019654111936688423
35.259986076503992,-2.196540355682373,0.70054948329925537,-2.195720911026001,-0.865450382232666,-1.4677026271820068,-0.85417503118515015,0.7850000262260437,0,1.6486907005310059,0,268.4551243125797,0.021438205614686012,0.027092330157756805,0.021071156486868858
35.279986068606377,-2.2264420986175537,0.64215457439422607,-2.2245376110076904,-0.88086932897567749,-1.5994353294372559,-0.86461538076400757,0.7850000262260437,0,1.6745257377624512,0,268.4551243125797,0.022896388545632362,0.0324149951338768,0.02238527312874794
35.299986060708761,-2.25593900680542,0.57837635278701782,-2.252565860748291,-0.86772572994232178,-1.7589219808578491,-0.84617620706558228,0.7850000262260437,0,1.6843681335449219,0,268.4551243125797,0.023873591795563698,0.037849433720111847,0.023153213784098625
35.319986052811146,-2.284543514251709,0.50894176959991455,-2.2792038917541504,-0.856512725353241,-1.9194004535675049,-0.82669621706008911,0.7850000262260437,0,1.70289945602417,0,268.4551243125797,0.024712344631552696,0.044288560748100281,0.023685015738010406
35.33998604491353,-2.3121249675750732,0.43370884656906128,-2.3041229248046875,-0.84575426578521729,-2.0785672664642334,-0.805709183216095,0.7850000262260437,0,1.7300654649734497,0,268.4551243125797,0.02510715089738369,0.051211796700954437,0.023661023005843163
35.359986037015915,-2.3385169506073,0.35281962156295776,-2.3268568515777588,-0.83682417869567871,-2.2374582290649414,-0.78267484903335571,0.7850000262260437,0,1.7648491859436035,0,268.4551243125797,0.024941721931099892,0.058473479002714157,0.022906174883246422
35.3799860291183,-2.3637144565582275,0.26634496450424194,-2.3467836380004883,-0.830723762512207,-2.3947696685791016,-0.755312442779541,0.7850000262260437,0,1.8067871332168579,0,268.4551243125797,0.024170618504285812,0.065873883664608,0.021286364644765854
35.399986021220684,-2.3875951766967773,0.17441527545452118,-2.3632919788360596,-0.82848143577575684,-2.54782772064209,-0.71985161304473877,0.7850000262260437,0,1.8553482294082642,0,268.4551243125797,0.022771049290895462,0.073143720626831055,0.018625795841217041
35.419986013323069,-2.4103150367736816,0.07724473625421524,-2.3753256797790527,-0.82500851154327393,-2.6923866271972656,-0.67748880386352539,0.7850000262260437,0,1.9100444316864014,0,268.4551243125797,0.020793795585632324,0.079967886209487915,0.014738965779542923
35.439986005425453,-2.4114165306091309,0.06728256493806839,-2.3764505386352539,-0.34969693422317505,-0.50242525339126587,-0.37763407826423645,0.7850000262260437,0,2.3449077606201172,0,268.4551243125797,0.018192790448665619,0.085921920835971832,0.009580579586327076
35.459985997527838,-2.4122209548950195,-0.011259023100137711,-2.3865892887115479,-0.34963008761405945,-0.69797754287719727,-0.3775043785572052,0.7850000262260437,0,2.3095035552978516,0,268.4551243125797,0.0026242155581712723,0.025418378412723541,0.00509035075083375
35.479985989630222,-2.4093325138092041,0.030750244855880737,-2.3876290321350098,-0.16019098460674286,0.74842512607574463,-0.031547237187623978,0.7850000262260437,0,1.6643519401550293,0,268.4551243125797,-4.0737912058830261E-05,0.029002413153648376,0.0036942309234291315
35.499985981732607,-2.4095172882080078,0.029871925711631775,-2.3893964290618896,-0.12872414290905,0.64503133296966553,0.0070521105080842972,0.7850000262260437,0,1.5909074544906616,0,268.4551243125797,0.00015619410260114819,-0.00085369072621688247,0.00017512765771243721
35.519985973834991,-2.4078903198242188,0.029137276113033295,-2.3906569480895996,-0.14259913563728333,0.52725660800933838,-0.016169646754860878,0.7850000262260437,0,1.6438912153244019,0,268.4551243125797,0.00016964104725047946,-0.00068461027694866061,0.00010547588317422196
35.539985965937376,-2.407231330871582,0.02859102189540863,-2.3919098377227783,-0.1188042089343071,0.42045897245407104,-0.0046588177792727947,0.7850000262260437,0,1.6202890872955322,0,268.4551243125797,0.00012631333083845675,-0.0004369369416963309,7.3059985879808664E-05
35.559985958039761,-2.4073586463928223,0.027945078909397125,-2.39327335357666,-0.090054951608181,0.3077322244644165,0.011799078434705734,0.7850000262260437,0,1.5796859264373779,0,268.4551243125797,8.4340412286110222E-05,-0.00028955866582691669,5.33306083525531E-05
35.579985950142145,-2.4066505432128906,0.02793218195438385,-2.3942584991455078,-0.087237820029258728,0.20035301148891449,0.017306327819824219,0.7850000262260437,0,1.629144549369812,0,268.4551243125797,4.0400271245744079E-05,-0.0001479126513004303,3.08966264128685E-05
35.59998594224453,-2.4051988124847412,0.02773507684469223,-2.3957967758178711,-0.065833300352096558,0.090899914503097534,0.036112792789936066,0.7850000262260437,0,1.5964689254760742,0,268.4551243125797,2.3646320187253878E-05,-6.7085609771311283E-05,1.1032610018446576E-05
35.619985934346914,-2.40432071685791,0.0277424156665802,-2.3965823650360107,-0.049606874585151672,-0.019267154857516289,0.053411062806844711,0.7850000262260437,0,1.5558956861495972,0,268.4551243125797,5.9417484408186283E-06,-1.3504861271940172E-05,1.1253328011662234E-06
35.6399859264493,-2.402564525604248,0.027888186275959015,-2.3972432613372803,-0.010747790336608887,-0.12447723746299744,0.091794416308403015,0.7850000262260437,0,1.3276122808456421,0,268.4551243125797,5.4316831210599048E-07,1.2525574675237294E-06,-1.256099949387135E-06
35.659985918551683,-2.4014129638671875,0.028286382555961609,-2.3978958129882813,-0.014036809094250202,-0.23614007234573364,0.092119462788105011,0.7850000262260437,0,1.4959578514099121,0,268.4551243125797,-6.73300564812962E-06,3.0191722544259392E-05,-1.1182985872437712E-05
35.679985910654068,-2.4007599353790283,0.028801359236240387,-2.39776611328125,0.00057714944705367088,-0.34572193026542664,0.11402897536754608,0.7850000262260437,0,1.4816650152206421,0,268.4551243125797,-1.846865052357316E-05,9.30893438635394E-05,-2.765552926575765E-05
35.699985902756453,-2.3994979858398438,0.029356062412261963,-2.3991434574127197,0.016897339373826981,-0.45761749148368835,0.13940273225307465,0.7850000262260437,0,1.4559143781661987,0,268.4551243125797,-3.8397171010728925E-05,0.00019572649034671485,-5.5073214753065258E-05
35.719985894858837,-2.3976569175720215,0.030088864266872406,-2.3996152877807617,0.016273653134703636,-0.57206940650939941,0.13998870551586151,0.7850000262260437,0,1.4781196117401123,0,268.4551243125797,-6.68530265102163E-05,0.00034797235275618732,-9.2053276603110135E-05
35.739985886961222,-2.3960914611816406,0.031154990196228027,-2.3994579315185547,0.0195159874856472,-0.68180656433105469,0.15277303755283356,0.7850000262260437,0,1.4634048938751221,0,268.4551243125797,-0.0001082476373994723,0.00054238474695011973,-0.00011622752936091274
35.759985879063606,-2.3934473991394043,0.032148957252502441,-2.40000319480896,0.00805827509611845,-0.79866373538970947,0.14965705573558807,0.7850000262260437,0,1.4679969549179077,0,268.4551243125797,-0.0001417016756022349,0.00074340379796922207,-0.00013887476234231144
35.779985871165991,-2.3901865482330322,0.0334324985742569,-2.4006776809692383,-0.0015030559152364731,-0.89986532926559448,0.15016745030879974,0.7850000262260437,0,1.451988697052002,0,268.4551243125797,-0.00018693451420404017,0.0010348925134167075,-0.00015262303350027651
35.799985863268375,-2.3907456398010254,0.033704299479722977,-2.3999652862548828,-0.034504588693380356,-0.0024004308506846428,0.028251009061932564,0.7850000262260437,0,1.5913896560668945,0,268.4551243125797,-0.0002102739381371066,0.0012193527072668076,-0.00013433871208690107
35.81998585537076,-2.3911099433898926,0.033766567707061768,-2.3986775875091553,-0.032204493880271912,0.00098665570840239525,0.027465235441923141,0.7850000262260437,0,1.5713578462600708,0,268.4551243125797,1.2682591659540776E-05,8.448911898994993E-07,-7.6896776590729132E-06
35.839985847473145,-2.3914117813110352,0.033785451203584671,-2.3985095024108887,-0.029706262052059174,0.0010615269420668483,0.025334710255265236,0.7850000262260437,0,1.5707935094833374,0,268.4551243125797,1.0701224709919188E-05,-2.6079837311954179E-07,-6.520225724671036E-06
35.859985839575529,-2.3918545246124268,0.033748161047697067,-2.3977375030517578,-0.030748128890991211,-0.00041447603143751621,0.026223251596093178,0.7850000262260437,0,1.5708885192871094,0,268.4551243125797,8.0184709077002481E-06,-3.2374339298257837E-07,-6.83844064042205E-06
35.879985831677914,-2.39221453666687,0.033743206411600113,-2.3975217342376709,-0.032571364194154739,-0.00097364693647250533,0.027778236195445061,0.7850000262260437,0,1.5703226327896118,0,268.4551243125797,9.7168012871406972E-06,4.3585874465179586E-08,-5.9152516769245267E-06
35.8999858237803,-2.3924176692962646,0.033791694790124893,-2.3972709178924561,-0.031796306371688843,0.00057342986110597849,0.027117166668176651,0.7850000262260437,0,1.569663405418396,0,268.4551243125797,8.3184759205323644E-06,2.0738137607168028E-07,-9.76301816990599E-06
35.919985815882683,-2.3931064605712891,0.033723760396242142,-2.3966870307922363,-0.034416846930980682,-0.0011221541790291667,0.029248487204313278,0.7850000262260437,0,1.5714056491851807,0,268.4551243125797,7.9350938904099166E-06,-2.8411014341145346E-07,-9.3022736109560356E-06
35.939985807985067,-2.3937475681304932,0.033762041479349136,-2.396141529083252,-0.032127205282449722,0.0010215094080194831,0.027276819571852684,0.7850000262260437,0,1.571871280670166,0,268.4551243125797,1.216765394929098E-05,4.0399442013949738E-07,-7.3848677857313305E-06
35.959985800087452,-2.394291877746582,0.0337812602519989,-2.3956785202026367,-0.027249159291386604,0.0018678010674193501,0.023132080212235451,0.7850000262260437,0,1.571935772895813,0,268.4551243125797,1.0583260518615134E-05,-2.0888563767584856E-07,-6.4231653595925309E-06
35.979985792189837,-2.394622802734375,0.033726416528224945,-2.3944199085235596,-0.030607214197516441,-0.0018301053205505013,0.025941077619791031,0.7850000262260437,0,1.5727291107177734,0,268.4551243125797,7.6144274316902738E-06,-3.9372520177494152E-07,-4.61984564026352E-06
35.999985784292221,-2.3951952457427979,0.033776033669710159,-2.3943676948547363,-0.025944344699382782,0.0017322443891316652,0.021989116445183754,0.7850000262260437,0,1.5720676183700562,0,268.4551243125797,9.6313306130468845E-06,6.3681397932668915E-07,-5.8412151702214032E-06
36.019985776394606,-2.3957388401031494,0.033754847943782806,-2.3943071365356445,-0.025269372388720512,0.00017237605061382055,0.021417081356048584,0.7850000262260437,0,1.5714073181152344,0,268.4551243125797,6.9720845203846693E-06,-3.9214168623402657E-07,-4.2234414650010876E-06
36.03998576849699,-2.3959240913391113,0.033760413527488708,-2.3931734561920166,-0.023290358483791351,0.00040503009222447872,0.019745759665966034,0.7850000262260437,0,1.5712597370147705,0,268.4551243125797,6.6091170083382167E-06,-5.0505803983469377E-08,-3.9998380998440553E-06
36.059985760599375,-2.3959226608276367,0.033765818923711777,-2.39304780960083,-0.017759200185537338,0.001171508920378983,0.015056418254971504,0.7850000262260437,0,1.570042610168457,0,268.4551243125797,5.5934783631528262E-06,-8.0818871595056407E-08,-3.3852343221951742E-06
36.079985752701759,-2.3962228298187256,0.033745672553777695,-2.3923900127410889,-0.017006833106279373,-8.7841857748571783E-05,0.014418543316423893,0.7850000262260437,0,1.570702075958252,0,268.4551243125797,2.5320548502349993E-06,-2.1765663404949009E-07,-2.95409472528263E-06
36.099985744804144,-2.3964769840240479,0.033772826194763184,-2.391765832901001,-0.014863346703350544,0.00028092024149373174,0.012601259164512157,0.7850000262260437,0,1.5713624954223633,0,268.4551243125797,2.2296096631180262E-06,5.3051866899522793E-08,-2.6031502784462646E-06
36.119985736906528,-2.3966822624206543,0.033762291073799133,-2.391183614730835,-0.01240820437669754,0.00027971575036644936,0.010519780218601227,0.7850000262260437,0,1.572019100189209,0,268.4551243125797,2.2249944322538795E-06,-3.970604112168985E-08,-1.3468495581037132E-06
36.139985729008913,-2.3968489170074463,0.033759798854589462,-2.3910417556762695,-0.0083299111574888229,0.00040164488018490374,0.0070607075467705727,0.7850000262260437,0,1.5721205472946167,0,268.4551243125797,1.5396719845739426E-06,-1.4812124859986397E-08,-9.3327645345198107E-07
36.1599857211113,-2.3968255519866943,0.033751394599676132,-2.3906586170196533,-0.0075853760354220867,-0.00013509388372767717,0.0064296070486307144,0.7850000262260437,0,1.5722219944000244,0,268.4551243125797,7.09248240582383E-07,-2.4189018787978966E-08,-4.2984325432371406E-07
36.179985713213682,-2.3969683647155762,0.033750325441360474,-2.3905363082885742,-0.0072113820351660252,-5.7622593885753304E-05,0.0059327431954443455,0.7850000262260437,0,1.5869150161743164,0,268.4551243125797,5.8454963891563239E-07,1.7205056934699314E-08,-3.5435454037724412E-07
36.199985705316067,-2.3975963592529297,0.03366474062204361,-2.3900837898254395,-0.016084274277091026,-0.002320731058716774,0.012495314702391624,0.7850000262260437,0,1.6157712936401367,0,268.4551243125797,5.1563591796366381E-07,8.1592990142098643E-09,-3.1156125146480917E-07
36.219985697418451,-2.3978781700134277,0.033762253820896149,-2.3898420333862305,-0.014191234484314919,0.00024027418112382293,0.012101886793971062,0.7850000262260437,0,1.5704336166381836,0,268.4551243125797,2.4262969873234397E-06,3.6444791362555407E-07,-1.4556392216036329E-06
36.239985689520836,-2.3985855579376221,0.033750150352716446,-2.3893277645111084,-0.013487226329743862,5.8566889492794871E-05,0.011501511558890343,0.7850000262260437,0,1.5710934400558472,0,268.4551243125797,1.5744133179396158E-06,-4.1450416432553538E-08,-1.848047986641177E-06
36.25998568162322,-2.3984420299530029,0.033745307475328445,-2.3893752098083496,-0.014440423808991909,-0.000320989842293784,0.012314384803175926,0.7850000262260437,0,1.5704276561737061,0,268.4551243125797,1.8512807855586288E-06,-5.1744131202013932E-10,-1.1273634754616069E-06
36.279985673725605,-2.3984317779541016,0.033763904124498367,-2.3894739151000977,-0.014153231866657734,-3.3362717658746988E-05,0.012069458141922951,0.7850000262260437,0,1.5698639154434204,0,268.4551243125797,1.6403797644670703E-06,4.36639666645533E-08,-1.9254591734352289E-06
36.29998566582799,-2.3987700939178467,0.03373897448182106,-2.3891866207122803,-0.016867322847247124,-0.00083990755956619978,0.01435741875320673,0.7850000262260437,0,1.5707759857177734,0,268.4551243125797,1.5751138562336564E-06,-1.7099020865884995E-08,-1.84687473847589E-06
36.319985657930374,-2.3984394073486328,0.033764045685529709,-2.3886368274688721,-0.015878273174166679,2.0704734197352082E-05,0.013488247059285641,0.7850000262260437,0,1.5717653036117554,0,268.4551243125797,2.5817334972089157E-06,1.2465012844131707E-07,-2.1974735773255816E-06
36.339985650032759,-2.3984456062316895,0.03376157209277153,-2.3887197971343994,-0.014884195290505886,0.00014483861741609871,0.01264380756765604,0.7850000262260437,0,1.5712035894393921,0,268.4551243125797,2.5586048195691546E-06,8.77208261584883E-09,-1.5535225657004048E-06
36.359985642135143,-2.3988080024719238,0.033748399466276169,-2.3888242244720459,-0.015933599323034286,-0.00028054928407073021,0.013535268604755402,0.7850000262260437,0,1.5705423355102539,0,268.4551243125797,2.2887509203428635E-06,-2.5625471522516818E-08,-1.3880726328352466E-06
36.379985634237528,-2.398857593536377,0.033747851848602295,-2.388871431350708,-0.017055878415703773,-0.00043865080806426704,0.014488602057099342,0.7850000262260437,0,1.5699875354766846,0,268.4551243125797,2.01110606212751E-06,3.7064449287527168E-08,-2.3519373826275114E-06
36.399985626339912,-2.3991835117340088,0.033757716417312622,-2.3885955810546875,-0.016256235539913177,0.0001212575298268348,0.013786817900836468,0.7850000262260437,0,1.570793628692627,0,268.4551243125797,2.2959866328164935E-06,5.0491234304672616E-08,-2.6824054657481611E-06
36.4199856184423,-2.3995087146759033,0.033753201365470886,-2.3883194923400879,-0.016298720613121986,-0.00012785974831786007,0.013825279660522938,0.7850000262260437,0,1.570705771446228,0,268.4551243125797,2.3917132239148486E-06,-2.1088201407337692E-08,-2.0283871435822221E-06
36.439985610544682,-2.4000673294067383,0.033779524266719818,-2.3888213634490967,-0.01378715131431818,0.00035740796010941267,0.011712414212524891,0.7850000262260437,0,1.5699676275253296,0,268.4551243125797,2.0716354356409283E-06,1.3428653744540497E-08,-2.4198752726078965E-06
36.459985602647066,-2.3999190330505371,0.033759903162717819,-2.3888726234436035,-0.01426706463098526,-0.00024986141943372786,0.012120087631046772,0.7850000262260437,0,1.5693092346191406,0,268.4551243125797,1.4732977433595806E-06,-5.2648410076017171E-08,-1.7213681076100329E-06
36.479985594749451,-2.3991718292236328,0.033761903643608093,-2.388552188873291,-0.012616375461220741,3.785756416618824E-05,0.010717795230448246,0.7850000262260437,0,1.5680896043777466,0,268.4551243125797,1.6056811773523805E-06,1.1786659648294062E-08,-1.8736287756837555E-06
36.499985586851835,-2.3994297981262207,0.033748336136341095,-2.3883340358734131,-0.012919049710035324,-0.00021318800281733274,0.010903638787567616,0.7850000262260437,0,1.5713027715682983,0,268.4551243125797,1.271502469535335E-06,4.4440611191021162E-09,-1.4803800922891241E-06
36.51998557895422,-2.3997187614440918,0.033746331930160522,-2.388089656829834,-0.014404290355741978,-0.0004202377749606967,0.01216837577521801,0.7850000262260437,0,1.5708503723144531,0,268.4551243125797,1.7082177237170981E-06,2.93991995192755E-08,-1.0287316172252758E-06
36.539985571056604,-2.40038800239563,0.033735871315002441,-2.3874459266662598,-0.018447648733854294,-0.0013353117974475026,0.015584112145006657,0.7850000262260437,0,1.5714095830917358,0,268.4551243125797,2.1327464310161304E-06,5.28843813185631E-08,-1.2844742514062091E-06
36.559985563158989,-2.4014196395874023,0.033747747540473938,-2.3873996734619141,-0.019270285964012146,-0.000313149590510875,0.016284767538309097,0.7850000262260437,0,1.5712382793426514,0,268.4551243125797,3.4907623103208607E-06,2.3570041207676695E-07,-2.1036528323747916E-06
36.579985555261374,-2.4018151760101318,0.033758465200662613,-2.3874838352203369,-0.017266927286982536,0.00047198793618008494,0.014591803774237633,0.7850000262260437,0,1.5705801248550415,0,268.4551243125797,3.8164016586961225E-06,7.2117124716442049E-08,-2.3012755718809785E-06
36.599985547363758,-2.4022037982940674,0.033737525343894958,-2.3871557712554932,-0.019502587616443634,-0.00079841597471386194,0.016465872526168823,0.7850000262260437,0,1.5710314512252808,0,268.4551243125797,2.3661580144107575E-06,-8.4985458670416847E-08,-2.7532025796972448E-06
36.619985539466143,-2.4015908241271973,0.03377879410982132,-2.3864846229553223,-0.017339471727609634,0.00019538495689630508,0.014639592729508877,0.7850000262260437,0,1.57046639919281,0,268.4551243125797,3.8875996324350126E-06,1.4382764845777274E-07,-2.3404941202898044E-06
36.639985531568527,-2.4022512435913086,0.033749248832464218,-2.3858520984649658,-0.018051395192742348,-0.00038259977009147406,0.015240640379488468,0.7850000262260437,0,1.571026086807251,0,268.4551243125797,2.3493400931329234E-06,-2.4326089587134447E-08,-2.73033106168441E-06
36.659985523670912,-2.4025824069976807,0.033744059503078461,-2.3851680755615234,-0.018569260835647583,-0.00035312250838615,0.015677889809012413,0.7850000262260437,0,1.5716825723648071,0,268.4551243125797,3.3236678973480593E-06,5.8212176412553163E-08,-2.0012446384498617E-06
36.679985515773296,-2.4022951126098633,0.033755939453840256,-2.384584903717041,-0.017982764169573784,-0.00011256740253884345,0.015177828259766102,0.7850000262260437,0,1.5718429088592529,0,268.4551243125797,3.4662796224438353E-06,8.8044892265770613E-08,-2.0898114598821849E-06
36.699985507875681,-2.4028372764587402,0.033746462315320969,-2.3845407962799072,-0.018153011798858643,-2.9648814233951271E-05,0.015321541577577591,0.7850000262260437,0,1.5717399120330811,0,268.4551243125797,3.2936902698565973E-06,3.670872672500991E-08,-1.9858339328493457E-06
36.719985499978065,-2.403562068939209,0.03372902050614357,-2.384343147277832,-0.019511539489030838,-0.00052676984341815114,0.016468191519379616,0.7850000262260437,0,1.5722907781600952,0,268.4551243125797,3.3848696148197632E-06,2.029230472544441E-08,-2.0404083898029057E-06
36.73998549208045,-2.403362512588501,0.03370322659611702,-2.3836853504180908,-0.022538814693689346,-0.0013000336475670338,0.019011681899428368,0.7850000262260437,0,1.5725820064544678,0,268.4551243125797,3.8455987123597879E-06,1.2304077756652987E-07,-2.3204320314107463E-06
36.759985484182835,-2.4040243625640869,0.033733412623405457,-2.3835625648498535,-0.023586228489875793,-0.00041295442497357726,0.019895207136869431,0.7850000262260437,0,1.5724773406982422,0,268.4551243125797,5.1591787268989719E-06,3.2714004305489652E-07,-3.1115439469431294E-06
36.779985476285219,-2.4041781425476074,0.03376375138759613,-2.3835232257843018,-0.022249998524785042,0.00042280141497030854,0.01876811683177948,0.7850000262260437,0,1.5719139575958252,0,268.4551243125797,5.6975841289386153E-06,1.369438251686006E-07,-3.4371046240266878E-06
36.799985468387604,-2.4050793647766113,0.03374205157160759,-2.3828489780426025,-0.022975001484155655,-0.0004298376152291894,0.019379699602723122,0.7850000262260437,0,1.5725754499435425,0,268.4551243125797,5.0750081754813436E-06,-8.2649449950622511E-08,-3.0581545615859795E-06
36.819985460489988,-2.4052844047546387,0.033745110034942627,-2.3816986083984375,-0.024182939901947975,-0.00068076868774369359,0.020399980247020721,0.7850000262260437,0,1.5725418329238892,0,268.4551243125797,5.3604012464347761E-06,1.2485141098750319E-07,-3.2343646125809755E-06
36.839985452592373,-2.4062304496765137,0.033736914396286011,-2.3809881210327148,-0.025237597525119781,-0.00047458457993343472,0.021289700642228127,0.7850000262260437,0,1.5732043981552124,0,268.4551243125797,5.9805470300489105E-06,2.1762234325706231E-07,-3.6082017231819918E-06
36.859985444694757,-2.4067585468292236,0.033747654408216476,-2.3805394172668457,-0.026434186846017838,-0.000568753806874156,0.02242496982216835,0.7850000262260437,0,1.5704276561737061,0,268.4551243125797,6.467852017522091E-06,1.8319903460906062E-07,-3.9077413021004759E-06
36.879985436797142,-2.4065873622894287,0.033746801316738129,-2.3803739547729492,-0.028483808040618896,-0.0013225672300904989,0.024163680151104927,0.7850000262260437,0,1.5698612928390503,0,268.4551243125797,5.4536212701350451E-06,1.089490027084139E-07,-6.3679640334157739E-06
36.899985428899527,-2.4071621894836426,0.033742226660251617,-2.3798913955688477,-0.028864961117506027,1.0449512046761811E-05,0.024384699761867523,0.7850000262260437,0,1.5719186067581177,0,268.4551243125797,6.329656571324449E-06,2.3237980428802985E-07,-7.3837245508912019E-06
36.919985421001911,-2.407376766204834,0.033758599311113358,-2.3793070316314697,-0.027343563735485077,0.00038426206447184086,0.023099500685930252,0.7850000262260437,0,1.5713632106781006,0,268.4551243125797,8.4753246483160183E-06,6.97508681923864E-08,-5.11593270857702E-06
36.939985413104296,-2.4079036712646484,0.033750131726264954,-2.378861665725708,-0.026389844715595245,0.00020043188123963773,0.022280197590589523,0.7850000262260437,0,1.5716627836227417,0,268.4551243125797,7.7455679274862632E-06,-4.9361169374151359E-08,-4.6701861720066518E-06
36.95998540520668,-2.4081428050994873,0.033754780888557434,-2.3787481784820557,-0.026293637230992317,2.0195860997773707E-05,0.02219901978969574,0.7850000262260437,0,1.5711092948913574,0,268.4551243125797,7.11951815901557E-06,-2.3622934719469413E-09,-4.29242436439381E-06
36.979985397309065,-2.4085695743560791,0.033770672976970673,-2.3779785633087158,-0.023652827367186546,0.00064208783442154527,0.01996949128806591,0.7850000262260437,0,1.571760892868042,0,268.4551243125797,7.1353529165207874E-06,-1.0146247397813113E-08,-4.2971341827069409E-06
36.999985389411449,-2.4093887805938721,0.033733367919921875,-2.3776900768280029,-0.024253958836197853,-0.00013651710469275713,0.020477054640650749,0.7850000262260437,0,1.5723115205764771,0,268.4551243125797,5.637569756800076E-06,-1.0522656168632238E-07,-3.39947541760921E-06
37.019985381513834,-2.4098601341247559,0.033761382102966309,-2.3777122497558594,-0.021356277167797089,0.00083011016249656677,0.018030650913715363,0.7850000262260437,0,1.5716443061828613,0,268.4551243125797,5.9270373640174512E-06,9.4614271972659481E-08,-3.5780826692644041E-06
37.039985373616219,-2.410714864730835,0.033746276050806046,-2.377077579498291,-0.020776297897100449,5.8917339629260823E-05,0.017541009932756424,0.7850000262260437,0,1.5723072290420532,0,268.4551243125797,4.69627593702171E-06,-1.5124594199278363E-07,-2.8309609660936985E-06
37.0599853657186,-2.410132884979248,0.033753041177988052,-2.3766176700592041,-0.021115776151418686,-0.00037961138878017664,0.017827657982707024,0.7850000262260437,0,1.5710797309875488,0,268.4551243125797,4.386216005514143E-06,3.596267106331652E-08,-2.6479638108867221E-06
37.079985357820988,-2.4105479717254639,0.033756326884031296,-2.3762667179107666,-0.020803570747375488,-1.2836222595069557E-05,0.017580114305019379,0.7850000262260437,0,1.5706279277801514,0,268.4551243125797,4.6253308028099127E-06,7.3213037410369E-08,-2.7852909170178464E-06
37.099985349923372,-2.4109911918640137,0.0337412990629673,-2.3758924007415771,-0.022187544032931328,-0.00056691566715016961,0.018731899559497833,0.7850000262260437,0,1.5710934400558472,0,268.4551243125797,3.3700259791658027E-06,-7.9051956092257569E-09,-3.9211809053085744E-06
37.119985342025757,-2.4113857746124268,0.033750321716070175,-2.3751521110534668,-0.021775675937533379,-0.00014041403483133763,0.018384208902716637,0.7850000262260437,0,1.5717604160308838,0,268.4551243125797,5.0411144911777228E-06,1.2127247828175314E-07,-3.0355042781593511E-06
37.139985334128141,-2.4121208190917969,0.03374495729804039,-2.3744549751281738,-0.021880829706788063,-0.00010721437865868211,0.018473017960786819,0.7850000262260437,0,1.57231867313385,0,268.4551243125797,4.8224251258943696E-06,6.1085152935902443E-08,-2.9079335490678204E-06
37.159985326230526,-2.41256046295166,0.033738367259502411,-2.3740835189819336,-0.022103985771536827,-0.00018232074216939509,0.018662400543689728,0.7850000262260437,0,1.5722867250442505,0,268.4551243125797,4.8743927436589729E-06,7.2774177795054129E-08,-2.9425918910419568E-06
37.179985318332911,-2.4129481315612793,0.033755660057067871,-2.3737549781799316,-0.019474320113658905,0.000581597036216408,0.016444765031337738,0.7850000262260437,0,1.5722057819366455,0,268.4551243125797,4.9736386245058384E-06,9.2850584110237833E-08,-3.0024370971659664E-06
37.199985310435295,-2.4136843681335449,0.033733479678630829,-2.3735401630401611,-0.020026359707117081,-0.00014073631609790027,0.016910944133996964,0.7850000262260437,0,1.5727674961090088,0,268.4551243125797,3.86836609322927E-06,-5.9075453862078575E-08,-2.3352799871645402E-06
37.21998530253768,-2.4140305519104004,0.033689368516206741,-2.3732471466064453,-0.026208385825157166,-0.0027163415215909481,0.02213129960000515,0.7850000262260437,0,1.5728579759597778,0,268.4551243125797,4.0732215893513057E-06,7.6074172739026835E-08,-2.4617211238364689E-06
37.239985294640064,-2.4145927429199219,0.033746302127838135,-2.3727710247039795,-0.028150569647550583,-0.00078837492037564516,0.023903271183371544,0.7850000262260437,0,1.5701318979263306,0,268.4551243125797,6.9976495069568045E-06,6.04556419148139E-07,-4.2259930523869116E-06
37.259985286742449,-2.4155285358428955,0.033750727772712708,-2.3718302249908447,-0.028194613754749298,-0.00025327218463644385,0.023918977007269859,0.7850000262260437,0,1.5705826282501221,0,268.4551243125797,6.1716327763861045E-06,1.5190619251370663E-07,-7.2092743721441366E-06
37.279985278844833,-2.4157302379608154,0.033764384686946869,-2.3715345859527588,-0.02747652493417263,0.00012512013199739158,0.02330973744392395,0.7850000262260437,0,1.5693682432174683,0,268.4551243125797,6.2478738982463256E-06,4.3076639144601359E-08,-7.2974394242919516E-06
37.299985270947218,-2.4165852069854736,0.033742286264896393,-2.3707354068756104,-0.027849053964018822,-0.00018496750271879137,0.023625729605555534,0.7850000262260437,0,1.5699316263198853,0,268.4551243125797,6.0128995755803771E-06,-1.0963052687884556E-07,-7.0075789153634105E-06
37.3199852630496,-2.4167704582214355,0.033713549375534058,-2.3705036640167236,-0.030640125274658203,-0.0013407195219770074,0.025993481278419495,0.7850000262260437,0,1.5692757368087769,0,268.4551243125797,6.0339884839777369E-06,1.2085207856671332E-07,-7.039418960630428E-06
37.339985255151987,-2.4178102016448975,0.033744584769010544,-2.3697164058685303,-0.030184678733348846,0.0001811278925742954,0.025607038289308548,0.7850000262260437,0,1.5699350833892822,0,268.4551243125797,7.3844112193910405E-06,4.0344670537706406E-07,-8.6060636022011749E-06
37.359985247254372,-2.418358325958252,0.033757969737052917,-2.3692524433135986,-0.027490895241498947,0.00079246278619393706,0.023224020376801491,0.7850000262260437,0,1.57200288772583,0,268.4551243125797,7.0747073550592177E-06,4.3504567059926558E-08,-8.2533588283695281E-06
37.379985239356756,-2.4188361167907715,0.033727750182151794,-2.3687739372253418,-0.028968192636966705,-0.00069423677632585168,0.024472074583172798,0.7850000262260437,0,1.571891188621521,0,268.4551243125797,7.7160038927104324E-06,-1.2395244652907422E-07,-4.6582968025177252E-06
37.399985231459141,-2.4193899631500244,0.033750686794519424,-2.368304967880249,-0.027700625360012054,0.0004020084161311388,0.023399421945214272,0.7850000262260437,0,1.5719298124313354,0,268.4551243125797,8.5599376689060591E-06,2.5912055434673675E-07,-5.1661791076185182E-06
37.419985223561525,-2.419558048248291,0.033765636384487152,-2.3677620887756348,-0.025068856775760651,0.00078593706712126732,0.021176334470510483,0.7850000262260437,0,1.5713716745376587,0,268.4551243125797,7.854377145122271E-06,-3.288562666625694E-08,-4.7408807404281106E-06
37.43998521566391,-2.4203996658325195,0.033727854490280151,-2.3669743537902832,-0.027072548866271973,-0.0011715813307091594,0.022868959233164787,0.7850000262260437,0,1.5719298124313354,0,268.4551243125797,6.4956802816595882E-06,-1.3919728303335432E-07,-3.9161027416412253E-06
37.459985207766294,-2.4213054180145264,0.03371940553188324,-2.3666341304779053,-0.027983788400888443,-0.00030734221218153834,0.02363874576985836,0.7850000262260437,0,1.572489857673645,0,268.4551243125797,7.4858817242784426E-06,3.6096301414545451E-07,-4.5170922930992674E-06
37.479985199868679,-2.4221014976501465,0.03378266841173172,-2.3669331073760986,-0.025662513449788094,0.00070200295886024833,0.021771367639303207,0.7850000262260437,0,1.5703703165054321,0,268.4551243125797,7.9550964073860087E-06,2.0373430231757084E-07,-4.8067686293506995E-06
37.499985191971064,-2.4226560592651367,0.033744361251592636,-2.3664629459381104,-0.027724402025341988,-0.00089938810560852289,0.023531151935458183,0.7850000262260437,0,1.570148229598999,0,268.4551243125797,5.1260603868286125E-06,-1.7772735816379281E-07,-5.9854746723431163E-06
37.519985184073448,-2.4232277870178223,0.033749166876077652,-2.3659780025482178,-0.028617650270462036,-0.00067590823164209723,0.024289747700095177,0.7850000262260437,0,1.570136547088623,0,268.4551243125797,6.0054840105294716E-06,1.784611640687217E-07,-7.0124801823112648E-06
37.539985176175833,-2.4247965812683105,0.033748224377632141,-2.3655993938446045,-0.028482807800173759,1.423846697434783E-06,0.024175241589546204,0.7850000262260437,0,1.5713562965393066,0,268.4551243125797,6.3883048824209254E-06,1.2279134864456864E-07,-7.4592094279068988E-06
37.559985168278217,-2.4250757694244385,0.0337357372045517,-2.364957332611084,-0.030520936474204063,-0.0012355967191979289,0.025905188173055649,0.7850000262260437,0,1.5707972049713135,0,268.4551243125797,8.2125070548499934E-06,3.1298423408543385E-08,-4.977649496140657E-06
37.5799851603806,-2.425987720489502,0.033751126378774643,-2.363631010055542,-0.0294576995074749,0.00032843439839780331,0.025002751499414444,0.7850000262260437,0,1.5714602470397949,0,268.4551243125797,8.486032129439991E-06,3.5223132499595522E-07,-7.2026832640403882E-06
37.599985152482986,-2.4258520603179932,0.03376220166683197,-2.3626773357391357,-0.029489327222108841,-0.00018385513976681978,0.025029648095369339,0.7850000262260437,0,1.5707982778549194,0,268.4551243125797,8.9084951468976215E-06,-1.2403629234825075E-08,-5.4006595746614039E-06
37.619985144585371,-2.4267978668212891,0.033738326281309128,-2.3619964122772217,-0.029420025646686554,-0.000247773015871644,0.024970840662717819,0.7850000262260437,0,1.5720170736312866,0,268.4551243125797,7.9333376561407931E-06,3.72917554614105E-08,-6.7336036408960354E-06
37.639985136687756,-2.4277908802032471,0.03374573215842247,-2.3612434864044189,-0.027813216671347618,0.00064506026683375239,0.023607078939676285,0.7850000262260437,0,1.5726760625839233,0,268.4551243125797,8.7198277469724417E-06,1.2901256241093506E-07,-5.2921113820048049E-06
37.65998512879014,-2.4280164241790771,0.033782385289669037,-2.3611397743225098,-0.026014078408479691,0.00043918623123317957,0.022080078721046448,0.7850000262260437,0,1.5721160173416138,0,268.4551243125797,7.8839220805093646E-06,-2.802837073545561E-08,-4.7913513299135957E-06
37.679985120892525,-2.4278688430786133,0.033751077950000763,-2.3604369163513184,-0.025073910132050514,0.00016635411884635687,0.02127327024936676,0.7850000262260437,0,1.5723146200180054,0,268.4551243125797,6.9589277700288221E-06,-1.7912077510118252E-07,-4.2240503717039246E-06
37.699985112994909,-2.4287490844726563,0.033756498247385025,-2.3597767353057861,-0.021984202787280083,0.00093855586601421237,0.018651921302080154,0.7850000262260437,0,1.5729740858078003,0,268.4551243125797,6.4050836954265833E-06,2.845854751853949E-08,-3.8879661587998271E-06
37.719985105097294,-2.4292061328887939,0.033751349896192551,-2.3593864440917969,-0.022872325032949448,-0.00047412075218744576,0.0195146631449461,0.7850000262260437,0,1.5702043771743774,0,268.4551243125797,4.9200652938452549E-06,-1.3426688383333385E-07,-2.990262601088034E-06
37.739985097199678,-2.4304077625274658,0.033744081854820251,-2.35833740234375,-0.024199215695261955,-0.00052324123680591583,0.020646728575229645,0.7850000262260437,0,1.5714294910430908,0,268.4551243125797,4.0911172618507408E-06,6.6585670310814749E-08,-4.8024185161921196E-06
37.759985089302063,-2.4305572509765625,0.0337541289627552,-2.3580904006958008,-0.025002004578709602,-0.00037760453415103257,0.021331708878278732,0.7850000262260437,0,1.5702089071273804,0,268.4551243125797,5.9634444369294215E-06,1.3815714794418454E-07,-3.6357635053718695E-06
37.779985081404448,-2.4306819438934326,0.033772710710763931,-2.3581278324127197,-0.02460380457341671,-7.4608324212022126E-06,0.020997015759348869,0.7850000262260437,0,1.5700857639312744,0,268.4551243125797,4.9747327466320712E-06,5.4557073525529631E-08,-5.8396485655975994E-06
37.799985073506832,-2.4311370849609375,0.033768210560083389,-2.3577413558959961,-0.022744622081518173,0.00057960202684625983,0.019388342276215553,0.7850000262260437,0,1.5706462860107422,0,268.4551243125797,4.6909558477636892E-06,-3.8132487389930247E-08,-5.5066147979232483E-06
37.819985065609217,-2.4315729141235352,0.033759929239749908,-2.3573696613311768,-0.021828988566994667,0.00017186223703902215,0.018607722595334053,0.7850000262260437,0,1.57064688205719,0,268.4551243125797,4.0402278500550892E-06,-1.3034795642852259E-07,-4.7425096454389859E-06
37.8399850577116,-2.4319930076599121,0.033759541809558868,-2.3570117950439453,-0.021039018407464027,0.00015857856487855315,0.017933778464794159,0.7850000262260437,0,1.5706602334976196,0,268.4551243125797,3.7183192489465E-06,-4.4499220308580334E-08,-4.3643576645990834E-06
37.859985049813986,-2.4328970909118652,0.033741012215614319,-2.3563284873962402,-0.023265121504664421,-0.00091699132462963462,0.019831284880638123,0.7850000262260437,0,1.5713212490081787,0,268.4551243125797,3.454408897596295E-06,-3.9611620650248369E-08,-4.0545660340285394E-06
37.87998504191637,-2.4329986572265625,0.033762283623218536,-2.3558309078216553,-0.021901829168200493,0.00023952494666446,0.018669234588742256,0.7850000262260437,0,1.5707594156265259,0,268.4551243125797,5.5497253015346359E-06,1.893807706210282E-07,-3.3790113320719684E-06
37.899985034018755,-2.4334168434143066,0.033760014921426773,-2.3554742336273193,-0.020945895463228226,0.00018522155005484819,0.017858115956187248,0.7850000262260437,0,1.5706549882888794,0,268.4551243125797,3.7816748772456776E-06,-5.3172957592551029E-08,-4.439511030795984E-06
37.91998502612114,-2.4338297843933105,0.033759858459234238,-2.3551220893859863,-0.020641962066292763,1.0628355084918439E-06,0.017614029347896576,0.7850000262260437,0,1.5702331066131592,0,268.4551243125797,3.4251288525410928E-06,-4.4624112405244887E-08,-4.0210084080172237E-06
37.939985018223524,-2.4342360496520996,0.0337597094476223,-2.3547756671905518,-0.020311178639531136,5.9909907577093691E-06,0.017331840470433235,0.7850000262260437,0,1.5702313184738159,0,268.4551243125797,3.3322694434900768E-06,-2.497792017663869E-08,-3.9122974158090074E-06
37.959985010325909,-2.43461537361145,0.03376547247171402,-2.3544518947601318,-0.019001806154847145,0.000306640169583261,0.016214268282055855,0.7850000262260437,0,1.570238471031189,0,268.4551243125797,3.2266461857943796E-06,-2.5097946831920126E-08,-3.7882928154431283E-06
37.979985002428293,-2.4352424144744873,0.033755317330360413,-2.3538436889648438,-0.016316581517457962,0.00052393559599295259,0.013922950252890587,0.7850000262260437,0,1.5708009004592896,0,268.4551243125797,2.8197111987537937E-06,-7.3527608890344709E-08,-3.3106546197814168E-06
37.999984994530678,-2.4360065460205078,0.033747699111700058,-2.3532795906066895,-0.016322445124387741,-8.6866719357203692E-05,0.013927946798503399,0.7850000262260437,0,1.5714603662490845,0,268.4551243125797,2.3870579752838239E-06,-5.7699395483723492E-08,-2.0368972855067113E-06
38.019984986633062,-2.4363179206848145,0.033751063048839569,-2.3530135154724121,-0.015599031001329422,6.5919615735765547E-05,0.013305199332535267,0.7850000262260437,0,1.571662425994873,0,268.4551243125797,2.7205899186810711E-06,3.2329353416571394E-08,-1.6590863651799737E-06
38.039984978735447,-2.4370682239532471,0.033745739609003067,-2.3524618148803711,-0.015549110248684883,-8.0128513218369335E-05,0.013262632302939892,0.7850000262260437,0,1.5723212957382202,0,268.4551243125797,2.5021699912031181E-06,5.5320263925295876E-09,-1.5258457324307528E-06
38.059984970837831,-2.437382698059082,0.033750098198652267,-2.3521928787231445,-0.015759183093905449,-0.000126418934087269,0.013472789898514748,0.7850000262260437,0,1.5711828470230103,0,268.4551243125797,2.4624628167657647E-06,4.7202497910348029E-08,-1.5035639080451801E-06
38.079984962940216,-2.4377181529998779,0.03374248743057251,-2.3519060611724854,-0.016820916905999184,-0.00035862420918419957,0.014367996715009212,0.7850000262260437,0,1.5716096162796021,0,268.4551243125797,2.5556032596796285E-06,2.2927844511855255E-08,-1.5608886769769015E-06
38.0999849550426,-2.4381508827209473,0.033744398504495621,-2.3519563674926758,-0.019095439463853836,-0.00073805981082841754,0.016310850158333778,0.7850000262260437,0,1.5709495544433594,0,268.4551243125797,2.9095085665176157E-06,7.0481881664363755E-08,-1.7767465578799602E-06
38.119984947144985,-2.4385566711425781,0.033740241080522537,-2.3516101837158203,-0.0202643983066082,-0.00041957636130973697,0.01728680357336998,0.7850000262260437,0,1.5715938806533813,0,268.4551243125797,3.8041162042645738E-06,1.1022160606444231E-07,-2.3198788312583929E-06
38.13998493924737,-2.4382636547088623,0.0337350070476532,-2.3518853187561035,-0.021467398852109909,-0.00052422640146687627,0.018313061445951462,0.7850000262260437,0,1.5703647136688232,0,268.4551243125797,4.2313295125495642E-06,1.0059471122758623E-07,-2.5801323317864444E-06
38.159984931349754,-2.4387032985687256,0.033723078668117523,-2.3511002063751221,-0.024280708283185959,-0.001371210440993309,0.020712971687316895,0.7850000262260437,0,1.5710208415985107,0,268.4551243125797,3.6322064715932356E-06,9.5008239497929026E-08,-4.2644073801056948E-06
38.179984923452139,-2.4391980171203613,0.033742930740118027,-2.3506782054901123,-0.024815326556563377,-0.00026631916989572346,0.02115057036280632,0.7850000262260437,0,1.5714479684829712,0,268.4551243125797,6.0146244322822895E-06,3.2953391837509116E-07,-3.6620976970880292E-06
38.199984915554523,-2.4397866725921631,0.033739034086465836,-2.350595235824585,-0.027159674093127251,-0.00093203538563102484,0.023148741573095322,0.7850000262260437,0,1.5707815885543823,0,268.4551243125797,6.3188672356773168E-06,8.9314738715984276E-08,-3.8483603930217214E-06
38.219984907656908,-2.4403595924377441,0.033745080232620239,-2.3501067161560059,-0.028582816943526268,-0.00088691990822553635,0.0243939608335495,0.7850000262260437,0,1.5701302289962769,0,268.4551243125797,6.7141709223506041E-06,2.1243558023797959E-07,-5.7224538068112452E-06
38.239984899759293,-2.4409337043762207,0.033758457750082016,-2.3496179580688477,-0.028712842613458633,2.9485152481356636E-05,0.024485064670443535,0.7850000262260437,0,1.5705292224884033,0,268.4551243125797,6.4020100580819417E-06,1.771612261336486E-07,-7.5165253292652778E-06
38.259984891861677,-2.4421205520629883,0.033758264034986496,-2.3494391441345215,-0.026854325085878372,0.000604273343924433,0.022929072380065918,0.7850000262260437,0,1.5699095726013184,0,268.4551243125797,6.43843168290914E-06,-3.1630676744498487E-08,-7.5582729550660588E-06
38.279984883964062,-2.4428939819335938,0.033788401633501053,-2.34975528717041,-0.024656036868691444,0.0006341733387671411,0.021055338904261589,0.7850000262260437,0,1.5698316097259521,0,268.4551243125797,5.6747126109257806E-06,-1.9717047905487561E-07,-6.6631218942347914E-06
38.299984876066446,-2.443389892578125,0.03375336155295372,-2.3493330478668213,-0.024885714054107666,-0.00026247103232890368,0.021223869174718857,0.7850000262260437,0,1.570467472076416,0,268.4551243125797,4.7303146857302636E-06,-1.8191450124049879E-07,-5.5544046517752577E-06
38.319984868168831,-2.4435744285583496,0.033784788101911545,-2.3492655754089355,-0.023749731481075287,0.0004944463144056499,0.020255012437701225,0.7850000262260437,0,1.5699019432067871,0,268.4551243125797,4.8248293751385063E-06,3.6175563877804962E-08,-5.6640360526216682E-06
38.339984860271215,-2.4440457820892334,0.033754829317331314,-2.3488659858703613,-0.023541782051324844,-0.00012362923007458448,0.02004939503967762,0.7850000262260437,0,1.5705958604812622,0,268.4551243125797,4.4234466258785687E-06,-1.7562177845320548E-07,-5.1880197133868933E-06
38.3599848523736,-2.4442281723022461,0.033744841814041138,-2.3483030796051025,-0.025762759149074554,-0.0011601342121139169,0.021940842270851135,0.7850000262260437,0,1.5700361728668213,0,268.4551243125797,4.3284717321512289E-06,1.204230049012267E-08,-5.0753537834680174E-06
38.379984844475985,-2.4453918933868408,0.033747076988220215,-2.3481450080871582,-0.025762077420949936,-3.0003051506355405E-05,0.021880136802792549,0.7850000262260437,0,1.5713924169540405,0,268.4551243125797,5.2255877562856767E-06,2.2841969382625393E-07,-6.1217956499604043E-06
38.399984836578369,-2.4455833435058594,0.033751130104064941,-2.3478603363037109,-0.027178550139069557,-0.0006400315323844552,0.023083224892616272,0.7850000262260437,0,1.5701709985733032,0,268.4551243125797,6.8547888076864183E-06,4.6199158276749586E-08,-4.1580165088817012E-06
38.419984828680754,-2.4460883140563965,0.033770859241485596,-2.3474321365356445,-0.02532413974404335,0.00060917495284229517,0.02149595320224762,0.7850000262260437,0,1.5704499483108521,0,268.4551243125797,5.8603259276424069E-06,1.2212360900321073E-07,-6.8476024353003595E-06
38.439984820783138,-2.4468927383422852,0.0337524339556694,-2.3466744422912598,-0.025252126157283783,-0.00013296506949700415,0.021434782072901726,0.7850000262260437,0,1.571015477180481,0,268.4551243125797,4.9950340326176956E-06,-1.6265559565908916E-07,-5.8364303185953759E-06
38.459984812885523,-2.4470813274383545,0.033768579363822937,-2.3466038703918457,-0.023867201060056686,0.000444483186583966,0.020259255543351173,0.7850000262260437,0,1.5704565048217773,0,268.4551243125797,6.5469243963889312E-06,2.5716239804296492E-08,-3.9657234083279036E-06
38.479984804987907,-2.4472355842590332,0.0337565541267395,-2.3460698127746582,-0.024353766813874245,-0.00050855730660259724,0.020672241225838661,0.7850000262260437,0,1.5698926448822021,0,268.4551243125797,4.4783387238567229E-06,-1.102151898635384E-07,-5.2325954129628371E-06
38.499984797090292,-2.4477224349975586,0.033765800297260284,-2.3456568717956543,-0.024253504350781441,-3.3316533517790958E-05,0.020598499104380608,0.7850000262260437,0,1.5696245431900024,0,268.4551243125797,4.6450595618807711E-06,6.248530581842715E-08,-5.421658897830639E-06
38.519984789192677,-2.4478535652160645,0.033770706504583359,-2.3446381092071533,-0.023955449461936951,-0.00011465851275715977,0.020345333963632584,0.7850000262260437,0,1.5701755285263062,0,268.4551243125797,4.6104823923087679E-06,-5.6360850209102864E-08,-5.3816270337847527E-06
38.539984781295061,-2.4486374855041504,0.033749718219041824,-2.3434226512908936,-0.022826224565505981,7.2257229476235807E-05,0.019386265426874161,0.7850000262260437,0,1.5708394050598145,0,268.4551243125797,4.4058438106731046E-06,1.2925124082130424E-08,-5.1478746172506362E-06
38.559984773397446,-2.449364185333252,0.0337534174323082,-2.3427305221557617,-0.02147449366748333,0.00033961187000386417,0.01823827251791954,0.7850000262260437,0,1.5713993310928345,0,268.4551243125797,5.3188300626061391E-06,2.2209876604506462E-08,-3.2226394068857189E-06
38.57998476549983,-2.4497075080871582,0.033714007586240768,-2.3424386978149414,-0.022319180890917778,-0.00046804713201709092,0.018955687060952187,0.7850000262260437,0,1.5719472169876099,0,268.4551243125797,4.7043508857314009E-06,-3.4658935277320779E-08,-2.8535646379168611E-06
38.599984757602215,-2.4505233764648438,0.033736743032932281,-2.3421690464019775,-0.023543220013380051,-0.00050256919348612428,0.019995298236608505,0.7850000262260437,0,1.5725110769271851,0,268.4551243125797,5.0134412958868779E-06,1.6552354509258294E-07,-3.0440212412941037E-06
38.6199847497046,-2.4510269165039063,0.03374982625246048,-2.3417387008666992,-0.02508622407913208,-0.0005911816842854023,0.021409276872873306,0.7850000262260437,0,1.5701237916946411,0,268.4551243125797,5.6703274822211824E-06,1.1958685774970945E-07,-3.4471079288778128E-06
38.639984741806984,-2.451279878616333,0.033748060464859009,-2.3402440547943115,-0.0264603141695261,-0.00095854909159243107,0.022581927478313446,0.7850000262260437,0,1.57077956199646,0,268.4551243125797,4.9414397835789714E-06,9.4581281473438139E-08,-5.8013174566440284E-06
38.659984733909369,-2.4521768093109131,0.03373027965426445,-2.3399004936218262,-0.027627116069197655,-0.000598480983171612,0.023577708750963211,0.7850000262260437,0,1.5713405609130859,0,268.4551243125797,6.27094004812534E-06,2.4968761636046111E-07,-5.3516032494371757E-06
38.679984726011753,-2.4531316757202148,0.033752430230379105,-2.3391766548156738,-0.025667734444141388,0.00060114299412816763,0.021905558183789253,0.7850000262260437,0,1.5720032453536987,0,268.4551243125797,7.790084055159241E-06,1.8703555326737842E-07,-4.7499524953309447E-06
38.699984718114138,-2.4536161422729492,0.0337630920112133,-2.338761568069458,-0.024030806496739388,0.00053729600040242076,0.02054537832736969,0.7850000262260437,0,1.5711287260055542,0,268.4551243125797,6.77130583426333E-06,-7.7118414765209309E-08,-4.1345556383021176E-06
38.719984710216522,-2.4538033008575439,0.033756047487258911,-2.3386890888214111,-0.024018803611397743,-9.00503946468234E-05,0.02053515613079071,0.7850000262260437,0,1.5705639123916626,0,268.4551243125797,6.0022466641385108E-06,-1.0675253747649549E-07,-3.6656902011600323E-06
38.739984702318907,-2.4543187618255615,0.033732086420059204,-2.3382499217987061,-0.025558238849043846,-0.000679401564411819,0.02180071733891964,0.7850000262260437,0,1.5717185735702515,0,268.4551243125797,4.529822945187334E-06,-9.4235386161045653E-10,-5.3317862693802454E-06
38.759984694421291,-2.4548623561859131,0.033729139715433121,-2.3377852439880371,-0.027229424566030502,-0.00083510408876463771,0.023229550570249557,0.7850000262260437,0,1.5716450214385986,0,268.4551243125797,6.7741334532911424E-06,2.0443843595785438E-07,-4.1310795495519415E-06
38.779984686523676,-2.4554727077484131,0.033747047185897827,-2.33769154548645,-0.027986742556095123,-0.0002463621785864234,0.02387566864490509,0.7850000262260437,0,1.5709836483001709,0,268.4551243125797,7.62642412155401E-06,2.5408925807823834E-07,-4.6507575461873785E-06
38.79998467862606,-2.4563291072845459,0.033746063709259033,-2.3368847370147705,-0.027875222265720367,-0.00019938715558964759,0.023780591785907745,0.7850000262260437,0,1.5715467929840088,0,268.4551243125797,8.1378866525483318E-06,6.2007700307731284E-08,-4.95671065436909E-06
38.819984670728445,-2.4568614959716797,0.033725809305906296,-2.3360257148742676,-0.028786469250917435,-0.00061377341626212,0.024558033794164658,0.7850000262260437,0,1.572199821472168,0,268.4551243125797,7.9861110862111673E-06,9.1221352249704069E-08,-4.8697838792577386E-06
38.83998466283083,-2.4574341773986816,0.0337536558508873,-2.3355343341827393,-0.028607197105884552,-1.2373333447612822E-05,0.024469278752803802,0.7850000262260437,0,1.5709060430526733,0,268.4551243125797,8.4309740486787632E-06,2.6969257760356413E-07,-5.1472579798428342E-06
38.859984654933214,-2.4579823017120361,0.033764172345399857,-2.3350651264190674,-0.027445282787084579,0.00031190679874271154,0.023492347449064255,0.7850000262260437,0,1.5705480575561523,0,268.4551243125797,8.46179773361655E-06,4.9995549922243754E-09,-5.1683150559256319E-06
38.8799846470356,-2.4582347869873047,0.033759571611881256,-2.3349368572235107,-0.027300626039505005,2.0244246115908027E-05,0.023368479683995247,0.7850000262260437,0,1.5699843168258667,0,268.4551243125797,5.8862469813902862E-06,-9.9248381957295351E-08,-6.9364709815999959E-06
38.899984639137983,-2.4588005542755127,0.033741187304258347,-2.33445405960083,-0.028383500874042511,-0.000505954260006547,0.024238560348749161,0.7850000262260437,0,1.5711355209350586,0,268.4551243125797,5.8533296396490186E-06,-3.2832613072741879E-08,-6.8904546424164437E-06
38.919984631240368,-2.4596967697143555,0.033733002841472626,-2.3336117267608643,-0.029923263937234879,-0.00091948808403685689,0.025553524494171143,0.7850000262260437,0,1.5716935396194458,0,268.4551243125797,8.2759179349523038E-06,1.4691730143567838E-07,-5.0478124649089295E-06
38.939984623342752,-2.4603323936462402,0.03373495489358902,-2.3330669403076172,-0.031814143061637878,-0.00088565709302201867,0.027205992490053177,0.7850000262260437,0,1.5710071325302124,0,268.4551243125797,9.166559721052181E-06,3.1191282801046327E-07,-5.59676345801563E-06
38.959984615445137,-2.4612681865692139,0.033767275512218475,-2.3326961994171143,-0.029366908594965935,0.00085669750114902854,0.025113290175795555,0.7850000262260437,0,1.5715773105621338,0,268.4551243125797,1.0440449841553345E-05,2.6704364586294105E-07,-6.375942120939726E-06
38.979984607547522,-2.4619178771972656,0.033731929957866669,-2.3321380615234375,-0.032624609768390656,-0.0016168360598385334,0.027981158345937729,0.7850000262260437,0,1.5701216459274292,0,268.4551243125797,8.8729475464788266E-06,-1.9538309459221637E-07,-5.42506586498348E-06
38.999984599649906,-2.4622936248779297,0.03375764936208725,-2.3308403491973877,-0.032920137047767639,-0.00039730645949020982,0.028214002028107643,0.7850000262260437,0,1.5704817771911621,0,268.4551243125797,8.3220666056149639E-06,4.1068417999667872E-07,-9.8201862783753313E-06
39.019984591752291,-2.4631319046020508,0.033761549741029739,-2.3305411338806152,-0.0327642448246479,-7.2936250944621861E-05,0.028080321848392487,0.7850000262260437,0,1.5703846216201782,0,268.4551243125797,8.4878247434971854E-06,6.7408180370875925E-08,-1.0013422070187517E-05
39.039984583854675,-2.4637622833251953,0.033762216567993164,-2.3300025463104248,-0.031535670161247253,0.00047894992167130113,0.026993647217750549,0.7850000262260437,0,1.5710000991821289,0,268.4551243125797,8.3943632489535958E-06,-6.5379630598272342E-08,-9.90138141787611E-06
39.05998457595706,-2.4640829563140869,0.03376498818397522,-2.3298158645629883,-0.030512791126966476,0.00041826354572549462,0.026118149980902672,0.7850000262260437,0,1.5704444646835327,0,268.4551243125797,1.0251211278955452E-05,-1.2567964802201459E-07,-6.2673457250639331E-06
39.079984568059444,-2.4653439521789551,0.033748265355825424,-2.3295726776123047,-0.030640734359622,-0.00014820072101429105,0.026206113398075104,0.7850000262260437,0,1.5708500146865845,0,268.4551243125797,7.34288960302365E-06,-1.248452576874115E-07,-8.6514073700527661E-06
39.099984560161829,-2.465583324432373,0.033773668110370636,-2.3289613723754883,-0.028727345168590546,0.00056613213382661343,0.024569705128669739,0.7850000262260437,0,1.5702863931655884,0,268.4551243125797,9.70248038356658E-06,5.1711335657955715E-08,-5.9247654462524224E-06
39.119984552264214,-2.4664175510406494,0.033747348934412,-2.3282475471496582,-0.028854820877313614,-0.00011634003749350086,0.024678688496351242,0.7850000262260437,0,1.5703821182250977,0,268.4551243125797,6.4951573222060688E-06,-1.959173658860891E-07,-7.6444484875537455E-06
39.1399845443666,-2.4670209884643555,0.033726129680871964,-2.3277320861816406,-0.030256370082497597,-0.00076195813016965985,0.025795770809054375,0.7850000262260437,0,1.5719389915466309,0,268.4551243125797,6.5242793425568379E-06,8.1608710900127335E-08,-7.6796550274593756E-06
39.159984536468983,-2.4669620990753174,0.03375069797039032,-2.3269476890563965,-0.029642436653375626,-1.6445927030872554E-05,0.025277899578213692,0.7850000262260437,0,1.5718231201171875,0,268.4551243125797,9.4044817160465755E-06,2.9089829922668287E-07,-5.7346169342054054E-06
39.179984528571367,-2.4666311740875244,0.033727478235960007,-2.3262782096862793,-0.033537395298480988,-0.0020376131869852543,0.028599424287676811,0.7850000262260437,0,1.5705934762954712,0,268.4551243125797,8.98545295058284E-06,6.4256639120685577E-08,-5.47980152987293E-06
39.199984520673752,-2.4672360420227051,0.033755667507648468,-2.3253381252288818,-0.032809775322675705,-1.976884959731251E-06,0.027978859841823578,0.7850000262260437,0,1.5712558031082153,0,268.4551243125797,8.9011300588026643E-06,5.3802278898729128E-07,-1.0453197319293395E-05
39.219984512776136,-2.467886209487915,0.033753320574760437,-2.3247830867767334,-0.032544743269681931,4.2174400732619688E-05,0.027767499908804893,0.7850000262260437,0,1.5709941387176514,0,268.4551243125797,1.1007698049070314E-05,4.2405755351637708E-08,-6.7053897510049865E-06
39.239984504878521,-2.4686036109924316,0.033740006387233734,-2.3243997097015381,-0.032445281744003296,-5.4957585234660655E-05,0.027682706713676453,0.7850000262260437,0,1.5716477632522583,0,268.4551243125797,1.0903116162808146E-05,-1.2932263038223368E-09,-6.64207300360431E-06
39.259984496980906,-2.4692707061767578,0.033730629831552505,-2.3238296508789063,-0.033383041620254517,-0.00051246676594018936,0.028470329940319061,0.7850000262260437,0,1.5718638896942139,0,268.4551243125797,1.0708535228332039E-05,7.943986446434792E-08,-6.53214465273777E-06
39.27998448908329,-2.4699196815490723,0.033753093332052231,-2.3232746124267578,-0.032512061297893524,0.00031887032673694193,0.027751779183745384,0.7850000262260437,0,1.5714302062988281,0,268.4551243125797,1.1465214811323676E-05,2.4910633555919048E-07,-6.9929938035784289E-06
39.299984481185675,-2.4705147743225098,0.033742595463991165,-2.3223612308502197,-0.031902629882097244,5.4980711865937337E-05,0.027231641113758087,0.7850000262260437,0,1.5720869302749634,0,268.4551243125797,1.0875507541641127E-05,-4.3353960421654847E-08,-6.6343282014713623E-06
39.319984473288059,-2.4715163707733154,0.033727645874023438,-2.3219189643859863,-0.033173203468322754,-0.00067351956386119127,0.028316251933574677,0.7850000262260437,0,1.5726461410522461,0,268.4551243125797,1.0384505003457889E-05,1.0149219775712481E-07,-6.3431730268348474E-06
39.339984465390444,-2.4721527099609375,0.033768985420465469,-2.3213729858398438,-0.031853284686803818,0.00054875871865078807,0.027304317802190781,0.7850000262260437,0,1.5705658197402954,0,268.4551243125797,1.125621929531917E-05,2.5635839051574294E-07,-6.8830622694804333E-06
39.359984457492828,-2.4728212356567383,0.0337703637778759,-2.3212110996246338,-0.031137753278017044,0.00033751630689948797,0.0266908947378397,0.7850000262260437,0,1.5699100494384766,0,268.4551243125797,7.9408018791582435E-06,-1.8505807020119391E-07,-9.3714234026265331E-06
39.379984449595213,-2.4739029407501221,0.03373505175113678,-2.3203740119934082,-0.032258804887533188,-0.000711304834112525,0.027651788666844368,0.7850000262260437,0,1.5705676078796387,0,268.4551243125797,7.65599270380335E-06,-2.1817187700889917E-07,-9.0246339823352173E-06
39.3999844416976,-2.4748053550720215,0.033767446875572205,-2.3195235729217529,-0.030217858031392097,0.00081808085087686777,0.025902250781655312,0.7850000262260437,0,1.5711337327957153,0,268.4551243125797,8.11289282864891E-06,2.7517199896465172E-07,-9.5748973762965761E-06
39.419984433799982,-2.4753904342651367,0.033759009093046188,-2.3190221786499023,-0.029259821400046349,0.00032454385655000806,0.025086916983127594,0.7850000262260437,0,1.5710166692733765,0,268.4551243125797,9.392811989528127E-06,-2.3453965525277454E-07,-5.7527613535057753E-06
39.439984425902367,-2.4764361381530762,0.033736024051904678,-2.3182132244110107,-0.030506832525134087,-0.00068186904536560178,0.026156134903430939,0.7850000262260437,0,1.5716731548309326,0,268.4551243125797,8.8347969722235575E-06,-7.604901242075357E-08,-5.4115153034217656E-06
39.459984418004751,-2.4772822856903076,0.033752642571926117,-2.3174877166748047,-0.029423002153635025,0.00039601919706910849,0.025226932018995285,0.7850000262260437,0,1.5717670917510986,0,268.4551243125797,9.5521345429006033E-06,2.480499290413718E-07,-5.8582163546816446E-06
39.479984410107136,-2.4779148101806641,0.033732756972312927,-2.3169431686401367,-0.031630069017410278,-0.0012605682713910937,0.027184952050447464,0.7850000262260437,0,1.5705714225769043,0,268.4551243125797,8.9507830125512555E-06,-5.5086665895487386E-08,-5.490931016538525E-06
39.49998440220952,-2.4785821437835693,0.03373849019408226,-2.3163700103759766,-0.033390522003173828,-0.00099870853591710329,0.0286998450756073,0.7850000262260437,0,1.5705374479293823,0,268.4551243125797,7.8476787166437134E-06,3.3710094271555135E-07,-9.28707595448941E-06
39.519984394311905,-2.4792559146881104,0.033752605319023132,-2.315791130065918,-0.033770646899938583,-0.00031587164266966283,0.029028022661805153,0.7850000262260437,0,1.5705081224441528,0,268.4551243125797,8.7296284618787467E-06,2.7171725491825782E-07,-1.0330201803299133E-05
39.539984386414289,-2.4799308776855469,0.033758658915758133,-2.3152110576629639,-0.033740472048521042,2.9566825105575845E-05,0.028998937457799911,0.7850000262260437,0,1.5705630779266357,0,268.4551243125797,8.9140903583029285E-06,6.192128410020814E-08,-1.0547792953730095E-05
39.559984378516674,-2.4801905155181885,0.033754643052816391,-2.3149130344390869,-0.034508507698774338,-0.00065396347781643271,0.029658973217010498,0.7850000262260437,0,1.5699049234390259,0,268.4551243125797,8.9247751020593569E-06,-3.8279516445527406E-08,-1.0560322152741719E-05
39.579984370619059,-2.48091459274292,0.03373434767127037,-2.314293384552002,-0.036083094775676727,-0.00086028291843831539,0.030941788107156754,0.7850000262260437,0,1.5710335969924927,0,268.4551243125797,9.3633443611906841E-06,1.0678219553028612E-07,-1.1066015758842696E-05
39.599984362721443,-2.4813430309295654,0.0337308868765831,-2.3135147094726563,-0.038512766361236572,-0.0015251735458150506,0.0330253504216671,0.7850000262260437,0,1.5704613924026489,0,268.4551243125797,1.3479140761774033E-05,3.0197182354640972E-07,-8.2574933912837878E-06
39.619984354823828,-2.4821200370788574,0.033750850707292557,-2.3128483295440674,-0.038791865110397339,-0.0003976031148340553,0.033258777111768723,0.7850000262260437,0,1.570551872253418,0,268.4551243125797,1.164447621704312E-05,5.3538167321676156E-07,-1.3746447621088009E-05
